STRUCTURE,STRUCTURE_ID,ACTION,FREQ,REF_AREA,INDICATOR,SEX,AGE,URBANISATION,UNIT_MEASURE,COMP_BREAKDOWN_1,COMP_BREAKDOWN_2,COMP_BREAKDOWN_3,TIME_PERIOD,OBS_VALUE,AGG_METHOD,UNIT_TYPE,DECIMALS,DATABASE_ID,TIME_FORMAT,UNIT_MULT,OBS_STATUS,OBS_CONF,FREQ_LABEL,REF_AREA_LABEL,INDICATOR_LABEL,SEX_LABEL,AGE_LABEL,URBANISATION_LABEL,UNIT_MEASURE_LABEL,COMP_BREAKDOWN_1_LABEL,COMP_BREAKDOWN_2_LABEL,COMP_BREAKDOWN_3_LABEL,AGG_METHOD_LABEL,UNIT_TYPE_LABEL,DECIMALS_LABEL,DATABASE_ID_LABEL,TIME_FORMAT_LABEL,UNIT_MULT_LABEL,OBS_STATUS_LABEL,OBS_CONF_LABEL
datastructure,WB.DATA360:DS_DATA360(1.3),I,A,ZMB,WB_WDI_SN_ITK_SVFI_ZS,_T,_T,_T,PT,_Z,_Z,_Z,2015,22.4,_Z,RATIO,2,WB_WDI,P1Y,0,A,PU,Annual,Zambia,Prevalence of severe food insecurity in the population (%),Total,All age ranges or no breakdown by age,Total,Percentage,Not Applicable,Not Applicable,Not Applicable,Not Applicable,Ratio,Two,World Development Indicators (WDI),Annual,Units,Normal value,Public
datastructure,WB.DATA360:DS_DATA360(1.3),I,A,ZWE,WB_WDI_SN_ITK_SVFI_ZS,_T,_T,_T,PT,_Z,_Z,_Z,2015,35.5,_Z,RATIO,2,WB_WDI,P1Y,0,A,PU,Annual,Zimbabwe,Prevalence of severe food insecurity in the population (%),Total,All age ranges or no breakdown by age,Total,Percentage,Not Applicable,Not Applicable,Not Applicable,Not Applicable,Ratio,Two,World Development Indicators (WDI),Annual,Units,Normal value,Public
datastructure,WB.DATA360:DS_DATA360(1.3),I,A,AFE,WB_WDI_SN_ITK_SVFI_ZS,_T,_T,_T,PT,_Z,_Z,_Z,2016,23.7961556,_Z,RATIO,2,WB_WDI,P1Y,0,A,PU,Annual,Africa Eastern and Southern,Prevalence of severe food insecurity in the population (%),Total,All age ranges or no breakdown by age,Total,Percentage,Not Applicable,Not Applicable,Not Applicable,Not Applicable,Ratio,Two,World Development Indicators (WDI),Annual,Units,Normal value,Public
datastructure,WB.DATA360:DS_DATA360(1.3),I,A,AFW,WB_WDI_SN_ITK_SVFI_ZS,_T,_T,_T,PT,_Z,_Z,_Z,2016,14.9773491,_Z,RATIO,2,WB_WDI,P1Y,0,A,PU,Annual,Africa Western and Central,Prevalence of severe food insecurity in the population (%),Total,All age ranges or no breakdown by age,Total,Percentage,Not Applicable,Not Applicable,Not Applicable,Not Applicable,Ratio,Two,World Development Indicators (WDI),Annual,Units,Normal value,Public
datastructure,WB.DATA360:DS_DATA360(1.3),I,A,EAS,WB_WDI_SN_ITK_SVFI_ZS,_T,_T,_T,PT,_Z,_Z,_Z,2016,1.67442,_Z,RATIO,2,WB_WDI,P1Y,0,A,PU,Annual,East Asia & Pacific,Prevalence of severe food insecurity in the population (%),Total,All age ranges or no breakdown by age,Total,Percentage,Not Applicable,Not Applicable,Not Applicable,Not Applicable,Ratio,Two,World Development Indicators (WDI),Annual,Units,Normal value,Public
datastructure,WB.DATA360:DS_DATA360(1.3),I,A,TEA,WB_WDI_SN_ITK_SVFI_ZS,_T,_T,_T,PT,_Z,_Z,_Z,2016,1.7819526,_Z,RATIO,2,WB_WDI,P1Y,0,A,PU,Annual,East Asia & Pacific (IDA & IBRD),Prevalence of severe food insecurity in the population (%),Total,All age ranges or no breakdown by age,Total,Percentage,Not Applicable,Not Applicable,Not Applicable,Not Applicable,Ratio,Two,World Development Indicators (WDI),Annual,Units,Normal value,Public
datastructure,WB.DATA360:DS_DATA360(1.3),I,A,ZWE,WB_WDI_SN_ITK_SVFI_ZS,_T,_T,_T,PT,_Z,_Z,_Z,2017,35.9,_Z,RATIO,2,WB_WDI,P1Y,0,A,PU,Annual,Zimbabwe,Prevalence of severe food insecurity in the population (%),Total,All age ranges or no breakdown by age,Total,Percentage,Not Applicable,Not Applicable,Not Applicable,Not Applicable,Ratio,Two,World Development Indicators (WDI),Annual,Units,Normal value,Public
datastructure,WB.DATA360:DS_DATA360(1.3),I,A,AFE,WB_WDI_SN_ITK_SVFI_ZS,_T,_T,_T,PT,_Z,_Z,_Z,2018,23.1249825,_Z,RATIO,2,WB_WDI,P1Y,0,A,PU,Annual,Africa Eastern and Southern,Prevalence of severe food insecurity in the population (%),Total,All age ranges or no breakdown by age,Total,Percentage,Not Applicable,Not Applicable,Not Applicable,Not Applicable,Ratio,Two,World Development Indicators (WDI),Annual,Units,Normal value,Public
datastructure,WB.DATA360:DS_DATA360(1.3),I,A,AFW,WB_WDI_SN_ITK_SVFI_ZS,_T,_T,_T,PT,_Z,_Z,_Z,2018,16.6534514,_Z,RATIO,2,WB_WDI,P1Y,0,A,PU,Annual,Africa Western and Central,Prevalence of severe food insecurity in the population (%),Total,All age ranges or no breakdown by age,Total,Percentage,Not Applicable,Not Applicable,Not Applicable,Not Applicable,Ratio,Two,World Development Indicators (WDI),Annual,Units,Normal value,Public
datastructure,WB.DATA360:DS_DATA360(1.3),I,A,EAS,WB_WDI_SN_ITK_SVFI_ZS,_T,_T,_T,PT,_Z,_Z,_Z,2018,1.9506486,_Z,RATIO,2,WB_WDI,P1Y,0,A,PU,Annual,East Asia & Pacific,Prevalence of severe food insecurity in the population (%),Total,All age ranges or no breakdown by age,Total,Percentage,Not Applicable,Not Applicable,Not Applicable,Not Applicable,Ratio,Two,World Development Indicators (WDI),Annual,Units,Normal value,Public
datastructure,WB.DATA360:DS_DATA360(1.3),I,A,TEA,WB_WDI_SN_ITK_SVFI_ZS,_T,_T,_T,PT,_Z,_Z,_Z,2018,2.0612044,_Z,RATIO,2,WB_WDI,P1Y,0,A,PU,Annual,East Asia & Pacific (IDA & IBRD),Prevalence of severe food insecurity in the population (%),Total,All age ranges or no breakdown by age,Total,Percentage,Not Applicable,Not Applicable,Not Applicable,Not Applicable,Ratio,Two,World Development Indicators (WDI),Annual,Units,Normal value,Public
datastructure,WB.DATA360:DS_DATA360(1.3),I,A,ECS,WB_WDI_SN_ITK_SVFI_ZS,_T,_T,_T,PT,_Z,_Z,_Z,2018,1.54559,_Z,RATIO,2,WB_WDI,P1Y,0,A,PU,Annual,Europe & Central Asia,Prevalence of severe food insecurity in the population (%),Total,All age ranges or no breakdown by age,Total,Percentage,Not Applicable,Not Applicable,Not Applicable,Not Applicable,Ratio,Two,World Development Indicators (WDI),Annual,Units,Normal value,Public
datastructure,WB.DATA360:DS_DATA360(1.3),I,A,AFE,WB_WDI_SN_ITK_SVFI_ZS,_T,_T,_T,PT,_Z,_Z,_Z,2015,21.4256133,_Z,RATIO,2,WB_WDI,P1Y,0,A,PU,Annual,Africa Eastern and Southern,Prevalence of severe food insecurity in the population (%),Total,All age ranges or no breakdown by age,Total,Percentage,Not Applicable,Not Applicable,Not Applicable,Not Applicable,Ratio,Two,World Development Indicators (WDI),Annual,Units,Normal value,Public
datastructure,WB.DATA360:DS_DATA360(1.3),I,A,AFW,WB_WDI_SN_ITK_SVFI_ZS,_T,_T,_T,PT,_Z,_Z,_Z,2015,13.4899383,_Z,RATIO,2,WB_WDI,P1Y,0,A,PU,Annual,Africa Western and Central,Prevalence of severe food insecurity in the population (%),Total,All age ranges or no breakdown by age,Total,Percentage,Not Applicable,Not Applicable,Not Applicable,Not Applicable,Ratio,Two,World Development Indicators (WDI),Annual,Units,Normal value,Public
datastructure,WB.DATA360:DS_DATA360(1.3),I,A,EAS,WB_WDI_SN_ITK_SVFI_ZS,_T,_T,_T,PT,_Z,_Z,_Z,2015,1.1344889,_Z,RATIO,2,WB_WDI,P1Y,0,A,PU,Annual,East Asia & Pacific,Prevalence of severe food insecurity in the population (%),Total,All age ranges or no breakdown by age,Total,Percentage,Not Applicable,Not Applicable,Not Applicable,Not Applicable,Ratio,Two,World Development Indicators (WDI),Annual,Units,Normal value,Public
datastructure,WB.DATA360:DS_DATA360(1.3),I,A,TEA,WB_WDI_SN_ITK_SVFI_ZS,_T,_T,_T,PT,_Z,_Z,_Z,2015,1.2077033,_Z,RATIO,2,WB_WDI,P1Y,0,A,PU,Annual,East Asia & Pacific (IDA & IBRD),Prevalence of severe food insecurity in the population (%),Total,All age ranges or no breakdown by age,Total,Percentage,Not Applicable,Not Applicable,Not Applicable,Not Applicable,Ratio,Two,World Development Indicators (WDI),Annual,Units,Normal value,Public
datastructure,WB.DATA360:DS_DATA360(1.3),I,A,PSE,WB_WDI_SN_ITK_SVFI_ZS,_T,_T,_T,PT,_Z,_Z,_Z,2018,4.2,_Z,RATIO,2,WB_WDI,P1Y,0,A,PU,Annual,West Bank and Gaza,Prevalence of severe food insecurity in the population (%),Total,All age ranges or no breakdown by age,Total,Percentage,Not Applicable,Not Applicable,Not Applicable,Not Applicable,Ratio,Two,World Development Indicators (WDI),Annual,Units,Normal value,Public
datastructure,WB.DATA360:DS_DATA360(1.3),I,A,ZMB,WB_WDI_SN_ITK_SVFI_ZS,_T,_T,_T,PT,_Z,_Z,_Z,2018,25.0,_Z,RATIO,2,WB_WDI,P1Y,0,A,PU,Annual,Zambia,Prevalence of severe food insecurity in the population (%),Total,All age ranges or no breakdown by age,Total,Percentage,Not Applicable,Not Applicable,Not Applicable,Not Applicable,Ratio,Two,World Development Indicators (WDI),Annual,Units,Normal value,Public
datastructure,WB.DATA360:DS_DATA360(1.3),I,A,ZWE,WB_WDI_SN_ITK_SVFI_ZS,_T,_T,_T,PT,_Z,_Z,_Z,2018,34.2,_Z,RATIO,2,WB_WDI,P1Y,0,A,PU,Annual,Zimbabwe,Prevalence of severe food insecurity in the population (%),Total,All age ranges or no breakdown by age,Total,Percentage,Not Applicable,Not Applicable,Not Applicable,Not Applicable,Ratio,Two,World Development Indicators (WDI),Annual,Units,Normal value,Public
datastructure,WB.DATA360:DS_DATA360(1.3),I,A,AFE,WB_WDI_SN_ITK_SVFI_ZS,_T,_T,_T,PT,_Z,_Z,_Z,2019,23.9858502,_Z,RATIO,2,WB_WDI,P1Y,0,A,PU,Annual,Africa Eastern and Southern,Prevalence of severe food insecurity in the population (%),Total,All age ranges or no breakdown by age,Total,Percentage,Not Applicable,Not Applicable,Not Applicable,Not Applicable,Ratio,Two,World Development Indicators (WDI),Annual,Units,Normal value,Public
datastructure,WB.DATA360:DS_DATA360(1.3),I,A,AFW,WB_WDI_SN_ITK_SVFI_ZS,_T,_T,_T,PT,_Z,_Z,_Z,2019,17.0244838,_Z,RATIO,2,WB_WDI,P1Y,0,A,PU,Annual,Africa Western and Central,Prevalence of severe food insecurity in the population (%),Total,All age ranges or no breakdown by age,Total,Percentage,Not Applicable,Not Applicable,Not Applicable,Not Applicable,Ratio,Two,World Development Indicators (WDI),Annual,Units,Normal value,Public
datastructure,WB.DATA360:DS_DATA360(1.3),I,A,EAS,WB_WDI_SN_ITK_SVFI_ZS,_T,_T,_T,PT,_Z,_Z,_Z,2019,1.5303562,_Z,RATIO,2,WB_WDI,P1Y,0,A,PU,Annual,East Asia & Pacific,Prevalence of severe food insecurity in the population (%),Total,All age ranges or no breakdown by age,Total,Percentage,Not Applicable,Not Applicable,Not Applicable,Not Applicable,Ratio,Two,World Development Indicators (WDI),Annual,Units,Normal value,Public
datastructure,WB.DATA360:DS_DATA360(1.3),I,A,PSE,WB_WDI_SN_ITK_SVFI_ZS,_T,_T,_T,PT,_Z,_Z,_Z,2019,3.8,_Z,RATIO,2,WB_WDI,P1Y,0,A,PU,Annual,West Bank and Gaza,Prevalence of severe food insecurity in the population (%),Total,All age ranges or no breakdown by age,Total,Percentage,Not Applicable,Not Applicable,Not Applicable,Not Applicable,Ratio,Two,World Development Indicators (WDI),Annual,Units,Normal value,Public
datastructure,WB.DATA360:DS_DATA360(1.3),I,A,ZMB,WB_WDI_SN_ITK_SVFI_ZS,_T,_T,_T,PT,_Z,_Z,_Z,2019,22.5,_Z,RATIO,2,WB_WDI,P1Y,0,A,PU,Annual,Zambia,Prevalence of severe food insecurity in the population (%),Total,All age ranges or no breakdown by age,Total,Percentage,Not Applicable,Not Applicable,Not Applicable,Not Applicable,Ratio,Two,World Development Indicators (WDI),Annual,Units,Normal value,Public
datastructure,WB.DATA360:DS_DATA360(1.3),I,A,ZWE,WB_WDI_SN_ITK_SVFI_ZS,_T,_T,_T,PT,_Z,_Z,_Z,2019,32.1,_Z,RATIO,2,WB_WDI,P1Y,0,A,PU,Annual,Zimbabwe,Prevalence of severe food insecurity in the population (%),Total,All age ranges or no breakdown by age,Total,Percentage,Not Applicable,Not Applicable,Not Applicable,Not Applicable,Ratio,Two,World Development Indicators (WDI),Annual,Units,Normal value,Public
datastructure,WB.DATA360:DS_DATA360(1.3),I,A,AFE,WB_WDI_SN_ITK_SVFI_ZS,_T,_T,_T,PT,_Z,_Z,_Z,2020,26.0082264,_Z,RATIO,2,WB_WDI,P1Y,0,A,PU,Annual,Africa Eastern and Southern,Prevalence of severe food insecurity in the population (%),Total,All age ranges or no breakdown by age,Total,Percentage,Not Applicable,Not Applicable,Not Applicable,Not Applicable,Ratio,Two,World Development Indicators (WDI),Annual,Units,Normal value,Public
datastructure,WB.DATA360:DS_DATA360(1.3),I,A,AFW,WB_WDI_SN_ITK_SVFI_ZS,_T,_T,_T,PT,_Z,_Z,_Z,2020,18.5463122,_Z,RATIO,2,WB_WDI,P1Y,0,A,PU,Annual,Africa Western and Central,Prevalence of severe food insecurity in the population (%),Total,All age ranges or no breakdown by age,Total,Percentage,Not Applicable,Not Applicable,Not Applicable,Not Applicable,Ratio,Two,World Development Indicators (WDI),Annual,Units,Normal value,Public
datastructure,WB.DATA360:DS_DATA360(1.3),I,A,EAS,WB_WDI_SN_ITK_SVFI_ZS,_T,_T,_T,PT,_Z,_Z,_Z,2020,2.0752631,_Z,RATIO,2,WB_WDI,P1Y,0,A,PU,Annual,East Asia & Pacific,Prevalence of severe food insecurity in the population (%),Total,All age ranges or no breakdown by age,Total,Percentage,Not Applicable,Not Applicable,Not Applicable,Not Applicable,Ratio,Two,World Development Indicators (WDI),Annual,Units,Normal value,Public
datastructure,WB.DATA360:DS_DATA360(1.3),I,A,TEA,WB_WDI_SN_ITK_SVFI_ZS,_T,_T,_T,PT,_Z,_Z,_Z,2020,2.2106041,_Z,RATIO,2,WB_WDI,P1Y,0,A,PU,Annual,East Asia & Pacific (IDA & IBRD),Prevalence of severe food insecurity in the population (%),Total,All age ranges or no breakdown by age,Total,Percentage,Not Applicable,Not Applicable,Not Applicable,Not Applicable,Ratio,Two,World Development Indicators (WDI),Annual,Units,Normal value,Public
datastructure,WB.DATA360:DS_DATA360(1.3),I,A,AFE,WB_WDI_SN_ITK_SVFI_ZS,_T,_T,_T,PT,_Z,_Z,_Z,2014,21.2839858,_Z,RATIO,2,WB_WDI,P1Y,0,A,PU,Annual,Africa Eastern and Southern,Prevalence of severe food insecurity in the population (%),Total,All age ranges or no breakdown by age,Total,Percentage,Not Applicable,Not Applicable,Not Applicable,Not Applicable,Ratio,Two,World Development Indicators (WDI),Annual,Units,Normal value,Public
datastructure,WB.DATA360:DS_DATA360(1.3),I,A,AFW,WB_WDI_SN_ITK_SVFI_ZS,_T,_T,_T,PT,_Z,_Z,_Z,2014,12.1816561,_Z,RATIO,2,WB_WDI,P1Y,0,A,PU,Annual,Africa Western and Central,Prevalence of severe food insecurity in the population (%),Total,All age ranges or no breakdown by age,Total,Percentage,Not Applicable,Not Applicable,Not Applicable,Not Applicable,Ratio,Two,World Development Indicators (WDI),Annual,Units,Normal value,Public
datastructure,WB.DATA360:DS_DATA360(1.3),I,A,ZMB,WB_WDI_SN_ITK_SVFI_ZS,_T,_T,_T,PT,_Z,_Z,_Z,2021,19.7,_Z,RATIO,2,WB_WDI,P1Y,0,A,PU,Annual,Zambia,Prevalence of severe food insecurity in the population (%),Total,All age ranges or no breakdown by age,Total,Percentage,Not Applicable,Not Applicable,Not Applicable,Not Applicable,Ratio,Two,World Development Indicators (WDI),Annual,Units,Normal value,Public
datastructure,WB.DATA360:DS_DATA360(1.3),I,A,ZWE,WB_WDI_SN_ITK_SVFI_ZS,_T,_T,_T,PT,_Z,_Z,_Z,2021,28.6,_Z,RATIO,2,WB_WDI,P1Y,0,A,PU,Annual,Zimbabwe,Prevalence of severe food insecurity in the population (%),Total,All age ranges or no breakdown by age,Total,Percentage,Not Applicable,Not Applicable,Not Applicable,Not Applicable,Ratio,Two,World Development Indicators (WDI),Annual,Units,Normal value,Public
datastructure,WB.DATA360:DS_DATA360(1.3),I,A,AFE,WB_WDI_SN_ITK_SVFI_ZS,_T,_T,_T,PT,_Z,_Z,_Z,2022,25.7616266,_Z,RATIO,2,WB_WDI,P1Y,0,A,PU,Annual,Africa Eastern and Southern,Prevalence of severe food insecurity in the population (%),Total,All age ranges or no breakdown by age,Total,Percentage,Not Applicable,Not Applicable,Not Applicable,Not Applicable,Ratio,Two,World Development Indicators (WDI),Annual,Units,Normal value,Public
datastructure,WB.DATA360:DS_DATA360(1.3),I,A,AFW,WB_WDI_SN_ITK_SVFI_ZS,_T,_T,_T,PT,_Z,_Z,_Z,2022,18.9972391,_Z,RATIO,2,WB_WDI,P1Y,0,A,PU,Annual,Africa Western and Central,Prevalence of severe food insecurity in the population (%),Total,All age ranges or no breakdown by age,Total,Percentage,Not Applicable,Not Applicable,Not Applicable,Not Applicable,Ratio,Two,World Development Indicators (WDI),Annual,Units,Normal value,Public
datastructure,WB.DATA360:DS_DATA360(1.3),I,A,EAS,WB_WDI_SN_ITK_SVFI_ZS,_T,_T,_T,PT,_Z,_Z,_Z,2022,1.3714803,_Z,RATIO,2,WB_WDI,P1Y,0,A,PU,Annual,East Asia & Pacific,Prevalence of severe food insecurity in the population (%),Total,All age ranges or no breakdown by age,Total,Percentage,Not Applicable,Not Applicable,Not Applicable,Not Applicable,Ratio,Two,World Development Indicators (WDI),Annual,Units,Normal value,Public
datastructure,WB.DATA360:DS_DATA360(1.3),I,A,TEA,WB_WDI_SN_ITK_SVFI_ZS,_T,_T,_T,PT,_Z,_Z,_Z,2022,1.4055059,_Z,RATIO,2,WB_WDI,P1Y,0,A,PU,Annual,East Asia & Pacific (IDA & IBRD),Prevalence of severe food insecurity in the population (%),Total,All age ranges or no breakdown by age,Total,Percentage,Not Applicable,Not Applicable,Not Applicable,Not Applicable,Ratio,Two,World Development Indicators (WDI),Annual,Units,Normal value,Public
datastructure,WB.DATA360:DS_DATA360(1.3),I,A,ECS,WB_WDI_SN_ITK_SVFI_ZS,_T,_T,_T,PT,_Z,_Z,_Z,2022,2.7421209,_Z,RATIO,2,WB_WDI,P1Y,0,A,PU,Annual,Europe & Central Asia,Prevalence of severe food insecurity in the population (%),Total,All age ranges or no breakdown by age,Total,Percentage,Not Applicable,Not Applicable,Not Applicable,Not Applicable,Ratio,Two,World Development Indicators (WDI),Annual,Units,Normal value,Public
datastructure,WB.DATA360:DS_DATA360(1.3),I,A,VNM,WB_WDI_SN_ITK_SVFI_ZS,_T,_T,_T,PT,_Z,_Z,_Z,2023,2.2,_Z,RATIO,2,WB_WDI,P1Y,0,A,PU,Annual,Vietnam,Prevalence of severe food insecurity in the population (%),Total,All age ranges or no breakdown by age,Total,Percentage,Not Applicable,Not Applicable,Not Applicable,Not Applicable,Ratio,Two,World Development Indicators (WDI),Annual,Units,Normal value,Public
datastructure,WB.DATA360:DS_DATA360(1.3),I,A,PSE,WB_WDI_SN_ITK_SVFI_ZS,_T,_T,_T,PT,_Z,_Z,_Z,2023,6.3,_Z,RATIO,2,WB_WDI,P1Y,0,A,PU,Annual,West Bank and Gaza,Prevalence of severe food insecurity in the population (%),Total,All age ranges or no breakdown by age,Total,Percentage,Not Applicable,Not Applicable,Not Applicable,Not Applicable,Ratio,Two,World Development Indicators (WDI),Annual,Units,Normal value,Public
datastructure,WB.DATA360:DS_DATA360(1.3),I,A,ZMB,WB_WDI_SN_ITK_SVFI_ZS,_T,_T,_T,PT,_Z,_Z,_Z,2023,17.2,_Z,RATIO,2,WB_WDI,P1Y,0,A,PU,Annual,Zambia,Prevalence of severe food insecurity in the population (%),Total,All age ranges or no breakdown by age,Total,Percentage,Not Applicable,Not Applicable,Not Applicable,Not Applicable,Ratio,Two,World Development Indicators (WDI),Annual,Units,Normal value,Public
datastructure,WB.DATA360:DS_DATA360(1.3),I,A,ZWE,WB_WDI_SN_ITK_SVFI_ZS,_T,_T,_T,PT,_Z,_Z,_Z,2023,25.1,_Z,RATIO,2,WB_WDI,P1Y,0,A,PU,Annual,Zimbabwe,Prevalence of severe food insecurity in the population (%),Total,All age ranges or no breakdown by age,Total,Percentage,Not Applicable,Not Applicable,Not Applicable,Not Applicable,Ratio,Two,World Development Indicators (WDI),Annual,Units,Normal value,Public
datastructure,WB.DATA360:DS_DATA360(1.3),I,A,AFE,WB_WDI_SN_ITK_SVFI_ZS,_T,_T,_T,PT,_Z,_Z,_Z,2024,26.0876309,_Z,RATIO,2,WB_WDI,P1Y,0,A,PU,Annual,Africa Eastern and Southern,Prevalence of severe food insecurity in the population (%),Total,All age ranges or no breakdown by age,Total,Percentage,Not Applicable,Not Applicable,Not Applicable,Not Applicable,Ratio,Two,World Development Indicators (WDI),Annual,Units,Normal value,Public
datastructure,WB.DATA360:DS_DATA360(1.3),I,A,AFW,WB_WDI_SN_ITK_SVFI_ZS,_T,_T,_T,PT,_Z,_Z,_Z,2024,21.4781413,_Z,RATIO,2,WB_WDI,P1Y,0,A,PU,Annual,Africa Western and Central,Prevalence of severe food insecurity in the population (%),Total,All age ranges or no breakdown by age,Total,Percentage,Not Applicable,Not Applicable,Not Applicable,Not Applicable,Ratio,Two,World Development Indicators (WDI),Annual,Units,Normal value,Public
datastructure,WB.DATA360:DS_DATA360(1.3),I,A,EAS,WB_WDI_SN_ITK_SVFI_ZS,_T,_T,_T,PT,_Z,_Z,_Z,2024,1.4430485,_Z,RATIO,2,WB_WDI,P1Y,0,A,PU,Annual,East Asia & Pacific,Prevalence of severe food insecurity in the population (%),Total,All age ranges or no breakdown by age,Total,Percentage,Not Applicable,Not Applicable,Not Applicable,Not Applicable,Ratio,Two,World Development Indicators (WDI),Annual,Units,Normal value,Public
datastructure,WB.DATA360:DS_DATA360(1.3),I,A,TEA,WB_WDI_SN_ITK_SVFI_ZS,_T,_T,_T,PT,_Z,_Z,_Z,2024,1.4423833,_Z,RATIO,2,WB_WDI,P1Y,0,A,PU,Annual,East Asia & Pacific (IDA & IBRD),Prevalence of severe food insecurity in the population (%),Total,All age ranges or no breakdown by age,Total,Percentage,Not Applicable,Not Applicable,Not Applicable,Not Applicable,Ratio,Two,World Development Indicators (WDI),Annual,Units,Normal value,Public
datastructure,WB.DATA360:DS_DATA360(1.3),I,A,ECS,WB_WDI_SN_ITK_SVFI_ZS,_T,_T,_T,PT,_Z,_Z,_Z,2024,2.3965131,_Z,RATIO,2,WB_WDI,P1Y,0,A,PU,Annual,Europe & Central Asia,Prevalence of severe food insecurity in the population (%),Total,All age ranges or no breakdown by age,Total,Percentage,Not Applicable,Not Applicable,Not Applicable,Not Applicable,Ratio,Two,World Development Indicators (WDI),Annual,Units,Normal value,Public
datastructure,WB.DATA360:DS_DATA360(1.3),I,A,TEC,WB_WDI_SN_ITK_SVFI_ZS,_T,_T,_T,PT,_Z,_Z,_Z,2024,2.6890951,_Z,RATIO,2,WB_WDI,P1Y,0,A,PU,Annual,Europe & Central Asia (IDA & IBRD),Prevalence of severe food insecurity in the population (%),Total,All age ranges or no breakdown by age,Total,Percentage,Not Applicable,Not Applicable,Not Applicable,Not Applicable,Ratio,Two,World Development Indicators (WDI),Annual,Units,Normal value,Public
datastructure,WB.DATA360:DS_DATA360(1.3),I,A,CAN,WB_WDI_SN_ITK_SVFI_ZS,_T,_T,_T,PT,_Z,_Z,_Z,2016,0.6,_Z,RATIO,2,WB_WDI,P1Y,0,A,PU,Annual,Canada,Prevalence of severe food insecurity in the population (%),Total,All age ranges or no breakdown by age,Total,Percentage,Not Applicable,Not Applicable,Not Applicable,Not Applicable,Ratio,Two,World Development Indicators (WDI),Annual,Units,Normal value,Public
datastructure,WB.DATA360:DS_DATA360(1.3),I,A,TCD,WB_WDI_SN_ITK_SVFI_ZS,_T,_T,_T,PT,_Z,_Z,_Z,2016,35.4,_Z,RATIO,2,WB_WDI,P1Y,0,A,PU,Annual,Chad,Prevalence of severe food insecurity in the population (%),Total,All age ranges or no breakdown by age,Total,Percentage,Not Applicable,Not Applicable,Not Applicable,Not Applicable,Ratio,Two,World Development Indicators (WDI),Annual,Units,Normal value,Public
datastructure,WB.DATA360:DS_DATA360(1.3),I,A,CHL,WB_WDI_SN_ITK_SVFI_ZS,_T,_T,_T,PT,_Z,_Z,_Z,2016,3.1,_Z,RATIO,2,WB_WDI,P1Y,0,A,PU,Annual,Chile,Prevalence of severe food insecurity in the population (%),Total,All age ranges or no breakdown by age,Total,Percentage,Not Applicable,Not Applicable,Not Applicable,Not Applicable,Ratio,Two,World Development Indicators (WDI),Annual,Units,Normal value,Public
datastructure,WB.DATA360:DS_DATA360(1.3),I,A,COL,WB_WDI_SN_ITK_SVFI_ZS,_T,_T,_T,PT,_Z,_Z,_Z,2016,4.7,_Z,RATIO,2,WB_WDI,P1Y,0,A,PU,Annual,Colombia,Prevalence of severe food insecurity in the population (%),Total,All age ranges or no breakdown by age,Total,Percentage,Not Applicable,Not Applicable,Not Applicable,Not Applicable,Ratio,Two,World Development Indicators (WDI),Annual,Units,Normal value,Public
datastructure,WB.DATA360:DS_DATA360(1.3),I,A,CRI,WB_WDI_SN_ITK_SVFI_ZS,_T,_T,_T,PT,_Z,_Z,_Z,2016,1.9,_Z,RATIO,2,WB_WDI,P1Y,0,A,PU,Annual,Costa Rica,Prevalence of severe food insecurity in the population (%),Total,All age ranges or no breakdown by age,Total,Percentage,Not Applicable,Not Applicable,Not Applicable,Not Applicable,Ratio,Two,World Development Indicators (WDI),Annual,Units,Normal value,Public
datastructure,WB.DATA360:DS_DATA360(1.3),I,A,HND,WB_WDI_SN_ITK_SVFI_ZS,_T,_T,_T,PT,_Z,_Z,_Z,2016,14.1,_Z,RATIO,2,WB_WDI,P1Y,0,A,PU,Annual,Honduras,Prevalence of severe food insecurity in the population (%),Total,All age ranges or no breakdown by age,Total,Percentage,Not Applicable,Not Applicable,Not Applicable,Not Applicable,Ratio,Two,World Development Indicators (WDI),Annual,Units,Normal value,Public
datastructure,WB.DATA360:DS_DATA360(1.3),I,A,HUN,WB_WDI_SN_ITK_SVFI_ZS,_T,_T,_T,PT,_Z,_Z,_Z,2016,1.1,_Z,RATIO,2,WB_WDI,P1Y,0,A,PU,Annual,Hungary,Prevalence of severe food insecurity in the population (%),Total,All age ranges or no breakdown by age,Total,Percentage,Not Applicable,Not Applicable,Not Applicable,Not Applicable,Ratio,Two,World Development Indicators (WDI),Annual,Units,Normal value,Public
datastructure,WB.DATA360:DS_DATA360(1.3),I,A,ISL,WB_WDI_SN_ITK_SVFI_ZS,_T,_T,_T,PT,_Z,_Z,_Z,2016,1.7,_Z,RATIO,2,WB_WDI,P1Y,0,A,PU,Annual,Iceland,Prevalence of severe food insecurity in the population (%),Total,All age ranges or no breakdown by age,Total,Percentage,Not Applicable,Not Applicable,Not Applicable,Not Applicable,Ratio,Two,World Development Indicators (WDI),Annual,Units,Normal value,Public
datastructure,WB.DATA360:DS_DATA360(1.3),I,A,IDN,WB_WDI_SN_ITK_SVFI_ZS,_T,_T,_T,PT,_Z,_Z,_Z,2016,0.9,_Z,RATIO,2,WB_WDI,P1Y,0,A,PU,Annual,Indonesia,Prevalence of severe food insecurity in the population (%),Total,All age ranges or no breakdown by age,Total,Percentage,Not Applicable,Not Applicable,Not Applicable,Not Applicable,Ratio,Two,World Development Indicators (WDI),Annual,Units,Normal value,Public
datastructure,WB.DATA360:DS_DATA360(1.3),I,A,IRN,WB_WDI_SN_ITK_SVFI_ZS,_T,_T,_T,PT,_Z,_Z,_Z,2016,9.3,_Z,RATIO,2,WB_WDI,P1Y,0,A,PU,Annual,"Iran, Islamic Rep.",Prevalence of severe food insecurity in the population (%),Total,All age ranges or no breakdown by age,Total,Percentage,Not Applicable,Not Applicable,Not Applicable,Not Applicable,Ratio,Two,World Development Indicators (WDI),Annual,Units,Normal value,Public
datastructure,WB.DATA360:DS_DATA360(1.3),I,A,IDN,WB_WDI_SN_ITK_SVFI_ZS,_T,_T,_T,PT,_Z,_Z,_Z,2017,0.9,_Z,RATIO,2,WB_WDI,P1Y,0,A,PU,Annual,Indonesia,Prevalence of severe food insecurity in the population (%),Total,All age ranges or no breakdown by age,Total,Percentage,Not Applicable,Not Applicable,Not Applicable,Not Applicable,Ratio,Two,World Development Indicators (WDI),Annual,Units,Normal value,Public
datastructure,WB.DATA360:DS_DATA360(1.3),I,A,IRN,WB_WDI_SN_ITK_SVFI_ZS,_T,_T,_T,PT,_Z,_Z,_Z,2017,8.7,_Z,RATIO,2,WB_WDI,P1Y,0,A,PU,Annual,"Iran, Islamic Rep.",Prevalence of severe food insecurity in the population (%),Total,All age ranges or no breakdown by age,Total,Percentage,Not Applicable,Not Applicable,Not Applicable,Not Applicable,Ratio,Two,World Development Indicators (WDI),Annual,Units,Normal value,Public
datastructure,WB.DATA360:DS_DATA360(1.3),I,A,IRL,WB_WDI_SN_ITK_SVFI_ZS,_T,_T,_T,PT,_Z,_Z,_Z,2017,2.9,_Z,RATIO,2,WB_WDI,P1Y,0,A,PU,Annual,Ireland,Prevalence of severe food insecurity in the population (%),Total,All age ranges or no breakdown by age,Total,Percentage,Not Applicable,Not Applicable,Not Applicable,Not Applicable,Ratio,Two,World Development Indicators (WDI),Annual,Units,Normal value,Public
datastructure,WB.DATA360:DS_DATA360(1.3),I,A,ISR,WB_WDI_SN_ITK_SVFI_ZS,_T,_T,_T,PT,_Z,_Z,_Z,2017,1.6,_Z,RATIO,2,WB_WDI,P1Y,0,A,PU,Annual,Israel,Prevalence of severe food insecurity in the population (%),Total,All age ranges or no breakdown by age,Total,Percentage,Not Applicable,Not Applicable,Not Applicable,Not Applicable,Ratio,Two,World Development Indicators (WDI),Annual,Units,Normal value,Public
datastructure,WB.DATA360:DS_DATA360(1.3),I,A,JAM,WB_WDI_SN_ITK_SVFI_ZS,_T,_T,_T,PT,_Z,_Z,_Z,2017,24.5,_Z,RATIO,2,WB_WDI,P1Y,0,A,PU,Annual,Jamaica,Prevalence of severe food insecurity in the population (%),Total,All age ranges or no breakdown by age,Total,Percentage,Not Applicable,Not Applicable,Not Applicable,Not Applicable,Ratio,Two,World Development Indicators (WDI),Annual,Units,Normal value,Public
datastructure,WB.DATA360:DS_DATA360(1.3),I,A,JPN,WB_WDI_SN_ITK_SVFI_ZS,_T,_T,_T,PT,_Z,_Z,_Z,2017,0.5,_Z,RATIO,2,WB_WDI,P1Y,0,A,PU,Annual,Japan,Prevalence of severe food insecurity in the population (%),Total,All age ranges or no breakdown by age,Total,Percentage,Not Applicable,Not Applicable,Not Applicable,Not Applicable,Ratio,Two,World Development Indicators (WDI),Annual,Units,Normal value,Public
datastructure,WB.DATA360:DS_DATA360(1.3),I,A,ECS,WB_WDI_SN_ITK_SVFI_ZS,_T,_T,_T,PT,_Z,_Z,_Z,2016,1.7831745,_Z,RATIO,2,WB_WDI,P1Y,0,A,PU,Annual,Europe & Central Asia,Prevalence of severe food insecurity in the population (%),Total,All age ranges or no breakdown by age,Total,Percentage,Not Applicable,Not Applicable,Not Applicable,Not Applicable,Ratio,Two,World Development Indicators (WDI),Annual,Units,Normal value,Public
datastructure,WB.DATA360:DS_DATA360(1.3),I,A,TEC,WB_WDI_SN_ITK_SVFI_ZS,_T,_T,_T,PT,_Z,_Z,_Z,2016,2.4130969,_Z,RATIO,2,WB_WDI,P1Y,0,A,PU,Annual,Europe & Central Asia (IDA & IBRD),Prevalence of severe food insecurity in the population (%),Total,All age ranges or no breakdown by age,Total,Percentage,Not Applicable,Not Applicable,Not Applicable,Not Applicable,Ratio,Two,World Development Indicators (WDI),Annual,Units,Normal value,Public
datastructure,WB.DATA360:DS_DATA360(1.3),I,A,HIC,WB_WDI_SN_ITK_SVFI_ZS,_T,_T,_T,PT,_Z,_Z,_Z,2016,1.4276526,_Z,RATIO,2,WB_WDI,P1Y,0,A,PU,Annual,High income,Prevalence of severe food insecurity in the population (%),Total,All age ranges or no breakdown by age,Total,Percentage,Not Applicable,Not Applicable,Not Applicable,Not Applicable,Ratio,Two,World Development Indicators (WDI),Annual,Units,Normal value,Public
datastructure,WB.DATA360:DS_DATA360(1.3),I,A,IBD,WB_WDI_SN_ITK_SVFI_ZS,_T,_T,_T,PT,_Z,_Z,_Z,2016,6.5785941,_Z,RATIO,2,WB_WDI,P1Y,0,A,PU,Annual,IBRD only,Prevalence of severe food insecurity in the population (%),Total,All age ranges or no breakdown by age,Total,Percentage,Not Applicable,Not Applicable,Not Applicable,Not Applicable,Ratio,Two,World Development Indicators (WDI),Annual,Units,Normal value,Public
datastructure,WB.DATA360:DS_DATA360(1.3),I,A,IBT,WB_WDI_SN_ITK_SVFI_ZS,_T,_T,_T,PT,_Z,_Z,_Z,2016,8.8877819,_Z,RATIO,2,WB_WDI,P1Y,0,A,PU,Annual,IDA & IBRD total,Prevalence of severe food insecurity in the population (%),Total,All age ranges or no breakdown by age,Total,Percentage,Not Applicable,Not Applicable,Not Applicable,Not Applicable,Ratio,Two,World Development Indicators (WDI),Annual,Units,Normal value,Public
datastructure,WB.DATA360:DS_DATA360(1.3),I,A,IDA,WB_WDI_SN_ITK_SVFI_ZS,_T,_T,_T,PT,_Z,_Z,_Z,2016,15.5784278,_Z,RATIO,2,WB_WDI,P1Y,0,A,PU,Annual,IDA total,Prevalence of severe food insecurity in the population (%),Total,All age ranges or no breakdown by age,Total,Percentage,Not Applicable,Not Applicable,Not Applicable,Not Applicable,Ratio,Two,World Development Indicators (WDI),Annual,Units,Normal value,Public
datastructure,WB.DATA360:DS_DATA360(1.3),I,A,LCN,WB_WDI_SN_ITK_SVFI_ZS,_T,_T,_T,PT,_Z,_Z,_Z,2016,7.5859967,_Z,RATIO,2,WB_WDI,P1Y,0,A,PU,Annual,Latin America & Caribbean,Prevalence of severe food insecurity in the population (%),Total,All age ranges or no breakdown by age,Total,Percentage,Not Applicable,Not Applicable,Not Applicable,Not Applicable,Ratio,Two,World Development Indicators (WDI),Annual,Units,Normal value,Public
datastructure,WB.DATA360:DS_DATA360(1.3),I,A,HND,WB_WDI_SN_ITK_SVFI_ZS,_T,_T,_T,PT,_Z,_Z,_Z,2018,14.0,_Z,RATIO,2,WB_WDI,P1Y,0,A,PU,Annual,Honduras,Prevalence of severe food insecurity in the population (%),Total,All age ranges or no breakdown by age,Total,Percentage,Not Applicable,Not Applicable,Not Applicable,Not Applicable,Ratio,Two,World Development Indicators (WDI),Annual,Units,Normal value,Public
datastructure,WB.DATA360:DS_DATA360(1.3),I,A,HUN,WB_WDI_SN_ITK_SVFI_ZS,_T,_T,_T,PT,_Z,_Z,_Z,2018,0.8,_Z,RATIO,2,WB_WDI,P1Y,0,A,PU,Annual,Hungary,Prevalence of severe food insecurity in the population (%),Total,All age ranges or no breakdown by age,Total,Percentage,Not Applicable,Not Applicable,Not Applicable,Not Applicable,Ratio,Two,World Development Indicators (WDI),Annual,Units,Normal value,Public
datastructure,WB.DATA360:DS_DATA360(1.3),I,A,ISL,WB_WDI_SN_ITK_SVFI_ZS,_T,_T,_T,PT,_Z,_Z,_Z,2018,1.5,_Z,RATIO,2,WB_WDI,P1Y,0,A,PU,Annual,Iceland,Prevalence of severe food insecurity in the population (%),Total,All age ranges or no breakdown by age,Total,Percentage,Not Applicable,Not Applicable,Not Applicable,Not Applicable,Ratio,Two,World Development Indicators (WDI),Annual,Units,Normal value,Public
datastructure,WB.DATA360:DS_DATA360(1.3),I,A,IDN,WB_WDI_SN_ITK_SVFI_ZS,_T,_T,_T,PT,_Z,_Z,_Z,2018,0.8,_Z,RATIO,2,WB_WDI,P1Y,0,A,PU,Annual,Indonesia,Prevalence of severe food insecurity in the population (%),Total,All age ranges or no breakdown by age,Total,Percentage,Not Applicable,Not Applicable,Not Applicable,Not Applicable,Ratio,Two,World Development Indicators (WDI),Annual,Units,Normal value,Public
datastructure,WB.DATA360:DS_DATA360(1.3),I,A,IRN,WB_WDI_SN_ITK_SVFI_ZS,_T,_T,_T,PT,_Z,_Z,_Z,2018,8.4,_Z,RATIO,2,WB_WDI,P1Y,0,A,PU,Annual,"Iran, Islamic Rep.",Prevalence of severe food insecurity in the population (%),Total,All age ranges or no breakdown by age,Total,Percentage,Not Applicable,Not Applicable,Not Applicable,Not Applicable,Ratio,Two,World Development Indicators (WDI),Annual,Units,Normal value,Public
datastructure,WB.DATA360:DS_DATA360(1.3),I,A,IRL,WB_WDI_SN_ITK_SVFI_ZS,_T,_T,_T,PT,_Z,_Z,_Z,2018,3.5,_Z,RATIO,2,WB_WDI,P1Y,0,A,PU,Annual,Ireland,Prevalence of severe food insecurity in the population (%),Total,All age ranges or no breakdown by age,Total,Percentage,Not Applicable,Not Applicable,Not Applicable,Not Applicable,Ratio,Two,World Development Indicators (WDI),Annual,Units,Normal value,Public
datastructure,WB.DATA360:DS_DATA360(1.3),I,A,ISR,WB_WDI_SN_ITK_SVFI_ZS,_T,_T,_T,PT,_Z,_Z,_Z,2018,1.8,_Z,RATIO,2,WB_WDI,P1Y,0,A,PU,Annual,Israel,Prevalence of severe food insecurity in the population (%),Total,All age ranges or no breakdown by age,Total,Percentage,Not Applicable,Not Applicable,Not Applicable,Not Applicable,Ratio,Two,World Development Indicators (WDI),Annual,Units,Normal value,Public
datastructure,WB.DATA360:DS_DATA360(1.3),I,A,MNE,WB_WDI_SN_ITK_SVFI_ZS,_T,_T,_T,PT,_Z,_Z,_Z,2018,2.2,_Z,RATIO,2,WB_WDI,P1Y,0,A,PU,Annual,Montenegro,Prevalence of severe food insecurity in the population (%),Total,All age ranges or no breakdown by age,Total,Percentage,Not Applicable,Not Applicable,Not Applicable,Not Applicable,Ratio,Two,World Development Indicators (WDI),Annual,Units,Normal value,Public
datastructure,WB.DATA360:DS_DATA360(1.3),I,A,NAM,WB_WDI_SN_ITK_SVFI_ZS,_T,_T,_T,PT,_Z,_Z,_Z,2018,31.3,_Z,RATIO,2,WB_WDI,P1Y,0,A,PU,Annual,Namibia,Prevalence of severe food insecurity in the population (%),Total,All age ranges or no breakdown by age,Total,Percentage,Not Applicable,Not Applicable,Not Applicable,Not Applicable,Ratio,Two,World Development Indicators (WDI),Annual,Units,Normal value,Public
datastructure,WB.DATA360:DS_DATA360(1.3),I,A,NPL,WB_WDI_SN_ITK_SVFI_ZS,_T,_T,_T,PT,_Z,_Z,_Z,2018,10.3,_Z,RATIO,2,WB_WDI,P1Y,0,A,PU,Annual,Nepal,Prevalence of severe food insecurity in the population (%),Total,All age ranges or no breakdown by age,Total,Percentage,Not Applicable,Not Applicable,Not Applicable,Not Applicable,Ratio,Two,World Development Indicators (WDI),Annual,Units,Normal value,Public
datastructure,WB.DATA360:DS_DATA360(1.3),I,A,NLD,WB_WDI_SN_ITK_SVFI_ZS,_T,_T,_T,PT,_Z,_Z,_Z,2018,1.7,_Z,RATIO,2,WB_WDI,P1Y,0,A,PU,Annual,Netherlands,Prevalence of severe food insecurity in the population (%),Total,All age ranges or no breakdown by age,Total,Percentage,Not Applicable,Not Applicable,Not Applicable,Not Applicable,Ratio,Two,World Development Indicators (WDI),Annual,Units,Normal value,Public
datastructure,WB.DATA360:DS_DATA360(1.3),I,A,NZL,WB_WDI_SN_ITK_SVFI_ZS,_T,_T,_T,PT,_Z,_Z,_Z,2018,4.4,_Z,RATIO,2,WB_WDI,P1Y,0,A,PU,Annual,New Zealand,Prevalence of severe food insecurity in the population (%),Total,All age ranges or no breakdown by age,Total,Percentage,Not Applicable,Not Applicable,Not Applicable,Not Applicable,Ratio,Two,World Development Indicators (WDI),Annual,Units,Normal value,Public
datastructure,WB.DATA360:DS_DATA360(1.3),I,A,JAM,WB_WDI_SN_ITK_SVFI_ZS,_T,_T,_T,PT,_Z,_Z,_Z,2018,23.0,_Z,RATIO,2,WB_WDI,P1Y,0,A,PU,Annual,Jamaica,Prevalence of severe food insecurity in the population (%),Total,All age ranges or no breakdown by age,Total,Percentage,Not Applicable,Not Applicable,Not Applicable,Not Applicable,Ratio,Two,World Development Indicators (WDI),Annual,Units,Normal value,Public
datastructure,WB.DATA360:DS_DATA360(1.3),I,A,JPN,WB_WDI_SN_ITK_SVFI_ZS,_T,_T,_T,PT,_Z,_Z,_Z,2018,0.7,_Z,RATIO,2,WB_WDI,P1Y,0,A,PU,Annual,Japan,Prevalence of severe food insecurity in the population (%),Total,All age ranges or no breakdown by age,Total,Percentage,Not Applicable,Not Applicable,Not Applicable,Not Applicable,Ratio,Two,World Development Indicators (WDI),Annual,Units,Normal value,Public
datastructure,WB.DATA360:DS_DATA360(1.3),I,A,KAZ,WB_WDI_SN_ITK_SVFI_ZS,_T,_T,_T,PT,_Z,_Z,_Z,2018,0.0,_Z,RATIO,2,WB_WDI,P1Y,0,A,PU,Annual,Kazakhstan,Prevalence of severe food insecurity in the population (%),Total,All age ranges or no breakdown by age,Total,Percentage,Not Applicable,Not Applicable,Not Applicable,Not Applicable,Ratio,Two,World Development Indicators (WDI),Annual,Units,Normal value,Public
datastructure,WB.DATA360:DS_DATA360(1.3),I,A,KEN,WB_WDI_SN_ITK_SVFI_ZS,_T,_T,_T,PT,_Z,_Z,_Z,2018,23.4,_Z,RATIO,2,WB_WDI,P1Y,0,A,PU,Annual,Kenya,Prevalence of severe food insecurity in the population (%),Total,All age ranges or no breakdown by age,Total,Percentage,Not Applicable,Not Applicable,Not Applicable,Not Applicable,Ratio,Two,World Development Indicators (WDI),Annual,Units,Normal value,Public
datastructure,WB.DATA360:DS_DATA360(1.3),I,A,KIR,WB_WDI_SN_ITK_SVFI_ZS,_T,_T,_T,PT,_Z,_Z,_Z,2018,8.0,_Z,RATIO,2,WB_WDI,P1Y,0,A,PU,Annual,Kiribati,Prevalence of severe food insecurity in the population (%),Total,All age ranges or no breakdown by age,Total,Percentage,Not Applicable,Not Applicable,Not Applicable,Not Applicable,Ratio,Two,World Development Indicators (WDI),Annual,Units,Normal value,Public
datastructure,WB.DATA360:DS_DATA360(1.3),I,A,KOR,WB_WDI_SN_ITK_SVFI_ZS,_T,_T,_T,PT,_Z,_Z,_Z,2018,0.0,_Z,RATIO,2,WB_WDI,P1Y,0,A,PU,Annual,"Korea, Rep.",Prevalence of severe food insecurity in the population (%),Total,All age ranges or no breakdown by age,Total,Percentage,Not Applicable,Not Applicable,Not Applicable,Not Applicable,Ratio,Two,World Development Indicators (WDI),Annual,Units,Normal value,Public
datastructure,WB.DATA360:DS_DATA360(1.3),I,A,KWT,WB_WDI_SN_ITK_SVFI_ZS,_T,_T,_T,PT,_Z,_Z,_Z,2018,4.9,_Z,RATIO,2,WB_WDI,P1Y,0,A,PU,Annual,Kuwait,Prevalence of severe food insecurity in the population (%),Total,All age ranges or no breakdown by age,Total,Percentage,Not Applicable,Not Applicable,Not Applicable,Not Applicable,Ratio,Two,World Development Indicators (WDI),Annual,Units,Normal value,Public
datastructure,WB.DATA360:DS_DATA360(1.3),I,A,IRL,WB_WDI_SN_ITK_SVFI_ZS,_T,_T,_T,PT,_Z,_Z,_Z,2016,2.8,_Z,RATIO,2,WB_WDI,P1Y,0,A,PU,Annual,Ireland,Prevalence of severe food insecurity in the population (%),Total,All age ranges or no breakdown by age,Total,Percentage,Not Applicable,Not Applicable,Not Applicable,Not Applicable,Ratio,Two,World Development Indicators (WDI),Annual,Units,Normal value,Public
datastructure,WB.DATA360:DS_DATA360(1.3),I,A,ISR,WB_WDI_SN_ITK_SVFI_ZS,_T,_T,_T,PT,_Z,_Z,_Z,2016,1.3,_Z,RATIO,2,WB_WDI,P1Y,0,A,PU,Annual,Israel,Prevalence of severe food insecurity in the population (%),Total,All age ranges or no breakdown by age,Total,Percentage,Not Applicable,Not Applicable,Not Applicable,Not Applicable,Ratio,Two,World Development Indicators (WDI),Annual,Units,Normal value,Public
datastructure,WB.DATA360:DS_DATA360(1.3),I,A,JAM,WB_WDI_SN_ITK_SVFI_ZS,_T,_T,_T,PT,_Z,_Z,_Z,2016,24.8,_Z,RATIO,2,WB_WDI,P1Y,0,A,PU,Annual,Jamaica,Prevalence of severe food insecurity in the population (%),Total,All age ranges or no breakdown by age,Total,Percentage,Not Applicable,Not Applicable,Not Applicable,Not Applicable,Ratio,Two,World Development Indicators (WDI),Annual,Units,Normal value,Public
datastructure,WB.DATA360:DS_DATA360(1.3),I,A,JPN,WB_WDI_SN_ITK_SVFI_ZS,_T,_T,_T,PT,_Z,_Z,_Z,2016,0.0,_Z,RATIO,2,WB_WDI,P1Y,0,A,PU,Annual,Japan,Prevalence of severe food insecurity in the population (%),Total,All age ranges or no breakdown by age,Total,Percentage,Not Applicable,Not Applicable,Not Applicable,Not Applicable,Ratio,Two,World Development Indicators (WDI),Annual,Units,Normal value,Public
datastructure,WB.DATA360:DS_DATA360(1.3),I,A,KEN,WB_WDI_SN_ITK_SVFI_ZS,_T,_T,_T,PT,_Z,_Z,_Z,2016,17.8,_Z,RATIO,2,WB_WDI,P1Y,0,A,PU,Annual,Kenya,Prevalence of severe food insecurity in the population (%),Total,All age ranges or no breakdown by age,Total,Percentage,Not Applicable,Not Applicable,Not Applicable,Not Applicable,Ratio,Two,World Development Indicators (WDI),Annual,Units,Normal value,Public
datastructure,WB.DATA360:DS_DATA360(1.3),I,A,KOR,WB_WDI_SN_ITK_SVFI_ZS,_T,_T,_T,PT,_Z,_Z,_Z,2016,0.0,_Z,RATIO,2,WB_WDI,P1Y,0,A,PU,Annual,"Korea, Rep.",Prevalence of severe food insecurity in the population (%),Total,All age ranges or no breakdown by age,Total,Percentage,Not Applicable,Not Applicable,Not Applicable,Not Applicable,Ratio,Two,World Development Indicators (WDI),Annual,Units,Normal value,Public
datastructure,WB.DATA360:DS_DATA360(1.3),I,A,AFG,WB_WDI_SN_ITK_SVFI_ZS,_T,_T,_T,PT,_Z,_Z,_Z,2019,19.8,_Z,RATIO,2,WB_WDI,P1Y,0,A,PU,Annual,Afghanistan,Prevalence of severe food insecurity in the population (%),Total,All age ranges or no breakdown by age,Total,Percentage,Not Applicable,Not Applicable,Not Applicable,Not Applicable,Ratio,Two,World Development Indicators (WDI),Annual,Units,Normal value,Public
datastructure,WB.DATA360:DS_DATA360(1.3),I,A,ALB,WB_WDI_SN_ITK_SVFI_ZS,_T,_T,_T,PT,_Z,_Z,_Z,2019,8.8,_Z,RATIO,2,WB_WDI,P1Y,0,A,PU,Annual,Albania,Prevalence of severe food insecurity in the population (%),Total,All age ranges or no breakdown by age,Total,Percentage,Not Applicable,Not Applicable,Not Applicable,Not Applicable,Ratio,Two,World Development Indicators (WDI),Annual,Units,Normal value,Public
datastructure,WB.DATA360:DS_DATA360(1.3),I,A,DZA,WB_WDI_SN_ITK_SVFI_ZS,_T,_T,_T,PT,_Z,_Z,_Z,2019,6.9,_Z,RATIO,2,WB_WDI,P1Y,0,A,PU,Annual,Algeria,Prevalence of severe food insecurity in the population (%),Total,All age ranges or no breakdown by age,Total,Percentage,Not Applicable,Not Applicable,Not Applicable,Not Applicable,Ratio,Two,World Development Indicators (WDI),Annual,Units,Normal value,Public
datastructure,WB.DATA360:DS_DATA360(1.3),I,A,AGO,WB_WDI_SN_ITK_SVFI_ZS,_T,_T,_T,PT,_Z,_Z,_Z,2019,26.9,_Z,RATIO,2,WB_WDI,P1Y,0,A,PU,Annual,Angola,Prevalence of severe food insecurity in the population (%),Total,All age ranges or no breakdown by age,Total,Percentage,Not Applicable,Not Applicable,Not Applicable,Not Applicable,Ratio,Two,World Development Indicators (WDI),Annual,Units,Normal value,Public
datastructure,WB.DATA360:DS_DATA360(1.3),I,A,ARG,WB_WDI_SN_ITK_SVFI_ZS,_T,_T,_T,PT,_Z,_Z,_Z,2019,12.6,_Z,RATIO,2,WB_WDI,P1Y,0,A,PU,Annual,Argentina,Prevalence of severe food insecurity in the population (%),Total,All age ranges or no breakdown by age,Total,Percentage,Not Applicable,Not Applicable,Not Applicable,Not Applicable,Ratio,Two,World Development Indicators (WDI),Annual,Units,Normal value,Public
datastructure,WB.DATA360:DS_DATA360(1.3),I,A,ARM,WB_WDI_SN_ITK_SVFI_ZS,_T,_T,_T,PT,_Z,_Z,_Z,2019,0.8,_Z,RATIO,2,WB_WDI,P1Y,0,A,PU,Annual,Armenia,Prevalence of severe food insecurity in the population (%),Total,All age ranges or no breakdown by age,Total,Percentage,Not Applicable,Not Applicable,Not Applicable,Not Applicable,Ratio,Two,World Development Indicators (WDI),Annual,Units,Normal value,Public
datastructure,WB.DATA360:DS_DATA360(1.3),I,A,AUS,WB_WDI_SN_ITK_SVFI_ZS,_T,_T,_T,PT,_Z,_Z,_Z,2019,3.3,_Z,RATIO,2,WB_WDI,P1Y,0,A,PU,Annual,Australia,Prevalence of severe food insecurity in the population (%),Total,All age ranges or no breakdown by age,Total,Percentage,Not Applicable,Not Applicable,Not Applicable,Not Applicable,Ratio,Two,World Development Indicators (WDI),Annual,Units,Normal value,Public
datastructure,WB.DATA360:DS_DATA360(1.3),I,A,AUT,WB_WDI_SN_ITK_SVFI_ZS,_T,_T,_T,PT,_Z,_Z,_Z,2019,0.9,_Z,RATIO,2,WB_WDI,P1Y,0,A,PU,Annual,Austria,Prevalence of severe food insecurity in the population (%),Total,All age ranges or no breakdown by age,Total,Percentage,Not Applicable,Not Applicable,Not Applicable,Not Applicable,Ratio,Two,World Development Indicators (WDI),Annual,Units,Normal value,Public
datastructure,WB.DATA360:DS_DATA360(1.3),I,A,AZE,WB_WDI_SN_ITK_SVFI_ZS,_T,_T,_T,PT,_Z,_Z,_Z,2019,0.0,_Z,RATIO,2,WB_WDI,P1Y,0,A,PU,Annual,Azerbaijan,Prevalence of severe food insecurity in the population (%),Total,All age ranges or no breakdown by age,Total,Percentage,Not Applicable,Not Applicable,Not Applicable,Not Applicable,Ratio,Two,World Development Indicators (WDI),Annual,Units,Normal value,Public
datastructure,WB.DATA360:DS_DATA360(1.3),I,A,GMB,WB_WDI_SN_ITK_SVFI_ZS,_T,_T,_T,PT,_Z,_Z,_Z,2016,23.6,_Z,RATIO,2,WB_WDI,P1Y,0,A,PU,Annual,"Gambia, The",Prevalence of severe food insecurity in the population (%),Total,All age ranges or no breakdown by age,Total,Percentage,Not Applicable,Not Applicable,Not Applicable,Not Applicable,Ratio,Two,World Development Indicators (WDI),Annual,Units,Normal value,Public
datastructure,WB.DATA360:DS_DATA360(1.3),I,A,GEO,WB_WDI_SN_ITK_SVFI_ZS,_T,_T,_T,PT,_Z,_Z,_Z,2016,7.9,_Z,RATIO,2,WB_WDI,P1Y,0,A,PU,Annual,Georgia,Prevalence of severe food insecurity in the population (%),Total,All age ranges or no breakdown by age,Total,Percentage,Not Applicable,Not Applicable,Not Applicable,Not Applicable,Ratio,Two,World Development Indicators (WDI),Annual,Units,Normal value,Public
datastructure,WB.DATA360:DS_DATA360(1.3),I,A,DEU,WB_WDI_SN_ITK_SVFI_ZS,_T,_T,_T,PT,_Z,_Z,_Z,2016,0.8,_Z,RATIO,2,WB_WDI,P1Y,0,A,PU,Annual,Germany,Prevalence of severe food insecurity in the population (%),Total,All age ranges or no breakdown by age,Total,Percentage,Not Applicable,Not Applicable,Not Applicable,Not Applicable,Ratio,Two,World Development Indicators (WDI),Annual,Units,Normal value,Public
datastructure,WB.DATA360:DS_DATA360(1.3),I,A,GHA,WB_WDI_SN_ITK_SVFI_ZS,_T,_T,_T,PT,_Z,_Z,_Z,2016,6.0,_Z,RATIO,2,WB_WDI,P1Y,0,A,PU,Annual,Ghana,Prevalence of severe food insecurity in the population (%),Total,All age ranges or no breakdown by age,Total,Percentage,Not Applicable,Not Applicable,Not Applicable,Not Applicable,Ratio,Two,World Development Indicators (WDI),Annual,Units,Normal value,Public
datastructure,WB.DATA360:DS_DATA360(1.3),I,A,GRC,WB_WDI_SN_ITK_SVFI_ZS,_T,_T,_T,PT,_Z,_Z,_Z,2016,3.2,_Z,RATIO,2,WB_WDI,P1Y,0,A,PU,Annual,Greece,Prevalence of severe food insecurity in the population (%),Total,All age ranges or no breakdown by age,Total,Percentage,Not Applicable,Not Applicable,Not Applicable,Not Applicable,Ratio,Two,World Development Indicators (WDI),Annual,Units,Normal value,Public
datastructure,WB.DATA360:DS_DATA360(1.3),I,A,GTM,WB_WDI_SN_ITK_SVFI_ZS,_T,_T,_T,PT,_Z,_Z,_Z,2016,17.0,_Z,RATIO,2,WB_WDI,P1Y,0,A,PU,Annual,Guatemala,Prevalence of severe food insecurity in the population (%),Total,All age ranges or no breakdown by age,Total,Percentage,Not Applicable,Not Applicable,Not Applicable,Not Applicable,Ratio,Two,World Development Indicators (WDI),Annual,Units,Normal value,Public
datastructure,WB.DATA360:DS_DATA360(1.3),I,A,CAF,WB_WDI_SN_ITK_SVFI_ZS,_T,_T,_T,PT,_Z,_Z,_Z,2020,56.3,_Z,RATIO,2,WB_WDI,P1Y,0,A,PU,Annual,Central African Republic,Prevalence of severe food insecurity in the population (%),Total,All age ranges or no breakdown by age,Total,Percentage,Not Applicable,Not Applicable,Not Applicable,Not Applicable,Ratio,Two,World Development Indicators (WDI),Annual,Units,Normal value,Public
datastructure,WB.DATA360:DS_DATA360(1.3),I,A,TCD,WB_WDI_SN_ITK_SVFI_ZS,_T,_T,_T,PT,_Z,_Z,_Z,2020,32.7,_Z,RATIO,2,WB_WDI,P1Y,0,A,PU,Annual,Chad,Prevalence of severe food insecurity in the population (%),Total,All age ranges or no breakdown by age,Total,Percentage,Not Applicable,Not Applicable,Not Applicable,Not Applicable,Ratio,Two,World Development Indicators (WDI),Annual,Units,Normal value,Public
datastructure,WB.DATA360:DS_DATA360(1.3),I,A,CHL,WB_WDI_SN_ITK_SVFI_ZS,_T,_T,_T,PT,_Z,_Z,_Z,2020,3.8,_Z,RATIO,2,WB_WDI,P1Y,0,A,PU,Annual,Chile,Prevalence of severe food insecurity in the population (%),Total,All age ranges or no breakdown by age,Total,Percentage,Not Applicable,Not Applicable,Not Applicable,Not Applicable,Ratio,Two,World Development Indicators (WDI),Annual,Units,Normal value,Public
datastructure,WB.DATA360:DS_DATA360(1.3),I,A,COL,WB_WDI_SN_ITK_SVFI_ZS,_T,_T,_T,PT,_Z,_Z,_Z,2020,5.0,_Z,RATIO,2,WB_WDI,P1Y,0,A,PU,Annual,Colombia,Prevalence of severe food insecurity in the population (%),Total,All age ranges or no breakdown by age,Total,Percentage,Not Applicable,Not Applicable,Not Applicable,Not Applicable,Ratio,Two,World Development Indicators (WDI),Annual,Units,Normal value,Public
datastructure,WB.DATA360:DS_DATA360(1.3),I,A,COM,WB_WDI_SN_ITK_SVFI_ZS,_T,_T,_T,PT,_Z,_Z,_Z,2020,27.4,_Z,RATIO,2,WB_WDI,P1Y,0,A,PU,Annual,Comoros,Prevalence of severe food insecurity in the population (%),Total,All age ranges or no breakdown by age,Total,Percentage,Not Applicable,Not Applicable,Not Applicable,Not Applicable,Ratio,Two,World Development Indicators (WDI),Annual,Units,Normal value,Public
datastructure,WB.DATA360:DS_DATA360(1.3),I,A,COD,WB_WDI_SN_ITK_SVFI_ZS,_T,_T,_T,PT,_Z,_Z,_Z,2020,39.2,_Z,RATIO,2,WB_WDI,P1Y,0,A,PU,Annual,"Congo, Dem. Rep.",Prevalence of severe food insecurity in the population (%),Total,All age ranges or no breakdown by age,Total,Percentage,Not Applicable,Not Applicable,Not Applicable,Not Applicable,Ratio,Two,World Development Indicators (WDI),Annual,Units,Normal value,Public
datastructure,WB.DATA360:DS_DATA360(1.3),I,A,CRI,WB_WDI_SN_ITK_SVFI_ZS,_T,_T,_T,PT,_Z,_Z,_Z,2020,2.8,_Z,RATIO,2,WB_WDI,P1Y,0,A,PU,Annual,Costa Rica,Prevalence of severe food insecurity in the population (%),Total,All age ranges or no breakdown by age,Total,Percentage,Not Applicable,Not Applicable,Not Applicable,Not Applicable,Ratio,Two,World Development Indicators (WDI),Annual,Units,Normal value,Public
datastructure,WB.DATA360:DS_DATA360(1.3),I,A,CIV,WB_WDI_SN_ITK_SVFI_ZS,_T,_T,_T,PT,_Z,_Z,_Z,2020,9.1,_Z,RATIO,2,WB_WDI,P1Y,0,A,PU,Annual,Côte d’Ivoire,Prevalence of severe food insecurity in the population (%),Total,All age ranges or no breakdown by age,Total,Percentage,Not Applicable,Not Applicable,Not Applicable,Not Applicable,Ratio,Two,World Development Indicators (WDI),Annual,Units,Normal value,Public
datastructure,WB.DATA360:DS_DATA360(1.3),I,A,HRV,WB_WDI_SN_ITK_SVFI_ZS,_T,_T,_T,PT,_Z,_Z,_Z,2020,1.6,_Z,RATIO,2,WB_WDI,P1Y,0,A,PU,Annual,Croatia,Prevalence of severe food insecurity in the population (%),Total,All age ranges or no breakdown by age,Total,Percentage,Not Applicable,Not Applicable,Not Applicable,Not Applicable,Ratio,Two,World Development Indicators (WDI),Annual,Units,Normal value,Public
datastructure,WB.DATA360:DS_DATA360(1.3),I,A,MWI,WB_WDI_SN_ITK_SVFI_ZS,_T,_T,_T,PT,_Z,_Z,_Z,2016,48.5,_Z,RATIO,2,WB_WDI,P1Y,0,A,PU,Annual,Malawi,Prevalence of severe food insecurity in the population (%),Total,All age ranges or no breakdown by age,Total,Percentage,Not Applicable,Not Applicable,Not Applicable,Not Applicable,Ratio,Two,World Development Indicators (WDI),Annual,Units,Normal value,Public
datastructure,WB.DATA360:DS_DATA360(1.3),I,A,MYS,WB_WDI_SN_ITK_SVFI_ZS,_T,_T,_T,PT,_Z,_Z,_Z,2016,6.7,_Z,RATIO,2,WB_WDI,P1Y,0,A,PU,Annual,Malaysia,Prevalence of severe food insecurity in the population (%),Total,All age ranges or no breakdown by age,Total,Percentage,Not Applicable,Not Applicable,Not Applicable,Not Applicable,Ratio,Two,World Development Indicators (WDI),Annual,Units,Normal value,Public
datastructure,WB.DATA360:DS_DATA360(1.3),I,A,MLT,WB_WDI_SN_ITK_SVFI_ZS,_T,_T,_T,PT,_Z,_Z,_Z,2016,1.4,_Z,RATIO,2,WB_WDI,P1Y,0,A,PU,Annual,Malta,Prevalence of severe food insecurity in the population (%),Total,All age ranges or no breakdown by age,Total,Percentage,Not Applicable,Not Applicable,Not Applicable,Not Applicable,Ratio,Two,World Development Indicators (WDI),Annual,Units,Normal value,Public
datastructure,WB.DATA360:DS_DATA360(1.3),I,A,MRT,WB_WDI_SN_ITK_SVFI_ZS,_T,_T,_T,PT,_Z,_Z,_Z,2016,5.0,_Z,RATIO,2,WB_WDI,P1Y,0,A,PU,Annual,Mauritania,Prevalence of severe food insecurity in the population (%),Total,All age ranges or no breakdown by age,Total,Percentage,Not Applicable,Not Applicable,Not Applicable,Not Applicable,Ratio,Two,World Development Indicators (WDI),Annual,Units,Normal value,Public
datastructure,WB.DATA360:DS_DATA360(1.3),I,A,MUS,WB_WDI_SN_ITK_SVFI_ZS,_T,_T,_T,PT,_Z,_Z,_Z,2016,5.9,_Z,RATIO,2,WB_WDI,P1Y,0,A,PU,Annual,Mauritius,Prevalence of severe food insecurity in the population (%),Total,All age ranges or no breakdown by age,Total,Percentage,Not Applicable,Not Applicable,Not Applicable,Not Applicable,Ratio,Two,World Development Indicators (WDI),Annual,Units,Normal value,Public
datastructure,WB.DATA360:DS_DATA360(1.3),I,A,CAN,WB_WDI_SN_ITK_SVFI_ZS,_T,_T,_T,PT,_Z,_Z,_Z,2019,0.9,_Z,RATIO,2,WB_WDI,P1Y,0,A,PU,Annual,Canada,Prevalence of severe food insecurity in the population (%),Total,All age ranges or no breakdown by age,Total,Percentage,Not Applicable,Not Applicable,Not Applicable,Not Applicable,Ratio,Two,World Development Indicators (WDI),Annual,Units,Normal value,Public
datastructure,WB.DATA360:DS_DATA360(1.3),I,A,TCD,WB_WDI_SN_ITK_SVFI_ZS,_T,_T,_T,PT,_Z,_Z,_Z,2019,38.4,_Z,RATIO,2,WB_WDI,P1Y,0,A,PU,Annual,Chad,Prevalence of severe food insecurity in the population (%),Total,All age ranges or no breakdown by age,Total,Percentage,Not Applicable,Not Applicable,Not Applicable,Not Applicable,Ratio,Two,World Development Indicators (WDI),Annual,Units,Normal value,Public
datastructure,WB.DATA360:DS_DATA360(1.3),I,A,CHL,WB_WDI_SN_ITK_SVFI_ZS,_T,_T,_T,PT,_Z,_Z,_Z,2019,3.6,_Z,RATIO,2,WB_WDI,P1Y,0,A,PU,Annual,Chile,Prevalence of severe food insecurity in the population (%),Total,All age ranges or no breakdown by age,Total,Percentage,Not Applicable,Not Applicable,Not Applicable,Not Applicable,Ratio,Two,World Development Indicators (WDI),Annual,Units,Normal value,Public
datastructure,WB.DATA360:DS_DATA360(1.3),I,A,COL,WB_WDI_SN_ITK_SVFI_ZS,_T,_T,_T,PT,_Z,_Z,_Z,2019,4.7,_Z,RATIO,2,WB_WDI,P1Y,0,A,PU,Annual,Colombia,Prevalence of severe food insecurity in the population (%),Total,All age ranges or no breakdown by age,Total,Percentage,Not Applicable,Not Applicable,Not Applicable,Not Applicable,Ratio,Two,World Development Indicators (WDI),Annual,Units,Normal value,Public
datastructure,WB.DATA360:DS_DATA360(1.3),I,A,COD,WB_WDI_SN_ITK_SVFI_ZS,_T,_T,_T,PT,_Z,_Z,_Z,2019,38.5,_Z,RATIO,2,WB_WDI,P1Y,0,A,PU,Annual,"Congo, Dem. Rep.",Prevalence of severe food insecurity in the population (%),Total,All age ranges or no breakdown by age,Total,Percentage,Not Applicable,Not Applicable,Not Applicable,Not Applicable,Ratio,Two,World Development Indicators (WDI),Annual,Units,Normal value,Public
datastructure,WB.DATA360:DS_DATA360(1.3),I,A,CRI,WB_WDI_SN_ITK_SVFI_ZS,_T,_T,_T,PT,_Z,_Z,_Z,2019,2.6,_Z,RATIO,2,WB_WDI,P1Y,0,A,PU,Annual,Costa Rica,Prevalence of severe food insecurity in the population (%),Total,All age ranges or no breakdown by age,Total,Percentage,Not Applicable,Not Applicable,Not Applicable,Not Applicable,Ratio,Two,World Development Indicators (WDI),Annual,Units,Normal value,Public
datastructure,WB.DATA360:DS_DATA360(1.3),I,A,PRY,WB_WDI_SN_ITK_SVFI_ZS,_T,_T,_T,PT,_Z,_Z,_Z,2016,1.5,_Z,RATIO,2,WB_WDI,P1Y,0,A,PU,Annual,Paraguay,Prevalence of severe food insecurity in the population (%),Total,All age ranges or no breakdown by age,Total,Percentage,Not Applicable,Not Applicable,Not Applicable,Not Applicable,Ratio,Two,World Development Indicators (WDI),Annual,Units,Normal value,Public
datastructure,WB.DATA360:DS_DATA360(1.3),I,A,PER,WB_WDI_SN_ITK_SVFI_ZS,_T,_T,_T,PT,_Z,_Z,_Z,2016,11.8,_Z,RATIO,2,WB_WDI,P1Y,0,A,PU,Annual,Peru,Prevalence of severe food insecurity in the population (%),Total,All age ranges or no breakdown by age,Total,Percentage,Not Applicable,Not Applicable,Not Applicable,Not Applicable,Ratio,Two,World Development Indicators (WDI),Annual,Units,Normal value,Public
datastructure,WB.DATA360:DS_DATA360(1.3),I,A,POL,WB_WDI_SN_ITK_SVFI_ZS,_T,_T,_T,PT,_Z,_Z,_Z,2016,1.2,_Z,RATIO,2,WB_WDI,P1Y,0,A,PU,Annual,Poland,Prevalence of severe food insecurity in the population (%),Total,All age ranges or no breakdown by age,Total,Percentage,Not Applicable,Not Applicable,Not Applicable,Not Applicable,Ratio,Two,World Development Indicators (WDI),Annual,Units,Normal value,Public
datastructure,WB.DATA360:DS_DATA360(1.3),I,A,PRT,WB_WDI_SN_ITK_SVFI_ZS,_T,_T,_T,PT,_Z,_Z,_Z,2016,3.5,_Z,RATIO,2,WB_WDI,P1Y,0,A,PU,Annual,Portugal,Prevalence of severe food insecurity in the population (%),Total,All age ranges or no breakdown by age,Total,Percentage,Not Applicable,Not Applicable,Not Applicable,Not Applicable,Ratio,Two,World Development Indicators (WDI),Annual,Units,Normal value,Public
datastructure,WB.DATA360:DS_DATA360(1.3),I,A,ROU,WB_WDI_SN_ITK_SVFI_ZS,_T,_T,_T,PT,_Z,_Z,_Z,2016,4.8,_Z,RATIO,2,WB_WDI,P1Y,0,A,PU,Annual,Romania,Prevalence of severe food insecurity in the population (%),Total,All age ranges or no breakdown by age,Total,Percentage,Not Applicable,Not Applicable,Not Applicable,Not Applicable,Ratio,Two,World Development Indicators (WDI),Annual,Units,Normal value,Public
datastructure,WB.DATA360:DS_DATA360(1.3),I,A,GBR,WB_WDI_SN_ITK_SVFI_ZS,_T,_T,_T,PT,_Z,_Z,_Z,2017,1.7,_Z,RATIO,2,WB_WDI,P1Y,0,A,PU,Annual,United Kingdom,Prevalence of severe food insecurity in the population (%),Total,All age ranges or no breakdown by age,Total,Percentage,Not Applicable,Not Applicable,Not Applicable,Not Applicable,Ratio,Two,World Development Indicators (WDI),Annual,Units,Normal value,Public
datastructure,WB.DATA360:DS_DATA360(1.3),I,A,USA,WB_WDI_SN_ITK_SVFI_ZS,_T,_T,_T,PT,_Z,_Z,_Z,2017,0.9,_Z,RATIO,2,WB_WDI,P1Y,0,A,PU,Annual,United States,Prevalence of severe food insecurity in the population (%),Total,All age ranges or no breakdown by age,Total,Percentage,Not Applicable,Not Applicable,Not Applicable,Not Applicable,Ratio,Two,World Development Indicators (WDI),Annual,Units,Normal value,Public
datastructure,WB.DATA360:DS_DATA360(1.3),I,A,UZB,WB_WDI_SN_ITK_SVFI_ZS,_T,_T,_T,PT,_Z,_Z,_Z,2017,2.2,_Z,RATIO,2,WB_WDI,P1Y,0,A,PU,Annual,Uzbekistan,Prevalence of severe food insecurity in the population (%),Total,All age ranges or no breakdown by age,Total,Percentage,Not Applicable,Not Applicable,Not Applicable,Not Applicable,Ratio,Two,World Development Indicators (WDI),Annual,Units,Normal value,Public
datastructure,WB.DATA360:DS_DATA360(1.3),I,A,VNM,WB_WDI_SN_ITK_SVFI_ZS,_T,_T,_T,PT,_Z,_Z,_Z,2017,0.0,_Z,RATIO,2,WB_WDI,P1Y,0,A,PU,Annual,Vietnam,Prevalence of severe food insecurity in the population (%),Total,All age ranges or no breakdown by age,Total,Percentage,Not Applicable,Not Applicable,Not Applicable,Not Applicable,Ratio,Two,World Development Indicators (WDI),Annual,Units,Normal value,Public
datastructure,WB.DATA360:DS_DATA360(1.3),I,A,PSE,WB_WDI_SN_ITK_SVFI_ZS,_T,_T,_T,PT,_Z,_Z,_Z,2017,4.4,_Z,RATIO,2,WB_WDI,P1Y,0,A,PU,Annual,West Bank and Gaza,Prevalence of severe food insecurity in the population (%),Total,All age ranges or no breakdown by age,Total,Percentage,Not Applicable,Not Applicable,Not Applicable,Not Applicable,Ratio,Two,World Development Indicators (WDI),Annual,Units,Normal value,Public
datastructure,WB.DATA360:DS_DATA360(1.3),I,A,ZMB,WB_WDI_SN_ITK_SVFI_ZS,_T,_T,_T,PT,_Z,_Z,_Z,2017,24.1,_Z,RATIO,2,WB_WDI,P1Y,0,A,PU,Annual,Zambia,Prevalence of severe food insecurity in the population (%),Total,All age ranges or no breakdown by age,Total,Percentage,Not Applicable,Not Applicable,Not Applicable,Not Applicable,Ratio,Two,World Development Indicators (WDI),Annual,Units,Normal value,Public
datastructure,WB.DATA360:DS_DATA360(1.3),I,A,TUN,WB_WDI_SN_ITK_SVFI_ZS,_T,_T,_T,PT,_Z,_Z,_Z,2016,9.3,_Z,RATIO,2,WB_WDI,P1Y,0,A,PU,Annual,Tunisia,Prevalence of severe food insecurity in the population (%),Total,All age ranges or no breakdown by age,Total,Percentage,Not Applicable,Not Applicable,Not Applicable,Not Applicable,Ratio,Two,World Development Indicators (WDI),Annual,Units,Normal value,Public
datastructure,WB.DATA360:DS_DATA360(1.3),I,A,UGA,WB_WDI_SN_ITK_SVFI_ZS,_T,_T,_T,PT,_Z,_Z,_Z,2016,24.0,_Z,RATIO,2,WB_WDI,P1Y,0,A,PU,Annual,Uganda,Prevalence of severe food insecurity in the population (%),Total,All age ranges or no breakdown by age,Total,Percentage,Not Applicable,Not Applicable,Not Applicable,Not Applicable,Ratio,Two,World Development Indicators (WDI),Annual,Units,Normal value,Public
datastructure,WB.DATA360:DS_DATA360(1.3),I,A,UKR,WB_WDI_SN_ITK_SVFI_ZS,_T,_T,_T,PT,_Z,_Z,_Z,2016,2.2,_Z,RATIO,2,WB_WDI,P1Y,0,A,PU,Annual,Ukraine,Prevalence of severe food insecurity in the population (%),Total,All age ranges or no breakdown by age,Total,Percentage,Not Applicable,Not Applicable,Not Applicable,Not Applicable,Ratio,Two,World Development Indicators (WDI),Annual,Units,Normal value,Public
datastructure,WB.DATA360:DS_DATA360(1.3),I,A,GBR,WB_WDI_SN_ITK_SVFI_ZS,_T,_T,_T,PT,_Z,_Z,_Z,2016,2.1,_Z,RATIO,2,WB_WDI,P1Y,0,A,PU,Annual,United Kingdom,Prevalence of severe food insecurity in the population (%),Total,All age ranges or no breakdown by age,Total,Percentage,Not Applicable,Not Applicable,Not Applicable,Not Applicable,Ratio,Two,World Development Indicators (WDI),Annual,Units,Normal value,Public
datastructure,WB.DATA360:DS_DATA360(1.3),I,A,USA,WB_WDI_SN_ITK_SVFI_ZS,_T,_T,_T,PT,_Z,_Z,_Z,2016,1.0,_Z,RATIO,2,WB_WDI,P1Y,0,A,PU,Annual,United States,Prevalence of severe food insecurity in the population (%),Total,All age ranges or no breakdown by age,Total,Percentage,Not Applicable,Not Applicable,Not Applicable,Not Applicable,Ratio,Two,World Development Indicators (WDI),Annual,Units,Normal value,Public
datastructure,WB.DATA360:DS_DATA360(1.3),I,A,IDN,WB_WDI_SN_ITK_SVFI_ZS,_T,_T,_T,PT,_Z,_Z,_Z,2015,0.7,_Z,RATIO,2,WB_WDI,P1Y,0,A,PU,Annual,Indonesia,Prevalence of severe food insecurity in the population (%),Total,All age ranges or no breakdown by age,Total,Percentage,Not Applicable,Not Applicable,Not Applicable,Not Applicable,Ratio,Two,World Development Indicators (WDI),Annual,Units,Normal value,Public
datastructure,WB.DATA360:DS_DATA360(1.3),I,A,IRN,WB_WDI_SN_ITK_SVFI_ZS,_T,_T,_T,PT,_Z,_Z,_Z,2015,9.5,_Z,RATIO,2,WB_WDI,P1Y,0,A,PU,Annual,"Iran, Islamic Rep.",Prevalence of severe food insecurity in the population (%),Total,All age ranges or no breakdown by age,Total,Percentage,Not Applicable,Not Applicable,Not Applicable,Not Applicable,Ratio,Two,World Development Indicators (WDI),Annual,Units,Normal value,Public
datastructure,WB.DATA360:DS_DATA360(1.3),I,A,IRL,WB_WDI_SN_ITK_SVFI_ZS,_T,_T,_T,PT,_Z,_Z,_Z,2015,3.4,_Z,RATIO,2,WB_WDI,P1Y,0,A,PU,Annual,Ireland,Prevalence of severe food insecurity in the population (%),Total,All age ranges or no breakdown by age,Total,Percentage,Not Applicable,Not Applicable,Not Applicable,Not Applicable,Ratio,Two,World Development Indicators (WDI),Annual,Units,Normal value,Public
datastructure,WB.DATA360:DS_DATA360(1.3),I,A,ISR,WB_WDI_SN_ITK_SVFI_ZS,_T,_T,_T,PT,_Z,_Z,_Z,2015,1.3,_Z,RATIO,2,WB_WDI,P1Y,0,A,PU,Annual,Israel,Prevalence of severe food insecurity in the population (%),Total,All age ranges or no breakdown by age,Total,Percentage,Not Applicable,Not Applicable,Not Applicable,Not Applicable,Ratio,Two,World Development Indicators (WDI),Annual,Units,Normal value,Public
datastructure,WB.DATA360:DS_DATA360(1.3),I,A,JAM,WB_WDI_SN_ITK_SVFI_ZS,_T,_T,_T,PT,_Z,_Z,_Z,2015,25.3,_Z,RATIO,2,WB_WDI,P1Y,0,A,PU,Annual,Jamaica,Prevalence of severe food insecurity in the population (%),Total,All age ranges or no breakdown by age,Total,Percentage,Not Applicable,Not Applicable,Not Applicable,Not Applicable,Ratio,Two,World Development Indicators (WDI),Annual,Units,Normal value,Public
datastructure,WB.DATA360:DS_DATA360(1.3),I,A,JPN,WB_WDI_SN_ITK_SVFI_ZS,_T,_T,_T,PT,_Z,_Z,_Z,2015,0.0,_Z,RATIO,2,WB_WDI,P1Y,0,A,PU,Annual,Japan,Prevalence of severe food insecurity in the population (%),Total,All age ranges or no breakdown by age,Total,Percentage,Not Applicable,Not Applicable,Not Applicable,Not Applicable,Ratio,Two,World Development Indicators (WDI),Annual,Units,Normal value,Public
datastructure,WB.DATA360:DS_DATA360(1.3),I,A,BGR,WB_WDI_SN_ITK_SVFI_ZS,_T,_T,_T,PT,_Z,_Z,_Z,2023,2.0,_Z,RATIO,2,WB_WDI,P1Y,0,A,PU,Annual,Bulgaria,Prevalence of severe food insecurity in the population (%),Total,All age ranges or no breakdown by age,Total,Percentage,Not Applicable,Not Applicable,Not Applicable,Not Applicable,Ratio,Two,World Development Indicators (WDI),Annual,Units,Normal value,Public
datastructure,WB.DATA360:DS_DATA360(1.3),I,A,BFA,WB_WDI_SN_ITK_SVFI_ZS,_T,_T,_T,PT,_Z,_Z,_Z,2023,7.3,_Z,RATIO,2,WB_WDI,P1Y,0,A,PU,Annual,Burkina Faso,Prevalence of severe food insecurity in the population (%),Total,All age ranges or no breakdown by age,Total,Percentage,Not Applicable,Not Applicable,Not Applicable,Not Applicable,Ratio,Two,World Development Indicators (WDI),Annual,Units,Normal value,Public
datastructure,WB.DATA360:DS_DATA360(1.3),I,A,BDI,WB_WDI_SN_ITK_SVFI_ZS,_T,_T,_T,PT,_Z,_Z,_Z,2023,20.9,_Z,RATIO,2,WB_WDI,P1Y,0,A,PU,Annual,Burundi,Prevalence of severe food insecurity in the population (%),Total,All age ranges or no breakdown by age,Total,Percentage,Not Applicable,Not Applicable,Not Applicable,Not Applicable,Ratio,Two,World Development Indicators (WDI),Annual,Units,Normal value,Public
datastructure,WB.DATA360:DS_DATA360(1.3),I,A,CPV,WB_WDI_SN_ITK_SVFI_ZS,_T,_T,_T,PT,_Z,_Z,_Z,2023,6.1,_Z,RATIO,2,WB_WDI,P1Y,0,A,PU,Annual,Cabo Verde,Prevalence of severe food insecurity in the population (%),Total,All age ranges or no breakdown by age,Total,Percentage,Not Applicable,Not Applicable,Not Applicable,Not Applicable,Ratio,Two,World Development Indicators (WDI),Annual,Units,Normal value,Public
datastructure,WB.DATA360:DS_DATA360(1.3),I,A,KHM,WB_WDI_SN_ITK_SVFI_ZS,_T,_T,_T,PT,_Z,_Z,_Z,2023,3.6,_Z,RATIO,2,WB_WDI,P1Y,0,A,PU,Annual,Cambodia,Prevalence of severe food insecurity in the population (%),Total,All age ranges or no breakdown by age,Total,Percentage,Not Applicable,Not Applicable,Not Applicable,Not Applicable,Ratio,Two,World Development Indicators (WDI),Annual,Units,Normal value,Public
datastructure,WB.DATA360:DS_DATA360(1.3),I,A,CMR,WB_WDI_SN_ITK_SVFI_ZS,_T,_T,_T,PT,_Z,_Z,_Z,2023,24.7,_Z,RATIO,2,WB_WDI,P1Y,0,A,PU,Annual,Cameroon,Prevalence of severe food insecurity in the population (%),Total,All age ranges or no breakdown by age,Total,Percentage,Not Applicable,Not Applicable,Not Applicable,Not Applicable,Ratio,Two,World Development Indicators (WDI),Annual,Units,Normal value,Public
datastructure,WB.DATA360:DS_DATA360(1.3),I,A,CAN,WB_WDI_SN_ITK_SVFI_ZS,_T,_T,_T,PT,_Z,_Z,_Z,2023,1.9,_Z,RATIO,2,WB_WDI,P1Y,0,A,PU,Annual,Canada,Prevalence of severe food insecurity in the population (%),Total,All age ranges or no breakdown by age,Total,Percentage,Not Applicable,Not Applicable,Not Applicable,Not Applicable,Ratio,Two,World Development Indicators (WDI),Annual,Units,Normal value,Public
datastructure,WB.DATA360:DS_DATA360(1.3),I,A,TCD,WB_WDI_SN_ITK_SVFI_ZS,_T,_T,_T,PT,_Z,_Z,_Z,2023,25.2,_Z,RATIO,2,WB_WDI,P1Y,0,A,PU,Annual,Chad,Prevalence of severe food insecurity in the population (%),Total,All age ranges or no breakdown by age,Total,Percentage,Not Applicable,Not Applicable,Not Applicable,Not Applicable,Ratio,Two,World Development Indicators (WDI),Annual,Units,Normal value,Public
datastructure,WB.DATA360:DS_DATA360(1.3),I,A,CHL,WB_WDI_SN_ITK_SVFI_ZS,_T,_T,_T,PT,_Z,_Z,_Z,2023,3.6,_Z,RATIO,2,WB_WDI,P1Y,0,A,PU,Annual,Chile,Prevalence of severe food insecurity in the population (%),Total,All age ranges or no breakdown by age,Total,Percentage,Not Applicable,Not Applicable,Not Applicable,Not Applicable,Ratio,Two,World Development Indicators (WDI),Annual,Units,Normal value,Public
datastructure,WB.DATA360:DS_DATA360(1.3),I,A,COL,WB_WDI_SN_ITK_SVFI_ZS,_T,_T,_T,PT,_Z,_Z,_Z,2023,5.0,_Z,RATIO,2,WB_WDI,P1Y,0,A,PU,Annual,Colombia,Prevalence of severe food insecurity in the population (%),Total,All age ranges or no breakdown by age,Total,Percentage,Not Applicable,Not Applicable,Not Applicable,Not Applicable,Ratio,Two,World Development Indicators (WDI),Annual,Units,Normal value,Public
datastructure,WB.DATA360:DS_DATA360(1.3),I,A,TJK,WB_WDI_SN_ITK_SVFI_ZS,_T,_T,_T,PT,_Z,_Z,_Z,2018,7.1,_Z,RATIO,2,WB_WDI,P1Y,0,A,PU,Annual,Tajikistan,Prevalence of severe food insecurity in the population (%),Total,All age ranges or no breakdown by age,Total,Percentage,Not Applicable,Not Applicable,Not Applicable,Not Applicable,Ratio,Two,World Development Indicators (WDI),Annual,Units,Normal value,Public
datastructure,WB.DATA360:DS_DATA360(1.3),I,A,TZA,WB_WDI_SN_ITK_SVFI_ZS,_T,_T,_T,PT,_Z,_Z,_Z,2018,24.9,_Z,RATIO,2,WB_WDI,P1Y,0,A,PU,Annual,Tanzania,Prevalence of severe food insecurity in the population (%),Total,All age ranges or no breakdown by age,Total,Percentage,Not Applicable,Not Applicable,Not Applicable,Not Applicable,Ratio,Two,World Development Indicators (WDI),Annual,Units,Normal value,Public
datastructure,WB.DATA360:DS_DATA360(1.3),I,A,THA,WB_WDI_SN_ITK_SVFI_ZS,_T,_T,_T,PT,_Z,_Z,_Z,2018,0.7,_Z,RATIO,2,WB_WDI,P1Y,0,A,PU,Annual,Thailand,Prevalence of severe food insecurity in the population (%),Total,All age ranges or no breakdown by age,Total,Percentage,Not Applicable,Not Applicable,Not Applicable,Not Applicable,Ratio,Two,World Development Indicators (WDI),Annual,Units,Normal value,Public
datastructure,WB.DATA360:DS_DATA360(1.3),I,A,TGO,WB_WDI_SN_ITK_SVFI_ZS,_T,_T,_T,PT,_Z,_Z,_Z,2018,15.4,_Z,RATIO,2,WB_WDI,P1Y,0,A,PU,Annual,Togo,Prevalence of severe food insecurity in the population (%),Total,All age ranges or no breakdown by age,Total,Percentage,Not Applicable,Not Applicable,Not Applicable,Not Applicable,Ratio,Two,World Development Indicators (WDI),Annual,Units,Normal value,Public
datastructure,WB.DATA360:DS_DATA360(1.3),I,A,TUN,WB_WDI_SN_ITK_SVFI_ZS,_T,_T,_T,PT,_Z,_Z,_Z,2018,9.7,_Z,RATIO,2,WB_WDI,P1Y,0,A,PU,Annual,Tunisia,Prevalence of severe food insecurity in the population (%),Total,All age ranges or no breakdown by age,Total,Percentage,Not Applicable,Not Applicable,Not Applicable,Not Applicable,Ratio,Two,World Development Indicators (WDI),Annual,Units,Normal value,Public
datastructure,WB.DATA360:DS_DATA360(1.3),I,A,MEX,WB_WDI_SN_ITK_SVFI_ZS,_T,_T,_T,PT,_Z,_Z,_Z,2016,3.3,_Z,RATIO,2,WB_WDI,P1Y,0,A,PU,Annual,Mexico,Prevalence of severe food insecurity in the population (%),Total,All age ranges or no breakdown by age,Total,Percentage,Not Applicable,Not Applicable,Not Applicable,Not Applicable,Ratio,Two,World Development Indicators (WDI),Annual,Units,Normal value,Public
datastructure,WB.DATA360:DS_DATA360(1.3),I,A,MDA,WB_WDI_SN_ITK_SVFI_ZS,_T,_T,_T,PT,_Z,_Z,_Z,2016,2.2,_Z,RATIO,2,WB_WDI,P1Y,0,A,PU,Annual,Moldova,Prevalence of severe food insecurity in the population (%),Total,All age ranges or no breakdown by age,Total,Percentage,Not Applicable,Not Applicable,Not Applicable,Not Applicable,Ratio,Two,World Development Indicators (WDI),Annual,Units,Normal value,Public
datastructure,WB.DATA360:DS_DATA360(1.3),I,A,MNE,WB_WDI_SN_ITK_SVFI_ZS,_T,_T,_T,PT,_Z,_Z,_Z,2016,2.2,_Z,RATIO,2,WB_WDI,P1Y,0,A,PU,Annual,Montenegro,Prevalence of severe food insecurity in the population (%),Total,All age ranges or no breakdown by age,Total,Percentage,Not Applicable,Not Applicable,Not Applicable,Not Applicable,Ratio,Two,World Development Indicators (WDI),Annual,Units,Normal value,Public
datastructure,WB.DATA360:DS_DATA360(1.3),I,A,NAM,WB_WDI_SN_ITK_SVFI_ZS,_T,_T,_T,PT,_Z,_Z,_Z,2016,29.6,_Z,RATIO,2,WB_WDI,P1Y,0,A,PU,Annual,Namibia,Prevalence of severe food insecurity in the population (%),Total,All age ranges or no breakdown by age,Total,Percentage,Not Applicable,Not Applicable,Not Applicable,Not Applicable,Ratio,Two,World Development Indicators (WDI),Annual,Units,Normal value,Public
datastructure,WB.DATA360:DS_DATA360(1.3),I,A,NZL,WB_WDI_SN_ITK_SVFI_ZS,_T,_T,_T,PT,_Z,_Z,_Z,2023,4.3,_Z,RATIO,2,WB_WDI,P1Y,0,A,PU,Annual,New Zealand,Prevalence of severe food insecurity in the population (%),Total,All age ranges or no breakdown by age,Total,Percentage,Not Applicable,Not Applicable,Not Applicable,Not Applicable,Ratio,Two,World Development Indicators (WDI),Annual,Units,Normal value,Public
datastructure,WB.DATA360:DS_DATA360(1.3),I,A,NER,WB_WDI_SN_ITK_SVFI_ZS,_T,_T,_T,PT,_Z,_Z,_Z,2023,7.6,_Z,RATIO,2,WB_WDI,P1Y,0,A,PU,Annual,Niger,Prevalence of severe food insecurity in the population (%),Total,All age ranges or no breakdown by age,Total,Percentage,Not Applicable,Not Applicable,Not Applicable,Not Applicable,Ratio,Two,World Development Indicators (WDI),Annual,Units,Normal value,Public
datastructure,WB.DATA360:DS_DATA360(1.3),I,A,NGA,WB_WDI_SN_ITK_SVFI_ZS,_T,_T,_T,PT,_Z,_Z,_Z,2023,24.3,_Z,RATIO,2,WB_WDI,P1Y,0,A,PU,Annual,Nigeria,Prevalence of severe food insecurity in the population (%),Total,All age ranges or no breakdown by age,Total,Percentage,Not Applicable,Not Applicable,Not Applicable,Not Applicable,Ratio,Two,World Development Indicators (WDI),Annual,Units,Normal value,Public
datastructure,WB.DATA360:DS_DATA360(1.3),I,A,MKD,WB_WDI_SN_ITK_SVFI_ZS,_T,_T,_T,PT,_Z,_Z,_Z,2023,3.4,_Z,RATIO,2,WB_WDI,P1Y,0,A,PU,Annual,North Macedonia,Prevalence of severe food insecurity in the population (%),Total,All age ranges or no breakdown by age,Total,Percentage,Not Applicable,Not Applicable,Not Applicable,Not Applicable,Ratio,Two,World Development Indicators (WDI),Annual,Units,Normal value,Public
datastructure,WB.DATA360:DS_DATA360(1.3),I,A,NOR,WB_WDI_SN_ITK_SVFI_ZS,_T,_T,_T,PT,_Z,_Z,_Z,2023,1.6,_Z,RATIO,2,WB_WDI,P1Y,0,A,PU,Annual,Norway,Prevalence of severe food insecurity in the population (%),Total,All age ranges or no breakdown by age,Total,Percentage,Not Applicable,Not Applicable,Not Applicable,Not Applicable,Ratio,Two,World Development Indicators (WDI),Annual,Units,Normal value,Public
datastructure,WB.DATA360:DS_DATA360(1.3),I,A,PAK,WB_WDI_SN_ITK_SVFI_ZS,_T,_T,_T,PT,_Z,_Z,_Z,2023,10.1,_Z,RATIO,2,WB_WDI,P1Y,0,A,PU,Annual,Pakistan,Prevalence of severe food insecurity in the population (%),Total,All age ranges or no breakdown by age,Total,Percentage,Not Applicable,Not Applicable,Not Applicable,Not Applicable,Ratio,Two,World Development Indicators (WDI),Annual,Units,Normal value,Public
datastructure,WB.DATA360:DS_DATA360(1.3),I,A,PLW,WB_WDI_SN_ITK_SVFI_ZS,_T,_T,_T,PT,_Z,_Z,_Z,2023,6.9,_Z,RATIO,2,WB_WDI,P1Y,0,A,PU,Annual,Palau,Prevalence of severe food insecurity in the population (%),Total,All age ranges or no breakdown by age,Total,Percentage,Not Applicable,Not Applicable,Not Applicable,Not Applicable,Ratio,Two,World Development Indicators (WDI),Annual,Units,Normal value,Public
datastructure,WB.DATA360:DS_DATA360(1.3),I,A,PER,WB_WDI_SN_ITK_SVFI_ZS,_T,_T,_T,PT,_Z,_Z,_Z,2023,14.5,_Z,RATIO,2,WB_WDI,P1Y,0,A,PU,Annual,Peru,Prevalence of severe food insecurity in the population (%),Total,All age ranges or no breakdown by age,Total,Percentage,Not Applicable,Not Applicable,Not Applicable,Not Applicable,Ratio,Two,World Development Indicators (WDI),Annual,Units,Normal value,Public
datastructure,WB.DATA360:DS_DATA360(1.3),I,A,BEN,WB_WDI_SN_ITK_SVFI_ZS,_T,_T,_T,PT,_Z,_Z,_Z,2018,14.8,_Z,RATIO,2,WB_WDI,P1Y,0,A,PU,Annual,Benin,Prevalence of severe food insecurity in the population (%),Total,All age ranges or no breakdown by age,Total,Percentage,Not Applicable,Not Applicable,Not Applicable,Not Applicable,Ratio,Two,World Development Indicators (WDI),Annual,Units,Normal value,Public
datastructure,WB.DATA360:DS_DATA360(1.3),I,A,BIH,WB_WDI_SN_ITK_SVFI_ZS,_T,_T,_T,PT,_Z,_Z,_Z,2018,1.5,_Z,RATIO,2,WB_WDI,P1Y,0,A,PU,Annual,Bosnia and Herzegovina,Prevalence of severe food insecurity in the population (%),Total,All age ranges or no breakdown by age,Total,Percentage,Not Applicable,Not Applicable,Not Applicable,Not Applicable,Ratio,Two,World Development Indicators (WDI),Annual,Units,Normal value,Public
datastructure,WB.DATA360:DS_DATA360(1.3),I,A,JAM,WB_WDI_SN_ITK_SVFI_ZS,_T,_T,_T,PT,_Z,_Z,_Z,2019,23.3,_Z,RATIO,2,WB_WDI,P1Y,0,A,PU,Annual,Jamaica,Prevalence of severe food insecurity in the population (%),Total,All age ranges or no breakdown by age,Total,Percentage,Not Applicable,Not Applicable,Not Applicable,Not Applicable,Ratio,Two,World Development Indicators (WDI),Annual,Units,Normal value,Public
datastructure,WB.DATA360:DS_DATA360(1.3),I,A,JPN,WB_WDI_SN_ITK_SVFI_ZS,_T,_T,_T,PT,_Z,_Z,_Z,2019,0.7,_Z,RATIO,2,WB_WDI,P1Y,0,A,PU,Annual,Japan,Prevalence of severe food insecurity in the population (%),Total,All age ranges or no breakdown by age,Total,Percentage,Not Applicable,Not Applicable,Not Applicable,Not Applicable,Ratio,Two,World Development Indicators (WDI),Annual,Units,Normal value,Public
datastructure,WB.DATA360:DS_DATA360(1.3),I,A,KAZ,WB_WDI_SN_ITK_SVFI_ZS,_T,_T,_T,PT,_Z,_Z,_Z,2019,0.0,_Z,RATIO,2,WB_WDI,P1Y,0,A,PU,Annual,Kazakhstan,Prevalence of severe food insecurity in the population (%),Total,All age ranges or no breakdown by age,Total,Percentage,Not Applicable,Not Applicable,Not Applicable,Not Applicable,Ratio,Two,World Development Indicators (WDI),Annual,Units,Normal value,Public
datastructure,WB.DATA360:DS_DATA360(1.3),I,A,KEN,WB_WDI_SN_ITK_SVFI_ZS,_T,_T,_T,PT,_Z,_Z,_Z,2019,24.9,_Z,RATIO,2,WB_WDI,P1Y,0,A,PU,Annual,Kenya,Prevalence of severe food insecurity in the population (%),Total,All age ranges or no breakdown by age,Total,Percentage,Not Applicable,Not Applicable,Not Applicable,Not Applicable,Ratio,Two,World Development Indicators (WDI),Annual,Units,Normal value,Public
datastructure,WB.DATA360:DS_DATA360(1.3),I,A,KIR,WB_WDI_SN_ITK_SVFI_ZS,_T,_T,_T,PT,_Z,_Z,_Z,2019,8.0,_Z,RATIO,2,WB_WDI,P1Y,0,A,PU,Annual,Kiribati,Prevalence of severe food insecurity in the population (%),Total,All age ranges or no breakdown by age,Total,Percentage,Not Applicable,Not Applicable,Not Applicable,Not Applicable,Ratio,Two,World Development Indicators (WDI),Annual,Units,Normal value,Public
datastructure,WB.DATA360:DS_DATA360(1.3),I,A,KOR,WB_WDI_SN_ITK_SVFI_ZS,_T,_T,_T,PT,_Z,_Z,_Z,2019,0.6,_Z,RATIO,2,WB_WDI,P1Y,0,A,PU,Annual,"Korea, Rep.",Prevalence of severe food insecurity in the population (%),Total,All age ranges or no breakdown by age,Total,Percentage,Not Applicable,Not Applicable,Not Applicable,Not Applicable,Ratio,Two,World Development Indicators (WDI),Annual,Units,Normal value,Public
datastructure,WB.DATA360:DS_DATA360(1.3),I,A,KWT,WB_WDI_SN_ITK_SVFI_ZS,_T,_T,_T,PT,_Z,_Z,_Z,2019,4.9,_Z,RATIO,2,WB_WDI,P1Y,0,A,PU,Annual,Kuwait,Prevalence of severe food insecurity in the population (%),Total,All age ranges or no breakdown by age,Total,Percentage,Not Applicable,Not Applicable,Not Applicable,Not Applicable,Ratio,Two,World Development Indicators (WDI),Annual,Units,Normal value,Public
datastructure,WB.DATA360:DS_DATA360(1.3),I,A,CPV,WB_WDI_SN_ITK_SVFI_ZS,_T,_T,_T,PT,_Z,_Z,_Z,2021,6.1,_Z,RATIO,2,WB_WDI,P1Y,0,A,PU,Annual,Cabo Verde,Prevalence of severe food insecurity in the population (%),Total,All age ranges or no breakdown by age,Total,Percentage,Not Applicable,Not Applicable,Not Applicable,Not Applicable,Ratio,Two,World Development Indicators (WDI),Annual,Units,Normal value,Public
datastructure,WB.DATA360:DS_DATA360(1.3),I,A,KHM,WB_WDI_SN_ITK_SVFI_ZS,_T,_T,_T,PT,_Z,_Z,_Z,2021,4.5,_Z,RATIO,2,WB_WDI,P1Y,0,A,PU,Annual,Cambodia,Prevalence of severe food insecurity in the population (%),Total,All age ranges or no breakdown by age,Total,Percentage,Not Applicable,Not Applicable,Not Applicable,Not Applicable,Ratio,Two,World Development Indicators (WDI),Annual,Units,Normal value,Public
datastructure,WB.DATA360:DS_DATA360(1.3),I,A,CMR,WB_WDI_SN_ITK_SVFI_ZS,_T,_T,_T,PT,_Z,_Z,_Z,2021,26.7,_Z,RATIO,2,WB_WDI,P1Y,0,A,PU,Annual,Cameroon,Prevalence of severe food insecurity in the population (%),Total,All age ranges or no breakdown by age,Total,Percentage,Not Applicable,Not Applicable,Not Applicable,Not Applicable,Ratio,Two,World Development Indicators (WDI),Annual,Units,Normal value,Public
datastructure,WB.DATA360:DS_DATA360(1.3),I,A,CAN,WB_WDI_SN_ITK_SVFI_ZS,_T,_T,_T,PT,_Z,_Z,_Z,2021,1.2,_Z,RATIO,2,WB_WDI,P1Y,0,A,PU,Annual,Canada,Prevalence of severe food insecurity in the population (%),Total,All age ranges or no breakdown by age,Total,Percentage,Not Applicable,Not Applicable,Not Applicable,Not Applicable,Ratio,Two,World Development Indicators (WDI),Annual,Units,Normal value,Public
datastructure,WB.DATA360:DS_DATA360(1.3),I,A,CAF,WB_WDI_SN_ITK_SVFI_ZS,_T,_T,_T,PT,_Z,_Z,_Z,2021,56.3,_Z,RATIO,2,WB_WDI,P1Y,0,A,PU,Annual,Central African Republic,Prevalence of severe food insecurity in the population (%),Total,All age ranges or no breakdown by age,Total,Percentage,Not Applicable,Not Applicable,Not Applicable,Not Applicable,Ratio,Two,World Development Indicators (WDI),Annual,Units,Normal value,Public
datastructure,WB.DATA360:DS_DATA360(1.3),I,A,TCD,WB_WDI_SN_ITK_SVFI_ZS,_T,_T,_T,PT,_Z,_Z,_Z,2021,28.3,_Z,RATIO,2,WB_WDI,P1Y,0,A,PU,Annual,Chad,Prevalence of severe food insecurity in the population (%),Total,All age ranges or no breakdown by age,Total,Percentage,Not Applicable,Not Applicable,Not Applicable,Not Applicable,Ratio,Two,World Development Indicators (WDI),Annual,Units,Normal value,Public
datastructure,WB.DATA360:DS_DATA360(1.3),I,A,CHL,WB_WDI_SN_ITK_SVFI_ZS,_T,_T,_T,PT,_Z,_Z,_Z,2021,3.6,_Z,RATIO,2,WB_WDI,P1Y,0,A,PU,Annual,Chile,Prevalence of severe food insecurity in the population (%),Total,All age ranges or no breakdown by age,Total,Percentage,Not Applicable,Not Applicable,Not Applicable,Not Applicable,Ratio,Two,World Development Indicators (WDI),Annual,Units,Normal value,Public
datastructure,WB.DATA360:DS_DATA360(1.3),I,A,COL,WB_WDI_SN_ITK_SVFI_ZS,_T,_T,_T,PT,_Z,_Z,_Z,2021,5.3,_Z,RATIO,2,WB_WDI,P1Y,0,A,PU,Annual,Colombia,Prevalence of severe food insecurity in the population (%),Total,All age ranges or no breakdown by age,Total,Percentage,Not Applicable,Not Applicable,Not Applicable,Not Applicable,Ratio,Two,World Development Indicators (WDI),Annual,Units,Normal value,Public
datastructure,WB.DATA360:DS_DATA360(1.3),I,A,ARG,WB_WDI_SN_ITK_SVFI_ZS,_T,_T,_T,PT,_Z,_Z,_Z,2017,11.2,_Z,RATIO,2,WB_WDI,P1Y,0,A,PU,Annual,Argentina,Prevalence of severe food insecurity in the population (%),Total,All age ranges or no breakdown by age,Total,Percentage,Not Applicable,Not Applicable,Not Applicable,Not Applicable,Ratio,Two,World Development Indicators (WDI),Annual,Units,Normal value,Public
datastructure,WB.DATA360:DS_DATA360(1.3),I,A,ARM,WB_WDI_SN_ITK_SVFI_ZS,_T,_T,_T,PT,_Z,_Z,_Z,2017,1.2,_Z,RATIO,2,WB_WDI,P1Y,0,A,PU,Annual,Armenia,Prevalence of severe food insecurity in the population (%),Total,All age ranges or no breakdown by age,Total,Percentage,Not Applicable,Not Applicable,Not Applicable,Not Applicable,Ratio,Two,World Development Indicators (WDI),Annual,Units,Normal value,Public
datastructure,WB.DATA360:DS_DATA360(1.3),I,A,AUS,WB_WDI_SN_ITK_SVFI_ZS,_T,_T,_T,PT,_Z,_Z,_Z,2017,3.6,_Z,RATIO,2,WB_WDI,P1Y,0,A,PU,Annual,Australia,Prevalence of severe food insecurity in the population (%),Total,All age ranges or no breakdown by age,Total,Percentage,Not Applicable,Not Applicable,Not Applicable,Not Applicable,Ratio,Two,World Development Indicators (WDI),Annual,Units,Normal value,Public
datastructure,WB.DATA360:DS_DATA360(1.3),I,A,AUT,WB_WDI_SN_ITK_SVFI_ZS,_T,_T,_T,PT,_Z,_Z,_Z,2017,1.1,_Z,RATIO,2,WB_WDI,P1Y,0,A,PU,Annual,Austria,Prevalence of severe food insecurity in the population (%),Total,All age ranges or no breakdown by age,Total,Percentage,Not Applicable,Not Applicable,Not Applicable,Not Applicable,Ratio,Two,World Development Indicators (WDI),Annual,Units,Normal value,Public
datastructure,WB.DATA360:DS_DATA360(1.3),I,A,AZE,WB_WDI_SN_ITK_SVFI_ZS,_T,_T,_T,PT,_Z,_Z,_Z,2017,0.0,_Z,RATIO,2,WB_WDI,P1Y,0,A,PU,Annual,Azerbaijan,Prevalence of severe food insecurity in the population (%),Total,All age ranges or no breakdown by age,Total,Percentage,Not Applicable,Not Applicable,Not Applicable,Not Applicable,Ratio,Two,World Development Indicators (WDI),Annual,Units,Normal value,Public
datastructure,WB.DATA360:DS_DATA360(1.3),I,A,EST,WB_WDI_SN_ITK_SVFI_ZS,_T,_T,_T,PT,_Z,_Z,_Z,2020,0.8,_Z,RATIO,2,WB_WDI,P1Y,0,A,PU,Annual,Estonia,Prevalence of severe food insecurity in the population (%),Total,All age ranges or no breakdown by age,Total,Percentage,Not Applicable,Not Applicable,Not Applicable,Not Applicable,Ratio,Two,World Development Indicators (WDI),Annual,Units,Normal value,Public
datastructure,WB.DATA360:DS_DATA360(1.3),I,A,SWZ,WB_WDI_SN_ITK_SVFI_ZS,_T,_T,_T,PT,_Z,_Z,_Z,2020,14.1,_Z,RATIO,2,WB_WDI,P1Y,0,A,PU,Annual,Eswatini,Prevalence of severe food insecurity in the population (%),Total,All age ranges or no breakdown by age,Total,Percentage,Not Applicable,Not Applicable,Not Applicable,Not Applicable,Ratio,Two,World Development Indicators (WDI),Annual,Units,Normal value,Public
datastructure,WB.DATA360:DS_DATA360(1.3),I,A,ETH,WB_WDI_SN_ITK_SVFI_ZS,_T,_T,_T,PT,_Z,_Z,_Z,2020,19.6,_Z,RATIO,2,WB_WDI,P1Y,0,A,PU,Annual,Ethiopia,Prevalence of severe food insecurity in the population (%),Total,All age ranges or no breakdown by age,Total,Percentage,Not Applicable,Not Applicable,Not Applicable,Not Applicable,Ratio,Two,World Development Indicators (WDI),Annual,Units,Normal value,Public
datastructure,WB.DATA360:DS_DATA360(1.3),I,A,FJI,WB_WDI_SN_ITK_SVFI_ZS,_T,_T,_T,PT,_Z,_Z,_Z,2020,4.2,_Z,RATIO,2,WB_WDI,P1Y,0,A,PU,Annual,Fiji,Prevalence of severe food insecurity in the population (%),Total,All age ranges or no breakdown by age,Total,Percentage,Not Applicable,Not Applicable,Not Applicable,Not Applicable,Ratio,Two,World Development Indicators (WDI),Annual,Units,Normal value,Public
datastructure,WB.DATA360:DS_DATA360(1.3),I,A,FIN,WB_WDI_SN_ITK_SVFI_ZS,_T,_T,_T,PT,_Z,_Z,_Z,2020,2.4,_Z,RATIO,2,WB_WDI,P1Y,0,A,PU,Annual,Finland,Prevalence of severe food insecurity in the population (%),Total,All age ranges or no breakdown by age,Total,Percentage,Not Applicable,Not Applicable,Not Applicable,Not Applicable,Ratio,Two,World Development Indicators (WDI),Annual,Units,Normal value,Public
datastructure,WB.DATA360:DS_DATA360(1.3),I,A,FRA,WB_WDI_SN_ITK_SVFI_ZS,_T,_T,_T,PT,_Z,_Z,_Z,2020,1.0,_Z,RATIO,2,WB_WDI,P1Y,0,A,PU,Annual,France,Prevalence of severe food insecurity in the population (%),Total,All age ranges or no breakdown by age,Total,Percentage,Not Applicable,Not Applicable,Not Applicable,Not Applicable,Ratio,Two,World Development Indicators (WDI),Annual,Units,Normal value,Public
datastructure,WB.DATA360:DS_DATA360(1.3),I,A,GMB,WB_WDI_SN_ITK_SVFI_ZS,_T,_T,_T,PT,_Z,_Z,_Z,2020,27.1,_Z,RATIO,2,WB_WDI,P1Y,0,A,PU,Annual,"Gambia, The",Prevalence of severe food insecurity in the population (%),Total,All age ranges or no breakdown by age,Total,Percentage,Not Applicable,Not Applicable,Not Applicable,Not Applicable,Ratio,Two,World Development Indicators (WDI),Annual,Units,Normal value,Public
datastructure,WB.DATA360:DS_DATA360(1.3),I,A,GEO,WB_WDI_SN_ITK_SVFI_ZS,_T,_T,_T,PT,_Z,_Z,_Z,2020,9.5,_Z,RATIO,2,WB_WDI,P1Y,0,A,PU,Annual,Georgia,Prevalence of severe food insecurity in the population (%),Total,All age ranges or no breakdown by age,Total,Percentage,Not Applicable,Not Applicable,Not Applicable,Not Applicable,Ratio,Two,World Development Indicators (WDI),Annual,Units,Normal value,Public
datastructure,WB.DATA360:DS_DATA360(1.3),I,A,MEX,WB_WDI_SN_ITK_SVFI_ZS,_T,_T,_T,PT,_Z,_Z,_Z,2023,2.9,_Z,RATIO,2,WB_WDI,P1Y,0,A,PU,Annual,Mexico,Prevalence of severe food insecurity in the population (%),Total,All age ranges or no breakdown by age,Total,Percentage,Not Applicable,Not Applicable,Not Applicable,Not Applicable,Ratio,Two,World Development Indicators (WDI),Annual,Units,Normal value,Public
datastructure,WB.DATA360:DS_DATA360(1.3),I,A,MDA,WB_WDI_SN_ITK_SVFI_ZS,_T,_T,_T,PT,_Z,_Z,_Z,2023,5.4,_Z,RATIO,2,WB_WDI,P1Y,0,A,PU,Annual,Moldova,Prevalence of severe food insecurity in the population (%),Total,All age ranges or no breakdown by age,Total,Percentage,Not Applicable,Not Applicable,Not Applicable,Not Applicable,Ratio,Two,World Development Indicators (WDI),Annual,Units,Normal value,Public
datastructure,WB.DATA360:DS_DATA360(1.3),I,A,MNG,WB_WDI_SN_ITK_SVFI_ZS,_T,_T,_T,PT,_Z,_Z,_Z,2023,0.7,_Z,RATIO,2,WB_WDI,P1Y,0,A,PU,Annual,Mongolia,Prevalence of severe food insecurity in the population (%),Total,All age ranges or no breakdown by age,Total,Percentage,Not Applicable,Not Applicable,Not Applicable,Not Applicable,Ratio,Two,World Development Indicators (WDI),Annual,Units,Normal value,Public
datastructure,WB.DATA360:DS_DATA360(1.3),I,A,MNE,WB_WDI_SN_ITK_SVFI_ZS,_T,_T,_T,PT,_Z,_Z,_Z,2023,1.6,_Z,RATIO,2,WB_WDI,P1Y,0,A,PU,Annual,Montenegro,Prevalence of severe food insecurity in the population (%),Total,All age ranges or no breakdown by age,Total,Percentage,Not Applicable,Not Applicable,Not Applicable,Not Applicable,Ratio,Two,World Development Indicators (WDI),Annual,Units,Normal value,Public
datastructure,WB.DATA360:DS_DATA360(1.3),I,A,MMR,WB_WDI_SN_ITK_SVFI_ZS,_T,_T,_T,PT,_Z,_Z,_Z,2023,7.2,_Z,RATIO,2,WB_WDI,P1Y,0,A,PU,Annual,Myanmar,Prevalence of severe food insecurity in the population (%),Total,All age ranges or no breakdown by age,Total,Percentage,Not Applicable,Not Applicable,Not Applicable,Not Applicable,Ratio,Two,World Development Indicators (WDI),Annual,Units,Normal value,Public
datastructure,WB.DATA360:DS_DATA360(1.3),I,A,NAM,WB_WDI_SN_ITK_SVFI_ZS,_T,_T,_T,PT,_Z,_Z,_Z,2023,30.0,_Z,RATIO,2,WB_WDI,P1Y,0,A,PU,Annual,Namibia,Prevalence of severe food insecurity in the population (%),Total,All age ranges or no breakdown by age,Total,Percentage,Not Applicable,Not Applicable,Not Applicable,Not Applicable,Ratio,Two,World Development Indicators (WDI),Annual,Units,Normal value,Public
datastructure,WB.DATA360:DS_DATA360(1.3),I,A,NPL,WB_WDI_SN_ITK_SVFI_ZS,_T,_T,_T,PT,_Z,_Z,_Z,2023,12.8,_Z,RATIO,2,WB_WDI,P1Y,0,A,PU,Annual,Nepal,Prevalence of severe food insecurity in the population (%),Total,All age ranges or no breakdown by age,Total,Percentage,Not Applicable,Not Applicable,Not Applicable,Not Applicable,Ratio,Two,World Development Indicators (WDI),Annual,Units,Normal value,Public
datastructure,WB.DATA360:DS_DATA360(1.3),I,A,NLD,WB_WDI_SN_ITK_SVFI_ZS,_T,_T,_T,PT,_Z,_Z,_Z,2023,2.7,_Z,RATIO,2,WB_WDI,P1Y,0,A,PU,Annual,Netherlands,Prevalence of severe food insecurity in the population (%),Total,All age ranges or no breakdown by age,Total,Percentage,Not Applicable,Not Applicable,Not Applicable,Not Applicable,Ratio,Two,World Development Indicators (WDI),Annual,Units,Normal value,Public
datastructure,WB.DATA360:DS_DATA360(1.3),I,A,UGA,WB_WDI_SN_ITK_SVFI_ZS,_T,_T,_T,PT,_Z,_Z,_Z,2019,23.4,_Z,RATIO,2,WB_WDI,P1Y,0,A,PU,Annual,Uganda,Prevalence of severe food insecurity in the population (%),Total,All age ranges or no breakdown by age,Total,Percentage,Not Applicable,Not Applicable,Not Applicable,Not Applicable,Ratio,Two,World Development Indicators (WDI),Annual,Units,Normal value,Public
datastructure,WB.DATA360:DS_DATA360(1.3),I,A,UKR,WB_WDI_SN_ITK_SVFI_ZS,_T,_T,_T,PT,_Z,_Z,_Z,2019,2.5,_Z,RATIO,2,WB_WDI,P1Y,0,A,PU,Annual,Ukraine,Prevalence of severe food insecurity in the population (%),Total,All age ranges or no breakdown by age,Total,Percentage,Not Applicable,Not Applicable,Not Applicable,Not Applicable,Ratio,Two,World Development Indicators (WDI),Annual,Units,Normal value,Public
datastructure,WB.DATA360:DS_DATA360(1.3),I,A,GBR,WB_WDI_SN_ITK_SVFI_ZS,_T,_T,_T,PT,_Z,_Z,_Z,2019,0.7,_Z,RATIO,2,WB_WDI,P1Y,0,A,PU,Annual,United Kingdom,Prevalence of severe food insecurity in the population (%),Total,All age ranges or no breakdown by age,Total,Percentage,Not Applicable,Not Applicable,Not Applicable,Not Applicable,Ratio,Two,World Development Indicators (WDI),Annual,Units,Normal value,Public
datastructure,WB.DATA360:DS_DATA360(1.3),I,A,USA,WB_WDI_SN_ITK_SVFI_ZS,_T,_T,_T,PT,_Z,_Z,_Z,2019,0.8,_Z,RATIO,2,WB_WDI,P1Y,0,A,PU,Annual,United States,Prevalence of severe food insecurity in the population (%),Total,All age ranges or no breakdown by age,Total,Percentage,Not Applicable,Not Applicable,Not Applicable,Not Applicable,Ratio,Two,World Development Indicators (WDI),Annual,Units,Normal value,Public
datastructure,WB.DATA360:DS_DATA360(1.3),I,A,URY,WB_WDI_SN_ITK_SVFI_ZS,_T,_T,_T,PT,_Z,_Z,_Z,2019,2.1,_Z,RATIO,2,WB_WDI,P1Y,0,A,PU,Annual,Uruguay,Prevalence of severe food insecurity in the population (%),Total,All age ranges or no breakdown by age,Total,Percentage,Not Applicable,Not Applicable,Not Applicable,Not Applicable,Ratio,Two,World Development Indicators (WDI),Annual,Units,Normal value,Public
datastructure,WB.DATA360:DS_DATA360(1.3),I,A,UZB,WB_WDI_SN_ITK_SVFI_ZS,_T,_T,_T,PT,_Z,_Z,_Z,2019,4.0,_Z,RATIO,2,WB_WDI,P1Y,0,A,PU,Annual,Uzbekistan,Prevalence of severe food insecurity in the population (%),Total,All age ranges or no breakdown by age,Total,Percentage,Not Applicable,Not Applicable,Not Applicable,Not Applicable,Ratio,Two,World Development Indicators (WDI),Annual,Units,Normal value,Public
datastructure,WB.DATA360:DS_DATA360(1.3),I,A,VUT,WB_WDI_SN_ITK_SVFI_ZS,_T,_T,_T,PT,_Z,_Z,_Z,2019,2.4,_Z,RATIO,2,WB_WDI,P1Y,0,A,PU,Annual,Vanuatu,Prevalence of severe food insecurity in the population (%),Total,All age ranges or no breakdown by age,Total,Percentage,Not Applicable,Not Applicable,Not Applicable,Not Applicable,Ratio,Two,World Development Indicators (WDI),Annual,Units,Normal value,Public
datastructure,WB.DATA360:DS_DATA360(1.3),I,A,VNM,WB_WDI_SN_ITK_SVFI_ZS,_T,_T,_T,PT,_Z,_Z,_Z,2019,0.5,_Z,RATIO,2,WB_WDI,P1Y,0,A,PU,Annual,Vietnam,Prevalence of severe food insecurity in the population (%),Total,All age ranges or no breakdown by age,Total,Percentage,Not Applicable,Not Applicable,Not Applicable,Not Applicable,Ratio,Two,World Development Indicators (WDI),Annual,Units,Normal value,Public
datastructure,WB.DATA360:DS_DATA360(1.3),I,A,BWA,WB_WDI_SN_ITK_SVFI_ZS,_T,_T,_T,PT,_Z,_Z,_Z,2020,25.4,_Z,RATIO,2,WB_WDI,P1Y,0,A,PU,Annual,Botswana,Prevalence of severe food insecurity in the population (%),Total,All age ranges or no breakdown by age,Total,Percentage,Not Applicable,Not Applicable,Not Applicable,Not Applicable,Ratio,Two,World Development Indicators (WDI),Annual,Units,Normal value,Public
datastructure,WB.DATA360:DS_DATA360(1.3),I,A,BRA,WB_WDI_SN_ITK_SVFI_ZS,_T,_T,_T,PT,_Z,_Z,_Z,2020,6.3,_Z,RATIO,2,WB_WDI,P1Y,0,A,PU,Annual,Brazil,Prevalence of severe food insecurity in the population (%),Total,All age ranges or no breakdown by age,Total,Percentage,Not Applicable,Not Applicable,Not Applicable,Not Applicable,Ratio,Two,World Development Indicators (WDI),Annual,Units,Normal value,Public
datastructure,WB.DATA360:DS_DATA360(1.3),I,A,BGR,WB_WDI_SN_ITK_SVFI_ZS,_T,_T,_T,PT,_Z,_Z,_Z,2020,2.9,_Z,RATIO,2,WB_WDI,P1Y,0,A,PU,Annual,Bulgaria,Prevalence of severe food insecurity in the population (%),Total,All age ranges or no breakdown by age,Total,Percentage,Not Applicable,Not Applicable,Not Applicable,Not Applicable,Ratio,Two,World Development Indicators (WDI),Annual,Units,Normal value,Public
datastructure,WB.DATA360:DS_DATA360(1.3),I,A,BFA,WB_WDI_SN_ITK_SVFI_ZS,_T,_T,_T,PT,_Z,_Z,_Z,2020,6.8,_Z,RATIO,2,WB_WDI,P1Y,0,A,PU,Annual,Burkina Faso,Prevalence of severe food insecurity in the population (%),Total,All age ranges or no breakdown by age,Total,Percentage,Not Applicable,Not Applicable,Not Applicable,Not Applicable,Ratio,Two,World Development Indicators (WDI),Annual,Units,Normal value,Public
datastructure,WB.DATA360:DS_DATA360(1.3),I,A,CPV,WB_WDI_SN_ITK_SVFI_ZS,_T,_T,_T,PT,_Z,_Z,_Z,2020,6.4,_Z,RATIO,2,WB_WDI,P1Y,0,A,PU,Annual,Cabo Verde,Prevalence of severe food insecurity in the population (%),Total,All age ranges or no breakdown by age,Total,Percentage,Not Applicable,Not Applicable,Not Applicable,Not Applicable,Ratio,Two,World Development Indicators (WDI),Annual,Units,Normal value,Public
datastructure,WB.DATA360:DS_DATA360(1.3),I,A,KHM,WB_WDI_SN_ITK_SVFI_ZS,_T,_T,_T,PT,_Z,_Z,_Z,2020,4.4,_Z,RATIO,2,WB_WDI,P1Y,0,A,PU,Annual,Cambodia,Prevalence of severe food insecurity in the population (%),Total,All age ranges or no breakdown by age,Total,Percentage,Not Applicable,Not Applicable,Not Applicable,Not Applicable,Ratio,Two,World Development Indicators (WDI),Annual,Units,Normal value,Public
datastructure,WB.DATA360:DS_DATA360(1.3),I,A,CMR,WB_WDI_SN_ITK_SVFI_ZS,_T,_T,_T,PT,_Z,_Z,_Z,2020,26.7,_Z,RATIO,2,WB_WDI,P1Y,0,A,PU,Annual,Cameroon,Prevalence of severe food insecurity in the population (%),Total,All age ranges or no breakdown by age,Total,Percentage,Not Applicable,Not Applicable,Not Applicable,Not Applicable,Ratio,Two,World Development Indicators (WDI),Annual,Units,Normal value,Public
datastructure,WB.DATA360:DS_DATA360(1.3),I,A,CAN,WB_WDI_SN_ITK_SVFI_ZS,_T,_T,_T,PT,_Z,_Z,_Z,2020,1.0,_Z,RATIO,2,WB_WDI,P1Y,0,A,PU,Annual,Canada,Prevalence of severe food insecurity in the population (%),Total,All age ranges or no breakdown by age,Total,Percentage,Not Applicable,Not Applicable,Not Applicable,Not Applicable,Ratio,Two,World Development Indicators (WDI),Annual,Units,Normal value,Public
datastructure,WB.DATA360:DS_DATA360(1.3),I,A,TLA,WB_WDI_SN_ITK_SVFI_ZS,_T,_T,_T,PT,_Z,_Z,_Z,2016,7.223877,_Z,RATIO,2,WB_WDI,P1Y,0,A,PU,Annual,Latin America & Caribbean (IDA & IBRD),Prevalence of severe food insecurity in the population (%),Total,All age ranges or no breakdown by age,Total,Percentage,Not Applicable,Not Applicable,Not Applicable,Not Applicable,Ratio,Two,World Development Indicators (WDI),Annual,Units,Normal value,Public
datastructure,WB.DATA360:DS_DATA360(1.3),I,A,LDC,WB_WDI_SN_ITK_SVFI_ZS,_T,_T,_T,PT,_Z,_Z,_Z,2016,19.988346,_Z,RATIO,2,WB_WDI,P1Y,0,A,PU,Annual,Least developed countries: UN classification,Prevalence of severe food insecurity in the population (%),Total,All age ranges or no breakdown by age,Total,Percentage,Not Applicable,Not Applicable,Not Applicable,Not Applicable,Ratio,Two,World Development Indicators (WDI),Annual,Units,Normal value,Public
datastructure,WB.DATA360:DS_DATA360(1.3),I,A,LIC,WB_WDI_SN_ITK_SVFI_ZS,_T,_T,_T,PT,_Z,_Z,_Z,2016,23.52142,_Z,RATIO,2,WB_WDI,P1Y,0,A,PU,Annual,Low income,Prevalence of severe food insecurity in the population (%),Total,All age ranges or no breakdown by age,Total,Percentage,Not Applicable,Not Applicable,Not Applicable,Not Applicable,Ratio,Two,World Development Indicators (WDI),Annual,Units,Normal value,Public
datastructure,WB.DATA360:DS_DATA360(1.3),I,A,LMC,WB_WDI_SN_ITK_SVFI_ZS,_T,_T,_T,PT,_Z,_Z,_Z,2016,11.7696023,_Z,RATIO,2,WB_WDI,P1Y,0,A,PU,Annual,Lower middle income,Prevalence of severe food insecurity in the population (%),Total,All age ranges or no breakdown by age,Total,Percentage,Not Applicable,Not Applicable,Not Applicable,Not Applicable,Ratio,Two,World Development Indicators (WDI),Annual,Units,Normal value,Public
datastructure,WB.DATA360:DS_DATA360(1.3),I,A,MEA,WB_WDI_SN_ITK_SVFI_ZS,_T,_T,_T,PT,_Z,_Z,_Z,2016,8.1230827,_Z,RATIO,2,WB_WDI,P1Y,0,A,PU,Annual,"Middle East, North Africa, Afghanistan & Pakistan",Prevalence of severe food insecurity in the population (%),Total,All age ranges or no breakdown by age,Total,Percentage,Not Applicable,Not Applicable,Not Applicable,Not Applicable,Ratio,Two,World Development Indicators (WDI),Annual,Units,Normal value,Public
datastructure,WB.DATA360:DS_DATA360(1.3),I,A,TMN,WB_WDI_SN_ITK_SVFI_ZS,_T,_T,_T,PT,_Z,_Z,_Z,2016,8.3690743,_Z,RATIO,2,WB_WDI,P1Y,0,A,PU,Annual,"Middle East, North Africa, Afghanistan & Pakistan (IDA & IBRD)",Prevalence of severe food insecurity in the population (%),Total,All age ranges or no breakdown by age,Total,Percentage,Not Applicable,Not Applicable,Not Applicable,Not Applicable,Ratio,Two,World Development Indicators (WDI),Annual,Units,Normal value,Public
datastructure,WB.DATA360:DS_DATA360(1.3),I,A,NAC,WB_WDI_SN_ITK_SVFI_ZS,_T,_T,_T,PT,_Z,_Z,_Z,2016,1.0480189,_Z,RATIO,2,WB_WDI,P1Y,0,A,PU,Annual,North America,Prevalence of severe food insecurity in the population (%),Total,All age ranges or no breakdown by age,Total,Percentage,Not Applicable,Not Applicable,Not Applicable,Not Applicable,Ratio,Two,World Development Indicators (WDI),Annual,Units,Normal value,Public
datastructure,WB.DATA360:DS_DATA360(1.3),I,A,DZA,WB_WDI_SN_ITK_SVFI_ZS,_T,_T,_T,PT,_Z,_Z,_Z,2020,6.2,_Z,RATIO,2,WB_WDI,P1Y,0,A,PU,Annual,Algeria,Prevalence of severe food insecurity in the population (%),Total,All age ranges or no breakdown by age,Total,Percentage,Not Applicable,Not Applicable,Not Applicable,Not Applicable,Ratio,Two,World Development Indicators (WDI),Annual,Units,Normal value,Public
datastructure,WB.DATA360:DS_DATA360(1.3),I,A,AGO,WB_WDI_SN_ITK_SVFI_ZS,_T,_T,_T,PT,_Z,_Z,_Z,2020,30.4,_Z,RATIO,2,WB_WDI,P1Y,0,A,PU,Annual,Angola,Prevalence of severe food insecurity in the population (%),Total,All age ranges or no breakdown by age,Total,Percentage,Not Applicable,Not Applicable,Not Applicable,Not Applicable,Ratio,Two,World Development Indicators (WDI),Annual,Units,Normal value,Public
datastructure,WB.DATA360:DS_DATA360(1.3),I,A,ARG,WB_WDI_SN_ITK_SVFI_ZS,_T,_T,_T,PT,_Z,_Z,_Z,2020,13.0,_Z,RATIO,2,WB_WDI,P1Y,0,A,PU,Annual,Argentina,Prevalence of severe food insecurity in the population (%),Total,All age ranges or no breakdown by age,Total,Percentage,Not Applicable,Not Applicable,Not Applicable,Not Applicable,Ratio,Two,World Development Indicators (WDI),Annual,Units,Normal value,Public
datastructure,WB.DATA360:DS_DATA360(1.3),I,A,ARM,WB_WDI_SN_ITK_SVFI_ZS,_T,_T,_T,PT,_Z,_Z,_Z,2020,0.0,_Z,RATIO,2,WB_WDI,P1Y,0,A,PU,Annual,Armenia,Prevalence of severe food insecurity in the population (%),Total,All age ranges or no breakdown by age,Total,Percentage,Not Applicable,Not Applicable,Not Applicable,Not Applicable,Ratio,Two,World Development Indicators (WDI),Annual,Units,Normal value,Public
datastructure,WB.DATA360:DS_DATA360(1.3),I,A,AUS,WB_WDI_SN_ITK_SVFI_ZS,_T,_T,_T,PT,_Z,_Z,_Z,2020,3.6,_Z,RATIO,2,WB_WDI,P1Y,0,A,PU,Annual,Australia,Prevalence of severe food insecurity in the population (%),Total,All age ranges or no breakdown by age,Total,Percentage,Not Applicable,Not Applicable,Not Applicable,Not Applicable,Ratio,Two,World Development Indicators (WDI),Annual,Units,Normal value,Public
datastructure,WB.DATA360:DS_DATA360(1.3),I,A,AUT,WB_WDI_SN_ITK_SVFI_ZS,_T,_T,_T,PT,_Z,_Z,_Z,2020,1.3,_Z,RATIO,2,WB_WDI,P1Y,0,A,PU,Annual,Austria,Prevalence of severe food insecurity in the population (%),Total,All age ranges or no breakdown by age,Total,Percentage,Not Applicable,Not Applicable,Not Applicable,Not Applicable,Ratio,Two,World Development Indicators (WDI),Annual,Units,Normal value,Public
datastructure,WB.DATA360:DS_DATA360(1.3),I,A,AZE,WB_WDI_SN_ITK_SVFI_ZS,_T,_T,_T,PT,_Z,_Z,_Z,2020,0.0,_Z,RATIO,2,WB_WDI,P1Y,0,A,PU,Annual,Azerbaijan,Prevalence of severe food insecurity in the population (%),Total,All age ranges or no breakdown by age,Total,Percentage,Not Applicable,Not Applicable,Not Applicable,Not Applicable,Ratio,Two,World Development Indicators (WDI),Annual,Units,Normal value,Public
datastructure,WB.DATA360:DS_DATA360(1.3),I,A,BHS,WB_WDI_SN_ITK_SVFI_ZS,_T,_T,_T,PT,_Z,_Z,_Z,2020,3.4,_Z,RATIO,2,WB_WDI,P1Y,0,A,PU,Annual,"Bahamas, The",Prevalence of severe food insecurity in the population (%),Total,All age ranges or no breakdown by age,Total,Percentage,Not Applicable,Not Applicable,Not Applicable,Not Applicable,Ratio,Two,World Development Indicators (WDI),Annual,Units,Normal value,Public
datastructure,WB.DATA360:DS_DATA360(1.3),I,A,SRB,WB_WDI_SN_ITK_SVFI_ZS,_T,_T,_T,PT,_Z,_Z,_Z,2017,1.9,_Z,RATIO,2,WB_WDI,P1Y,0,A,PU,Annual,Serbia,Prevalence of severe food insecurity in the population (%),Total,All age ranges or no breakdown by age,Total,Percentage,Not Applicable,Not Applicable,Not Applicable,Not Applicable,Ratio,Two,World Development Indicators (WDI),Annual,Units,Normal value,Public
datastructure,WB.DATA360:DS_DATA360(1.3),I,A,SYC,WB_WDI_SN_ITK_SVFI_ZS,_T,_T,_T,PT,_Z,_Z,_Z,2017,3.2,_Z,RATIO,2,WB_WDI,P1Y,0,A,PU,Annual,Seychelles,Prevalence of severe food insecurity in the population (%),Total,All age ranges or no breakdown by age,Total,Percentage,Not Applicable,Not Applicable,Not Applicable,Not Applicable,Ratio,Two,World Development Indicators (WDI),Annual,Units,Normal value,Public
datastructure,WB.DATA360:DS_DATA360(1.3),I,A,SLE,WB_WDI_SN_ITK_SVFI_ZS,_T,_T,_T,PT,_Z,_Z,_Z,2017,32.6,_Z,RATIO,2,WB_WDI,P1Y,0,A,PU,Annual,Sierra Leone,Prevalence of severe food insecurity in the population (%),Total,All age ranges or no breakdown by age,Total,Percentage,Not Applicable,Not Applicable,Not Applicable,Not Applicable,Ratio,Two,World Development Indicators (WDI),Annual,Units,Normal value,Public
datastructure,WB.DATA360:DS_DATA360(1.3),I,A,SGP,WB_WDI_SN_ITK_SVFI_ZS,_T,_T,_T,PT,_Z,_Z,_Z,2017,1.4,_Z,RATIO,2,WB_WDI,P1Y,0,A,PU,Annual,Singapore,Prevalence of severe food insecurity in the population (%),Total,All age ranges or no breakdown by age,Total,Percentage,Not Applicable,Not Applicable,Not Applicable,Not Applicable,Ratio,Two,World Development Indicators (WDI),Annual,Units,Normal value,Public
datastructure,WB.DATA360:DS_DATA360(1.3),I,A,SVK,WB_WDI_SN_ITK_SVFI_ZS,_T,_T,_T,PT,_Z,_Z,_Z,2017,0.9,_Z,RATIO,2,WB_WDI,P1Y,0,A,PU,Annual,Slovak Republic,Prevalence of severe food insecurity in the population (%),Total,All age ranges or no breakdown by age,Total,Percentage,Not Applicable,Not Applicable,Not Applicable,Not Applicable,Ratio,Two,World Development Indicators (WDI),Annual,Units,Normal value,Public
datastructure,WB.DATA360:DS_DATA360(1.3),I,A,SVN,WB_WDI_SN_ITK_SVFI_ZS,_T,_T,_T,PT,_Z,_Z,_Z,2017,0.6,_Z,RATIO,2,WB_WDI,P1Y,0,A,PU,Annual,Slovenia,Prevalence of severe food insecurity in the population (%),Total,All age ranges or no breakdown by age,Total,Percentage,Not Applicable,Not Applicable,Not Applicable,Not Applicable,Ratio,Two,World Development Indicators (WDI),Annual,Units,Normal value,Public
datastructure,WB.DATA360:DS_DATA360(1.3),I,A,SSD,WB_WDI_SN_ITK_SVFI_ZS,_T,_T,_T,PT,_Z,_Z,_Z,2017,65.4,_Z,RATIO,2,WB_WDI,P1Y,0,A,PU,Annual,South Sudan,Prevalence of severe food insecurity in the population (%),Total,All age ranges or no breakdown by age,Total,Percentage,Not Applicable,Not Applicable,Not Applicable,Not Applicable,Ratio,Two,World Development Indicators (WDI),Annual,Units,Normal value,Public
datastructure,WB.DATA360:DS_DATA360(1.3),I,A,ESP,WB_WDI_SN_ITK_SVFI_ZS,_T,_T,_T,PT,_Z,_Z,_Z,2017,1.4,_Z,RATIO,2,WB_WDI,P1Y,0,A,PU,Annual,Spain,Prevalence of severe food insecurity in the population (%),Total,All age ranges or no breakdown by age,Total,Percentage,Not Applicable,Not Applicable,Not Applicable,Not Applicable,Ratio,Two,World Development Indicators (WDI),Annual,Units,Normal value,Public
datastructure,WB.DATA360:DS_DATA360(1.3),I,A,TJK,WB_WDI_SN_ITK_SVFI_ZS,_T,_T,_T,PT,_Z,_Z,_Z,2019,7.1,_Z,RATIO,2,WB_WDI,P1Y,0,A,PU,Annual,Tajikistan,Prevalence of severe food insecurity in the population (%),Total,All age ranges or no breakdown by age,Total,Percentage,Not Applicable,Not Applicable,Not Applicable,Not Applicable,Ratio,Two,World Development Indicators (WDI),Annual,Units,Normal value,Public
datastructure,WB.DATA360:DS_DATA360(1.3),I,A,TZA,WB_WDI_SN_ITK_SVFI_ZS,_T,_T,_T,PT,_Z,_Z,_Z,2019,24.4,_Z,RATIO,2,WB_WDI,P1Y,0,A,PU,Annual,Tanzania,Prevalence of severe food insecurity in the population (%),Total,All age ranges or no breakdown by age,Total,Percentage,Not Applicable,Not Applicable,Not Applicable,Not Applicable,Ratio,Two,World Development Indicators (WDI),Annual,Units,Normal value,Public
datastructure,WB.DATA360:DS_DATA360(1.3),I,A,THA,WB_WDI_SN_ITK_SVFI_ZS,_T,_T,_T,PT,_Z,_Z,_Z,2019,0.8,_Z,RATIO,2,WB_WDI,P1Y,0,A,PU,Annual,Thailand,Prevalence of severe food insecurity in the population (%),Total,All age ranges or no breakdown by age,Total,Percentage,Not Applicable,Not Applicable,Not Applicable,Not Applicable,Ratio,Two,World Development Indicators (WDI),Annual,Units,Normal value,Public
datastructure,WB.DATA360:DS_DATA360(1.3),I,A,TLS,WB_WDI_SN_ITK_SVFI_ZS,_T,_T,_T,PT,_Z,_Z,_Z,2019,8.9,_Z,RATIO,2,WB_WDI,P1Y,0,A,PU,Annual,Timor-Leste,Prevalence of severe food insecurity in the population (%),Total,All age ranges or no breakdown by age,Total,Percentage,Not Applicable,Not Applicable,Not Applicable,Not Applicable,Ratio,Two,World Development Indicators (WDI),Annual,Units,Normal value,Public
datastructure,WB.DATA360:DS_DATA360(1.3),I,A,TGO,WB_WDI_SN_ITK_SVFI_ZS,_T,_T,_T,PT,_Z,_Z,_Z,2019,14.0,_Z,RATIO,2,WB_WDI,P1Y,0,A,PU,Annual,Togo,Prevalence of severe food insecurity in the population (%),Total,All age ranges or no breakdown by age,Total,Percentage,Not Applicable,Not Applicable,Not Applicable,Not Applicable,Ratio,Two,World Development Indicators (WDI),Annual,Units,Normal value,Public
datastructure,WB.DATA360:DS_DATA360(1.3),I,A,TON,WB_WDI_SN_ITK_SVFI_ZS,_T,_T,_T,PT,_Z,_Z,_Z,2019,6.0,_Z,RATIO,2,WB_WDI,P1Y,0,A,PU,Annual,Tonga,Prevalence of severe food insecurity in the population (%),Total,All age ranges or no breakdown by age,Total,Percentage,Not Applicable,Not Applicable,Not Applicable,Not Applicable,Ratio,Two,World Development Indicators (WDI),Annual,Units,Normal value,Public
datastructure,WB.DATA360:DS_DATA360(1.3),I,A,TUN,WB_WDI_SN_ITK_SVFI_ZS,_T,_T,_T,PT,_Z,_Z,_Z,2019,10.7,_Z,RATIO,2,WB_WDI,P1Y,0,A,PU,Annual,Tunisia,Prevalence of severe food insecurity in the population (%),Total,All age ranges or no breakdown by age,Total,Percentage,Not Applicable,Not Applicable,Not Applicable,Not Applicable,Ratio,Two,World Development Indicators (WDI),Annual,Units,Normal value,Public
datastructure,WB.DATA360:DS_DATA360(1.3),I,A,EAS,WB_WDI_SN_ITK_SVFI_ZS,_T,_T,_T,PT,_Z,_Z,_Z,2014,1.196434,_Z,RATIO,2,WB_WDI,P1Y,0,A,PU,Annual,East Asia & Pacific,Prevalence of severe food insecurity in the population (%),Total,All age ranges or no breakdown by age,Total,Percentage,Not Applicable,Not Applicable,Not Applicable,Not Applicable,Ratio,Two,World Development Indicators (WDI),Annual,Units,Normal value,Public
datastructure,WB.DATA360:DS_DATA360(1.3),I,A,TEA,WB_WDI_SN_ITK_SVFI_ZS,_T,_T,_T,PT,_Z,_Z,_Z,2014,1.2443126,_Z,RATIO,2,WB_WDI,P1Y,0,A,PU,Annual,East Asia & Pacific (IDA & IBRD),Prevalence of severe food insecurity in the population (%),Total,All age ranges or no breakdown by age,Total,Percentage,Not Applicable,Not Applicable,Not Applicable,Not Applicable,Ratio,Two,World Development Indicators (WDI),Annual,Units,Normal value,Public
datastructure,WB.DATA360:DS_DATA360(1.3),I,A,ECS,WB_WDI_SN_ITK_SVFI_ZS,_T,_T,_T,PT,_Z,_Z,_Z,2014,1.7630202,_Z,RATIO,2,WB_WDI,P1Y,0,A,PU,Annual,Europe & Central Asia,Prevalence of severe food insecurity in the population (%),Total,All age ranges or no breakdown by age,Total,Percentage,Not Applicable,Not Applicable,Not Applicable,Not Applicable,Ratio,Two,World Development Indicators (WDI),Annual,Units,Normal value,Public
datastructure,WB.DATA360:DS_DATA360(1.3),I,A,TEC,WB_WDI_SN_ITK_SVFI_ZS,_T,_T,_T,PT,_Z,_Z,_Z,2014,2.0839548,_Z,RATIO,2,WB_WDI,P1Y,0,A,PU,Annual,Europe & Central Asia (IDA & IBRD),Prevalence of severe food insecurity in the population (%),Total,All age ranges or no breakdown by age,Total,Percentage,Not Applicable,Not Applicable,Not Applicable,Not Applicable,Ratio,Two,World Development Indicators (WDI),Annual,Units,Normal value,Public
datastructure,WB.DATA360:DS_DATA360(1.3),I,A,HIC,WB_WDI_SN_ITK_SVFI_ZS,_T,_T,_T,PT,_Z,_Z,_Z,2014,1.5934455,_Z,RATIO,2,WB_WDI,P1Y,0,A,PU,Annual,High income,Prevalence of severe food insecurity in the population (%),Total,All age ranges or no breakdown by age,Total,Percentage,Not Applicable,Not Applicable,Not Applicable,Not Applicable,Ratio,Two,World Development Indicators (WDI),Annual,Units,Normal value,Public
datastructure,WB.DATA360:DS_DATA360(1.3),I,A,PER,WB_WDI_SN_ITK_SVFI_ZS,_T,_T,_T,PT,_Z,_Z,_Z,2019,13.6,_Z,RATIO,2,WB_WDI,P1Y,0,A,PU,Annual,Peru,Prevalence of severe food insecurity in the population (%),Total,All age ranges or no breakdown by age,Total,Percentage,Not Applicable,Not Applicable,Not Applicable,Not Applicable,Ratio,Two,World Development Indicators (WDI),Annual,Units,Normal value,Public
datastructure,WB.DATA360:DS_DATA360(1.3),I,A,PHL,WB_WDI_SN_ITK_SVFI_ZS,_T,_T,_T,PT,_Z,_Z,_Z,2019,4.0,_Z,RATIO,2,WB_WDI,P1Y,0,A,PU,Annual,Philippines,Prevalence of severe food insecurity in the population (%),Total,All age ranges or no breakdown by age,Total,Percentage,Not Applicable,Not Applicable,Not Applicable,Not Applicable,Ratio,Two,World Development Indicators (WDI),Annual,Units,Normal value,Public
datastructure,WB.DATA360:DS_DATA360(1.3),I,A,POL,WB_WDI_SN_ITK_SVFI_ZS,_T,_T,_T,PT,_Z,_Z,_Z,2019,0.0,_Z,RATIO,2,WB_WDI,P1Y,0,A,PU,Annual,Poland,Prevalence of severe food insecurity in the population (%),Total,All age ranges or no breakdown by age,Total,Percentage,Not Applicable,Not Applicable,Not Applicable,Not Applicable,Ratio,Two,World Development Indicators (WDI),Annual,Units,Normal value,Public
datastructure,WB.DATA360:DS_DATA360(1.3),I,A,PRT,WB_WDI_SN_ITK_SVFI_ZS,_T,_T,_T,PT,_Z,_Z,_Z,2019,3.2,_Z,RATIO,2,WB_WDI,P1Y,0,A,PU,Annual,Portugal,Prevalence of severe food insecurity in the population (%),Total,All age ranges or no breakdown by age,Total,Percentage,Not Applicable,Not Applicable,Not Applicable,Not Applicable,Ratio,Two,World Development Indicators (WDI),Annual,Units,Normal value,Public
datastructure,WB.DATA360:DS_DATA360(1.3),I,A,ROU,WB_WDI_SN_ITK_SVFI_ZS,_T,_T,_T,PT,_Z,_Z,_Z,2019,3.4,_Z,RATIO,2,WB_WDI,P1Y,0,A,PU,Annual,Romania,Prevalence of severe food insecurity in the population (%),Total,All age ranges or no breakdown by age,Total,Percentage,Not Applicable,Not Applicable,Not Applicable,Not Applicable,Ratio,Two,World Development Indicators (WDI),Annual,Units,Normal value,Public
datastructure,WB.DATA360:DS_DATA360(1.3),I,A,RUS,WB_WDI_SN_ITK_SVFI_ZS,_T,_T,_T,PT,_Z,_Z,_Z,2019,0.0,_Z,RATIO,2,WB_WDI,P1Y,0,A,PU,Annual,Russian Federation,Prevalence of severe food insecurity in the population (%),Total,All age ranges or no breakdown by age,Total,Percentage,Not Applicable,Not Applicable,Not Applicable,Not Applicable,Ratio,Two,World Development Indicators (WDI),Annual,Units,Normal value,Public
datastructure,WB.DATA360:DS_DATA360(1.3),I,A,WSM,WB_WDI_SN_ITK_SVFI_ZS,_T,_T,_T,PT,_Z,_Z,_Z,2019,3.6,_Z,RATIO,2,WB_WDI,P1Y,0,A,PU,Annual,Samoa,Prevalence of severe food insecurity in the population (%),Total,All age ranges or no breakdown by age,Total,Percentage,Not Applicable,Not Applicable,Not Applicable,Not Applicable,Ratio,Two,World Development Indicators (WDI),Annual,Units,Normal value,Public
datastructure,WB.DATA360:DS_DATA360(1.3),I,A,BRB,WB_WDI_SN_ITK_SVFI_ZS,_T,_T,_T,PT,_Z,_Z,_Z,2020,7.4,_Z,RATIO,2,WB_WDI,P1Y,0,A,PU,Annual,Barbados,Prevalence of severe food insecurity in the population (%),Total,All age ranges or no breakdown by age,Total,Percentage,Not Applicable,Not Applicable,Not Applicable,Not Applicable,Ratio,Two,World Development Indicators (WDI),Annual,Units,Normal value,Public
datastructure,WB.DATA360:DS_DATA360(1.3),I,A,BLR,WB_WDI_SN_ITK_SVFI_ZS,_T,_T,_T,PT,_Z,_Z,_Z,2020,0.0,_Z,RATIO,2,WB_WDI,P1Y,0,A,PU,Annual,Belarus,Prevalence of severe food insecurity in the population (%),Total,All age ranges or no breakdown by age,Total,Percentage,Not Applicable,Not Applicable,Not Applicable,Not Applicable,Ratio,Two,World Development Indicators (WDI),Annual,Units,Normal value,Public
datastructure,WB.DATA360:DS_DATA360(1.3),I,A,BEL,WB_WDI_SN_ITK_SVFI_ZS,_T,_T,_T,PT,_Z,_Z,_Z,2020,1.3,_Z,RATIO,2,WB_WDI,P1Y,0,A,PU,Annual,Belgium,Prevalence of severe food insecurity in the population (%),Total,All age ranges or no breakdown by age,Total,Percentage,Not Applicable,Not Applicable,Not Applicable,Not Applicable,Ratio,Two,World Development Indicators (WDI),Annual,Units,Normal value,Public
datastructure,WB.DATA360:DS_DATA360(1.3),I,A,BLZ,WB_WDI_SN_ITK_SVFI_ZS,_T,_T,_T,PT,_Z,_Z,_Z,2020,6.0,_Z,RATIO,2,WB_WDI,P1Y,0,A,PU,Annual,Belize,Prevalence of severe food insecurity in the population (%),Total,All age ranges or no breakdown by age,Total,Percentage,Not Applicable,Not Applicable,Not Applicable,Not Applicable,Ratio,Two,World Development Indicators (WDI),Annual,Units,Normal value,Public
datastructure,WB.DATA360:DS_DATA360(1.3),I,A,BEN,WB_WDI_SN_ITK_SVFI_ZS,_T,_T,_T,PT,_Z,_Z,_Z,2020,14.5,_Z,RATIO,2,WB_WDI,P1Y,0,A,PU,Annual,Benin,Prevalence of severe food insecurity in the population (%),Total,All age ranges or no breakdown by age,Total,Percentage,Not Applicable,Not Applicable,Not Applicable,Not Applicable,Ratio,Two,World Development Indicators (WDI),Annual,Units,Normal value,Public
datastructure,WB.DATA360:DS_DATA360(1.3),I,A,BIH,WB_WDI_SN_ITK_SVFI_ZS,_T,_T,_T,PT,_Z,_Z,_Z,2020,2.8,_Z,RATIO,2,WB_WDI,P1Y,0,A,PU,Annual,Bosnia and Herzegovina,Prevalence of severe food insecurity in the population (%),Total,All age ranges or no breakdown by age,Total,Percentage,Not Applicable,Not Applicable,Not Applicable,Not Applicable,Ratio,Two,World Development Indicators (WDI),Annual,Units,Normal value,Public
datastructure,WB.DATA360:DS_DATA360(1.3),I,A,SRB,WB_WDI_SN_ITK_SVFI_ZS,_T,_T,_T,PT,_Z,_Z,_Z,2023,1.5,_Z,RATIO,2,WB_WDI,P1Y,0,A,PU,Annual,Serbia,Prevalence of severe food insecurity in the population (%),Total,All age ranges or no breakdown by age,Total,Percentage,Not Applicable,Not Applicable,Not Applicable,Not Applicable,Ratio,Two,World Development Indicators (WDI),Annual,Units,Normal value,Public
datastructure,WB.DATA360:DS_DATA360(1.3),I,A,SLE,WB_WDI_SN_ITK_SVFI_ZS,_T,_T,_T,PT,_Z,_Z,_Z,2023,33.7,_Z,RATIO,2,WB_WDI,P1Y,0,A,PU,Annual,Sierra Leone,Prevalence of severe food insecurity in the population (%),Total,All age ranges or no breakdown by age,Total,Percentage,Not Applicable,Not Applicable,Not Applicable,Not Applicable,Ratio,Two,World Development Indicators (WDI),Annual,Units,Normal value,Public
datastructure,WB.DATA360:DS_DATA360(1.3),I,A,SGP,WB_WDI_SN_ITK_SVFI_ZS,_T,_T,_T,PT,_Z,_Z,_Z,2023,3.5,_Z,RATIO,2,WB_WDI,P1Y,0,A,PU,Annual,Singapore,Prevalence of severe food insecurity in the population (%),Total,All age ranges or no breakdown by age,Total,Percentage,Not Applicable,Not Applicable,Not Applicable,Not Applicable,Ratio,Two,World Development Indicators (WDI),Annual,Units,Normal value,Public
datastructure,WB.DATA360:DS_DATA360(1.3),I,A,SVK,WB_WDI_SN_ITK_SVFI_ZS,_T,_T,_T,PT,_Z,_Z,_Z,2023,1.4,_Z,RATIO,2,WB_WDI,P1Y,0,A,PU,Annual,Slovak Republic,Prevalence of severe food insecurity in the population (%),Total,All age ranges or no breakdown by age,Total,Percentage,Not Applicable,Not Applicable,Not Applicable,Not Applicable,Ratio,Two,World Development Indicators (WDI),Annual,Units,Normal value,Public
datastructure,WB.DATA360:DS_DATA360(1.3),I,A,SVN,WB_WDI_SN_ITK_SVFI_ZS,_T,_T,_T,PT,_Z,_Z,_Z,2023,0.9,_Z,RATIO,2,WB_WDI,P1Y,0,A,PU,Annual,Slovenia,Prevalence of severe food insecurity in the population (%),Total,All age ranges or no breakdown by age,Total,Percentage,Not Applicable,Not Applicable,Not Applicable,Not Applicable,Ratio,Two,World Development Indicators (WDI),Annual,Units,Normal value,Public
datastructure,WB.DATA360:DS_DATA360(1.3),I,A,ZAF,WB_WDI_SN_ITK_SVFI_ZS,_T,_T,_T,PT,_Z,_Z,_Z,2023,8.5,_Z,RATIO,2,WB_WDI,P1Y,0,A,PU,Annual,South Africa,Prevalence of severe food insecurity in the population (%),Total,All age ranges or no breakdown by age,Total,Percentage,Not Applicable,Not Applicable,Not Applicable,Not Applicable,Ratio,Two,World Development Indicators (WDI),Annual,Units,Normal value,Public
datastructure,WB.DATA360:DS_DATA360(1.3),I,A,SSD,WB_WDI_SN_ITK_SVFI_ZS,_T,_T,_T,PT,_Z,_Z,_Z,2023,63.1,_Z,RATIO,2,WB_WDI,P1Y,0,A,PU,Annual,South Sudan,Prevalence of severe food insecurity in the population (%),Total,All age ranges or no breakdown by age,Total,Percentage,Not Applicable,Not Applicable,Not Applicable,Not Applicable,Ratio,Two,World Development Indicators (WDI),Annual,Units,Normal value,Public
datastructure,WB.DATA360:DS_DATA360(1.3),I,A,ESP,WB_WDI_SN_ITK_SVFI_ZS,_T,_T,_T,PT,_Z,_Z,_Z,2023,1.4,_Z,RATIO,2,WB_WDI,P1Y,0,A,PU,Annual,Spain,Prevalence of severe food insecurity in the population (%),Total,All age ranges or no breakdown by age,Total,Percentage,Not Applicable,Not Applicable,Not Applicable,Not Applicable,Ratio,Two,World Development Indicators (WDI),Annual,Units,Normal value,Public
datastructure,WB.DATA360:DS_DATA360(1.3),I,A,LKA,WB_WDI_SN_ITK_SVFI_ZS,_T,_T,_T,PT,_Z,_Z,_Z,2023,1.1,_Z,RATIO,2,WB_WDI,P1Y,0,A,PU,Annual,Sri Lanka,Prevalence of severe food insecurity in the population (%),Total,All age ranges or no breakdown by age,Total,Percentage,Not Applicable,Not Applicable,Not Applicable,Not Applicable,Ratio,Two,World Development Indicators (WDI),Annual,Units,Normal value,Public
datastructure,WB.DATA360:DS_DATA360(1.3),I,A,UKR,WB_WDI_SN_ITK_SVFI_ZS,_T,_T,_T,PT,_Z,_Z,_Z,2015,2.0,_Z,RATIO,2,WB_WDI,P1Y,0,A,PU,Annual,Ukraine,Prevalence of severe food insecurity in the population (%),Total,All age ranges or no breakdown by age,Total,Percentage,Not Applicable,Not Applicable,Not Applicable,Not Applicable,Ratio,Two,World Development Indicators (WDI),Annual,Units,Normal value,Public
datastructure,WB.DATA360:DS_DATA360(1.3),I,A,GBR,WB_WDI_SN_ITK_SVFI_ZS,_T,_T,_T,PT,_Z,_Z,_Z,2015,1.9,_Z,RATIO,2,WB_WDI,P1Y,0,A,PU,Annual,United Kingdom,Prevalence of severe food insecurity in the population (%),Total,All age ranges or no breakdown by age,Total,Percentage,Not Applicable,Not Applicable,Not Applicable,Not Applicable,Ratio,Two,World Development Indicators (WDI),Annual,Units,Normal value,Public
datastructure,WB.DATA360:DS_DATA360(1.3),I,A,USA,WB_WDI_SN_ITK_SVFI_ZS,_T,_T,_T,PT,_Z,_Z,_Z,2015,1.1,_Z,RATIO,2,WB_WDI,P1Y,0,A,PU,Annual,United States,Prevalence of severe food insecurity in the population (%),Total,All age ranges or no breakdown by age,Total,Percentage,Not Applicable,Not Applicable,Not Applicable,Not Applicable,Ratio,Two,World Development Indicators (WDI),Annual,Units,Normal value,Public
datastructure,WB.DATA360:DS_DATA360(1.3),I,A,UZB,WB_WDI_SN_ITK_SVFI_ZS,_T,_T,_T,PT,_Z,_Z,_Z,2015,1.9,_Z,RATIO,2,WB_WDI,P1Y,0,A,PU,Annual,Uzbekistan,Prevalence of severe food insecurity in the population (%),Total,All age ranges or no breakdown by age,Total,Percentage,Not Applicable,Not Applicable,Not Applicable,Not Applicable,Ratio,Two,World Development Indicators (WDI),Annual,Units,Normal value,Public
datastructure,WB.DATA360:DS_DATA360(1.3),I,A,ECS,WB_WDI_SN_ITK_SVFI_ZS,_T,_T,_T,PT,_Z,_Z,_Z,2020,2.2487875,_Z,RATIO,2,WB_WDI,P1Y,0,A,PU,Annual,Europe & Central Asia,Prevalence of severe food insecurity in the population (%),Total,All age ranges or no breakdown by age,Total,Percentage,Not Applicable,Not Applicable,Not Applicable,Not Applicable,Ratio,Two,World Development Indicators (WDI),Annual,Units,Normal value,Public
datastructure,WB.DATA360:DS_DATA360(1.3),I,A,TEC,WB_WDI_SN_ITK_SVFI_ZS,_T,_T,_T,PT,_Z,_Z,_Z,2020,3.3159713,_Z,RATIO,2,WB_WDI,P1Y,0,A,PU,Annual,Europe & Central Asia (IDA & IBRD),Prevalence of severe food insecurity in the population (%),Total,All age ranges or no breakdown by age,Total,Percentage,Not Applicable,Not Applicable,Not Applicable,Not Applicable,Ratio,Two,World Development Indicators (WDI),Annual,Units,Normal value,Public
datastructure,WB.DATA360:DS_DATA360(1.3),I,A,HIC,WB_WDI_SN_ITK_SVFI_ZS,_T,_T,_T,PT,_Z,_Z,_Z,2020,1.3495241,_Z,RATIO,2,WB_WDI,P1Y,0,A,PU,Annual,High income,Prevalence of severe food insecurity in the population (%),Total,All age ranges or no breakdown by age,Total,Percentage,Not Applicable,Not Applicable,Not Applicable,Not Applicable,Ratio,Two,World Development Indicators (WDI),Annual,Units,Normal value,Public
datastructure,WB.DATA360:DS_DATA360(1.3),I,A,IBD,WB_WDI_SN_ITK_SVFI_ZS,_T,_T,_T,PT,_Z,_Z,_Z,2020,9.6555298,_Z,RATIO,2,WB_WDI,P1Y,0,A,PU,Annual,IBRD only,Prevalence of severe food insecurity in the population (%),Total,All age ranges or no breakdown by age,Total,Percentage,Not Applicable,Not Applicable,Not Applicable,Not Applicable,Ratio,Two,World Development Indicators (WDI),Annual,Units,Normal value,Public
datastructure,WB.DATA360:DS_DATA360(1.3),I,A,IBT,WB_WDI_SN_ITK_SVFI_ZS,_T,_T,_T,PT,_Z,_Z,_Z,2020,12.0884962,_Z,RATIO,2,WB_WDI,P1Y,0,A,PU,Annual,IDA & IBRD total,Prevalence of severe food insecurity in the population (%),Total,All age ranges or no breakdown by age,Total,Percentage,Not Applicable,Not Applicable,Not Applicable,Not Applicable,Ratio,Two,World Development Indicators (WDI),Annual,Units,Normal value,Public
datastructure,WB.DATA360:DS_DATA360(1.3),I,A,IDA,WB_WDI_SN_ITK_SVFI_ZS,_T,_T,_T,PT,_Z,_Z,_Z,2020,18.7613242,_Z,RATIO,2,WB_WDI,P1Y,0,A,PU,Annual,IDA total,Prevalence of severe food insecurity in the population (%),Total,All age ranges or no breakdown by age,Total,Percentage,Not Applicable,Not Applicable,Not Applicable,Not Applicable,Ratio,Two,World Development Indicators (WDI),Annual,Units,Normal value,Public
datastructure,WB.DATA360:DS_DATA360(1.3),I,A,LCN,WB_WDI_SN_ITK_SVFI_ZS,_T,_T,_T,PT,_Z,_Z,_Z,2020,10.5247051,_Z,RATIO,2,WB_WDI,P1Y,0,A,PU,Annual,Latin America & Caribbean,Prevalence of severe food insecurity in the population (%),Total,All age ranges or no breakdown by age,Total,Percentage,Not Applicable,Not Applicable,Not Applicable,Not Applicable,Ratio,Two,World Development Indicators (WDI),Annual,Units,Normal value,Public
datastructure,WB.DATA360:DS_DATA360(1.3),I,A,IRL,WB_WDI_SN_ITK_SVFI_ZS,_T,_T,_T,PT,_Z,_Z,_Z,2021,2.4,_Z,RATIO,2,WB_WDI,P1Y,0,A,PU,Annual,Ireland,Prevalence of severe food insecurity in the population (%),Total,All age ranges or no breakdown by age,Total,Percentage,Not Applicable,Not Applicable,Not Applicable,Not Applicable,Ratio,Two,World Development Indicators (WDI),Annual,Units,Normal value,Public
datastructure,WB.DATA360:DS_DATA360(1.3),I,A,ISR,WB_WDI_SN_ITK_SVFI_ZS,_T,_T,_T,PT,_Z,_Z,_Z,2021,1.0,_Z,RATIO,2,WB_WDI,P1Y,0,A,PU,Annual,Israel,Prevalence of severe food insecurity in the population (%),Total,All age ranges or no breakdown by age,Total,Percentage,Not Applicable,Not Applicable,Not Applicable,Not Applicable,Ratio,Two,World Development Indicators (WDI),Annual,Units,Normal value,Public
datastructure,WB.DATA360:DS_DATA360(1.3),I,A,ITA,WB_WDI_SN_ITK_SVFI_ZS,_T,_T,_T,PT,_Z,_Z,_Z,2021,0.0,_Z,RATIO,2,WB_WDI,P1Y,0,A,PU,Annual,Italy,Prevalence of severe food insecurity in the population (%),Total,All age ranges or no breakdown by age,Total,Percentage,Not Applicable,Not Applicable,Not Applicable,Not Applicable,Ratio,Two,World Development Indicators (WDI),Annual,Units,Normal value,Public
datastructure,WB.DATA360:DS_DATA360(1.3),I,A,JAM,WB_WDI_SN_ITK_SVFI_ZS,_T,_T,_T,PT,_Z,_Z,_Z,2021,25.6,_Z,RATIO,2,WB_WDI,P1Y,0,A,PU,Annual,Jamaica,Prevalence of severe food insecurity in the population (%),Total,All age ranges or no breakdown by age,Total,Percentage,Not Applicable,Not Applicable,Not Applicable,Not Applicable,Ratio,Two,World Development Indicators (WDI),Annual,Units,Normal value,Public
datastructure,WB.DATA360:DS_DATA360(1.3),I,A,JPN,WB_WDI_SN_ITK_SVFI_ZS,_T,_T,_T,PT,_Z,_Z,_Z,2021,0.9,_Z,RATIO,2,WB_WDI,P1Y,0,A,PU,Annual,Japan,Prevalence of severe food insecurity in the population (%),Total,All age ranges or no breakdown by age,Total,Percentage,Not Applicable,Not Applicable,Not Applicable,Not Applicable,Ratio,Two,World Development Indicators (WDI),Annual,Units,Normal value,Public
datastructure,WB.DATA360:DS_DATA360(1.3),I,A,KAZ,WB_WDI_SN_ITK_SVFI_ZS,_T,_T,_T,PT,_Z,_Z,_Z,2021,0.5,_Z,RATIO,2,WB_WDI,P1Y,0,A,PU,Annual,Kazakhstan,Prevalence of severe food insecurity in the population (%),Total,All age ranges or no breakdown by age,Total,Percentage,Not Applicable,Not Applicable,Not Applicable,Not Applicable,Ratio,Two,World Development Indicators (WDI),Annual,Units,Normal value,Public
datastructure,WB.DATA360:DS_DATA360(1.3),I,A,KEN,WB_WDI_SN_ITK_SVFI_ZS,_T,_T,_T,PT,_Z,_Z,_Z,2021,28.0,_Z,RATIO,2,WB_WDI,P1Y,0,A,PU,Annual,Kenya,Prevalence of severe food insecurity in the population (%),Total,All age ranges or no breakdown by age,Total,Percentage,Not Applicable,Not Applicable,Not Applicable,Not Applicable,Ratio,Two,World Development Indicators (WDI),Annual,Units,Normal value,Public
datastructure,WB.DATA360:DS_DATA360(1.3),I,A,KIR,WB_WDI_SN_ITK_SVFI_ZS,_T,_T,_T,PT,_Z,_Z,_Z,2021,8.0,_Z,RATIO,2,WB_WDI,P1Y,0,A,PU,Annual,Kiribati,Prevalence of severe food insecurity in the population (%),Total,All age ranges or no breakdown by age,Total,Percentage,Not Applicable,Not Applicable,Not Applicable,Not Applicable,Ratio,Two,World Development Indicators (WDI),Annual,Units,Normal value,Public
datastructure,WB.DATA360:DS_DATA360(1.3),I,A,EAS,WB_WDI_SN_ITK_SVFI_ZS,_T,_T,_T,PT,_Z,_Z,_Z,2017,1.8713994,_Z,RATIO,2,WB_WDI,P1Y,0,A,PU,Annual,East Asia & Pacific,Prevalence of severe food insecurity in the population (%),Total,All age ranges or no breakdown by age,Total,Percentage,Not Applicable,Not Applicable,Not Applicable,Not Applicable,Ratio,Two,World Development Indicators (WDI),Annual,Units,Normal value,Public
datastructure,WB.DATA360:DS_DATA360(1.3),I,A,TEA,WB_WDI_SN_ITK_SVFI_ZS,_T,_T,_T,PT,_Z,_Z,_Z,2017,1.9670877,_Z,RATIO,2,WB_WDI,P1Y,0,A,PU,Annual,East Asia & Pacific (IDA & IBRD),Prevalence of severe food insecurity in the population (%),Total,All age ranges or no breakdown by age,Total,Percentage,Not Applicable,Not Applicable,Not Applicable,Not Applicable,Ratio,Two,World Development Indicators (WDI),Annual,Units,Normal value,Public
datastructure,WB.DATA360:DS_DATA360(1.3),I,A,ECS,WB_WDI_SN_ITK_SVFI_ZS,_T,_T,_T,PT,_Z,_Z,_Z,2017,1.8777855,_Z,RATIO,2,WB_WDI,P1Y,0,A,PU,Annual,Europe & Central Asia,Prevalence of severe food insecurity in the population (%),Total,All age ranges or no breakdown by age,Total,Percentage,Not Applicable,Not Applicable,Not Applicable,Not Applicable,Ratio,Two,World Development Indicators (WDI),Annual,Units,Normal value,Public
datastructure,WB.DATA360:DS_DATA360(1.3),I,A,TEC,WB_WDI_SN_ITK_SVFI_ZS,_T,_T,_T,PT,_Z,_Z,_Z,2017,2.3909579,_Z,RATIO,2,WB_WDI,P1Y,0,A,PU,Annual,Europe & Central Asia (IDA & IBRD),Prevalence of severe food insecurity in the population (%),Total,All age ranges or no breakdown by age,Total,Percentage,Not Applicable,Not Applicable,Not Applicable,Not Applicable,Ratio,Two,World Development Indicators (WDI),Annual,Units,Normal value,Public
datastructure,WB.DATA360:DS_DATA360(1.3),I,A,HIC,WB_WDI_SN_ITK_SVFI_ZS,_T,_T,_T,PT,_Z,_Z,_Z,2017,1.5021129,_Z,RATIO,2,WB_WDI,P1Y,0,A,PU,Annual,High income,Prevalence of severe food insecurity in the population (%),Total,All age ranges or no breakdown by age,Total,Percentage,Not Applicable,Not Applicable,Not Applicable,Not Applicable,Ratio,Two,World Development Indicators (WDI),Annual,Units,Normal value,Public
datastructure,WB.DATA360:DS_DATA360(1.3),I,A,KGZ,WB_WDI_SN_ITK_SVFI_ZS,_T,_T,_T,PT,_Z,_Z,_Z,2018,0.8,_Z,RATIO,2,WB_WDI,P1Y,0,A,PU,Annual,Kyrgyz Republic,Prevalence of severe food insecurity in the population (%),Total,All age ranges or no breakdown by age,Total,Percentage,Not Applicable,Not Applicable,Not Applicable,Not Applicable,Ratio,Two,World Development Indicators (WDI),Annual,Units,Normal value,Public
datastructure,WB.DATA360:DS_DATA360(1.3),I,A,LVA,WB_WDI_SN_ITK_SVFI_ZS,_T,_T,_T,PT,_Z,_Z,_Z,2018,0.6,_Z,RATIO,2,WB_WDI,P1Y,0,A,PU,Annual,Latvia,Prevalence of severe food insecurity in the population (%),Total,All age ranges or no breakdown by age,Total,Percentage,Not Applicable,Not Applicable,Not Applicable,Not Applicable,Ratio,Two,World Development Indicators (WDI),Annual,Units,Normal value,Public
datastructure,WB.DATA360:DS_DATA360(1.3),I,A,LBN,WB_WDI_SN_ITK_SVFI_ZS,_T,_T,_T,PT,_Z,_Z,_Z,2018,4.2,_Z,RATIO,2,WB_WDI,P1Y,0,A,PU,Annual,Lebanon,Prevalence of severe food insecurity in the population (%),Total,All age ranges or no breakdown by age,Total,Percentage,Not Applicable,Not Applicable,Not Applicable,Not Applicable,Ratio,Two,World Development Indicators (WDI),Annual,Units,Normal value,Public
datastructure,WB.DATA360:DS_DATA360(1.3),I,A,LSO,WB_WDI_SN_ITK_SVFI_ZS,_T,_T,_T,PT,_Z,_Z,_Z,2018,27.0,_Z,RATIO,2,WB_WDI,P1Y,0,A,PU,Annual,Lesotho,Prevalence of severe food insecurity in the population (%),Total,All age ranges or no breakdown by age,Total,Percentage,Not Applicable,Not Applicable,Not Applicable,Not Applicable,Ratio,Two,World Development Indicators (WDI),Annual,Units,Normal value,Public
datastructure,WB.DATA360:DS_DATA360(1.3),I,A,LBY,WB_WDI_SN_ITK_SVFI_ZS,_T,_T,_T,PT,_Z,_Z,_Z,2018,16.7,_Z,RATIO,2,WB_WDI,P1Y,0,A,PU,Annual,Libya,Prevalence of severe food insecurity in the population (%),Total,All age ranges or no breakdown by age,Total,Percentage,Not Applicable,Not Applicable,Not Applicable,Not Applicable,Ratio,Two,World Development Indicators (WDI),Annual,Units,Normal value,Public
datastructure,WB.DATA360:DS_DATA360(1.3),I,A,LTU,WB_WDI_SN_ITK_SVFI_ZS,_T,_T,_T,PT,_Z,_Z,_Z,2018,1.1,_Z,RATIO,2,WB_WDI,P1Y,0,A,PU,Annual,Lithuania,Prevalence of severe food insecurity in the population (%),Total,All age ranges or no breakdown by age,Total,Percentage,Not Applicable,Not Applicable,Not Applicable,Not Applicable,Ratio,Two,World Development Indicators (WDI),Annual,Units,Normal value,Public
datastructure,WB.DATA360:DS_DATA360(1.3),I,A,LUX,WB_WDI_SN_ITK_SVFI_ZS,_T,_T,_T,PT,_Z,_Z,_Z,2018,0.9,_Z,RATIO,2,WB_WDI,P1Y,0,A,PU,Annual,Luxembourg,Prevalence of severe food insecurity in the population (%),Total,All age ranges or no breakdown by age,Total,Percentage,Not Applicable,Not Applicable,Not Applicable,Not Applicable,Ratio,Two,World Development Indicators (WDI),Annual,Units,Normal value,Public
datastructure,WB.DATA360:DS_DATA360(1.3),I,A,MDG,WB_WDI_SN_ITK_SVFI_ZS,_T,_T,_T,PT,_Z,_Z,_Z,2018,9.5,_Z,RATIO,2,WB_WDI,P1Y,0,A,PU,Annual,Madagascar,Prevalence of severe food insecurity in the population (%),Total,All age ranges or no breakdown by age,Total,Percentage,Not Applicable,Not Applicable,Not Applicable,Not Applicable,Ratio,Two,World Development Indicators (WDI),Annual,Units,Normal value,Public
datastructure,WB.DATA360:DS_DATA360(1.3),I,A,NAM,WB_WDI_SN_ITK_SVFI_ZS,_T,_T,_T,PT,_Z,_Z,_Z,2015,28.9,_Z,RATIO,2,WB_WDI,P1Y,0,A,PU,Annual,Namibia,Prevalence of severe food insecurity in the population (%),Total,All age ranges or no breakdown by age,Total,Percentage,Not Applicable,Not Applicable,Not Applicable,Not Applicable,Ratio,Two,World Development Indicators (WDI),Annual,Units,Normal value,Public
datastructure,WB.DATA360:DS_DATA360(1.3),I,A,NPL,WB_WDI_SN_ITK_SVFI_ZS,_T,_T,_T,PT,_Z,_Z,_Z,2015,10.4,_Z,RATIO,2,WB_WDI,P1Y,0,A,PU,Annual,Nepal,Prevalence of severe food insecurity in the population (%),Total,All age ranges or no breakdown by age,Total,Percentage,Not Applicable,Not Applicable,Not Applicable,Not Applicable,Ratio,Two,World Development Indicators (WDI),Annual,Units,Normal value,Public
datastructure,WB.DATA360:DS_DATA360(1.3),I,A,NLD,WB_WDI_SN_ITK_SVFI_ZS,_T,_T,_T,PT,_Z,_Z,_Z,2015,1.5,_Z,RATIO,2,WB_WDI,P1Y,0,A,PU,Annual,Netherlands,Prevalence of severe food insecurity in the population (%),Total,All age ranges or no breakdown by age,Total,Percentage,Not Applicable,Not Applicable,Not Applicable,Not Applicable,Ratio,Two,World Development Indicators (WDI),Annual,Units,Normal value,Public
datastructure,WB.DATA360:DS_DATA360(1.3),I,A,NZL,WB_WDI_SN_ITK_SVFI_ZS,_T,_T,_T,PT,_Z,_Z,_Z,2015,2.8,_Z,RATIO,2,WB_WDI,P1Y,0,A,PU,Annual,New Zealand,Prevalence of severe food insecurity in the population (%),Total,All age ranges or no breakdown by age,Total,Percentage,Not Applicable,Not Applicable,Not Applicable,Not Applicable,Ratio,Two,World Development Indicators (WDI),Annual,Units,Normal value,Public
datastructure,WB.DATA360:DS_DATA360(1.3),I,A,NGA,WB_WDI_SN_ITK_SVFI_ZS,_T,_T,_T,PT,_Z,_Z,_Z,2015,11.0,_Z,RATIO,2,WB_WDI,P1Y,0,A,PU,Annual,Nigeria,Prevalence of severe food insecurity in the population (%),Total,All age ranges or no breakdown by age,Total,Percentage,Not Applicable,Not Applicable,Not Applicable,Not Applicable,Ratio,Two,World Development Indicators (WDI),Annual,Units,Normal value,Public
datastructure,WB.DATA360:DS_DATA360(1.3),I,A,MKD,WB_WDI_SN_ITK_SVFI_ZS,_T,_T,_T,PT,_Z,_Z,_Z,2015,3.6,_Z,RATIO,2,WB_WDI,P1Y,0,A,PU,Annual,North Macedonia,Prevalence of severe food insecurity in the population (%),Total,All age ranges or no breakdown by age,Total,Percentage,Not Applicable,Not Applicable,Not Applicable,Not Applicable,Ratio,Two,World Development Indicators (WDI),Annual,Units,Normal value,Public
datastructure,WB.DATA360:DS_DATA360(1.3),I,A,MDA,WB_WDI_SN_ITK_SVFI_ZS,_T,_T,_T,PT,_Z,_Z,_Z,2021,4.8,_Z,RATIO,2,WB_WDI,P1Y,0,A,PU,Annual,Moldova,Prevalence of severe food insecurity in the population (%),Total,All age ranges or no breakdown by age,Total,Percentage,Not Applicable,Not Applicable,Not Applicable,Not Applicable,Ratio,Two,World Development Indicators (WDI),Annual,Units,Normal value,Public
datastructure,WB.DATA360:DS_DATA360(1.3),I,A,MNG,WB_WDI_SN_ITK_SVFI_ZS,_T,_T,_T,PT,_Z,_Z,_Z,2021,0.0,_Z,RATIO,2,WB_WDI,P1Y,0,A,PU,Annual,Mongolia,Prevalence of severe food insecurity in the population (%),Total,All age ranges or no breakdown by age,Total,Percentage,Not Applicable,Not Applicable,Not Applicable,Not Applicable,Ratio,Two,World Development Indicators (WDI),Annual,Units,Normal value,Public
datastructure,WB.DATA360:DS_DATA360(1.3),I,A,MNE,WB_WDI_SN_ITK_SVFI_ZS,_T,_T,_T,PT,_Z,_Z,_Z,2021,3.3,_Z,RATIO,2,WB_WDI,P1Y,0,A,PU,Annual,Montenegro,Prevalence of severe food insecurity in the population (%),Total,All age ranges or no breakdown by age,Total,Percentage,Not Applicable,Not Applicable,Not Applicable,Not Applicable,Ratio,Two,World Development Indicators (WDI),Annual,Units,Normal value,Public
datastructure,WB.DATA360:DS_DATA360(1.3),I,A,MMR,WB_WDI_SN_ITK_SVFI_ZS,_T,_T,_T,PT,_Z,_Z,_Z,2021,5.0,_Z,RATIO,2,WB_WDI,P1Y,0,A,PU,Annual,Myanmar,Prevalence of severe food insecurity in the population (%),Total,All age ranges or no breakdown by age,Total,Percentage,Not Applicable,Not Applicable,Not Applicable,Not Applicable,Ratio,Two,World Development Indicators (WDI),Annual,Units,Normal value,Public
datastructure,WB.DATA360:DS_DATA360(1.3),I,A,NAM,WB_WDI_SN_ITK_SVFI_ZS,_T,_T,_T,PT,_Z,_Z,_Z,2021,33.0,_Z,RATIO,2,WB_WDI,P1Y,0,A,PU,Annual,Namibia,Prevalence of severe food insecurity in the population (%),Total,All age ranges or no breakdown by age,Total,Percentage,Not Applicable,Not Applicable,Not Applicable,Not Applicable,Ratio,Two,World Development Indicators (WDI),Annual,Units,Normal value,Public
datastructure,WB.DATA360:DS_DATA360(1.3),I,A,NRU,WB_WDI_SN_ITK_SVFI_ZS,_T,_T,_T,PT,_Z,_Z,_Z,2021,9.2,_Z,RATIO,2,WB_WDI,P1Y,0,A,PU,Annual,Nauru,Prevalence of severe food insecurity in the population (%),Total,All age ranges or no breakdown by age,Total,Percentage,Not Applicable,Not Applicable,Not Applicable,Not Applicable,Ratio,Two,World Development Indicators (WDI),Annual,Units,Normal value,Public
datastructure,WB.DATA360:DS_DATA360(1.3),I,A,NPL,WB_WDI_SN_ITK_SVFI_ZS,_T,_T,_T,PT,_Z,_Z,_Z,2021,13.2,_Z,RATIO,2,WB_WDI,P1Y,0,A,PU,Annual,Nepal,Prevalence of severe food insecurity in the population (%),Total,All age ranges or no breakdown by age,Total,Percentage,Not Applicable,Not Applicable,Not Applicable,Not Applicable,Ratio,Two,World Development Indicators (WDI),Annual,Units,Normal value,Public
datastructure,WB.DATA360:DS_DATA360(1.3),I,A,NLD,WB_WDI_SN_ITK_SVFI_ZS,_T,_T,_T,PT,_Z,_Z,_Z,2021,1.4,_Z,RATIO,2,WB_WDI,P1Y,0,A,PU,Annual,Netherlands,Prevalence of severe food insecurity in the population (%),Total,All age ranges or no breakdown by age,Total,Percentage,Not Applicable,Not Applicable,Not Applicable,Not Applicable,Ratio,Two,World Development Indicators (WDI),Annual,Units,Normal value,Public
datastructure,WB.DATA360:DS_DATA360(1.3),I,A,LBY,WB_WDI_SN_ITK_SVFI_ZS,_T,_T,_T,PT,_Z,_Z,_Z,2023,17.2,_Z,RATIO,2,WB_WDI,P1Y,0,A,PU,Annual,Libya,Prevalence of severe food insecurity in the population (%),Total,All age ranges or no breakdown by age,Total,Percentage,Not Applicable,Not Applicable,Not Applicable,Not Applicable,Ratio,Two,World Development Indicators (WDI),Annual,Units,Normal value,Public
datastructure,WB.DATA360:DS_DATA360(1.3),I,A,LTU,WB_WDI_SN_ITK_SVFI_ZS,_T,_T,_T,PT,_Z,_Z,_Z,2023,1.2,_Z,RATIO,2,WB_WDI,P1Y,0,A,PU,Annual,Lithuania,Prevalence of severe food insecurity in the population (%),Total,All age ranges or no breakdown by age,Total,Percentage,Not Applicable,Not Applicable,Not Applicable,Not Applicable,Ratio,Two,World Development Indicators (WDI),Annual,Units,Normal value,Public
datastructure,WB.DATA360:DS_DATA360(1.3),I,A,LUX,WB_WDI_SN_ITK_SVFI_ZS,_T,_T,_T,PT,_Z,_Z,_Z,2023,0.6,_Z,RATIO,2,WB_WDI,P1Y,0,A,PU,Annual,Luxembourg,Prevalence of severe food insecurity in the population (%),Total,All age ranges or no breakdown by age,Total,Percentage,Not Applicable,Not Applicable,Not Applicable,Not Applicable,Ratio,Two,World Development Indicators (WDI),Annual,Units,Normal value,Public
datastructure,WB.DATA360:DS_DATA360(1.3),I,A,MDG,WB_WDI_SN_ITK_SVFI_ZS,_T,_T,_T,PT,_Z,_Z,_Z,2023,17.8,_Z,RATIO,2,WB_WDI,P1Y,0,A,PU,Annual,Madagascar,Prevalence of severe food insecurity in the population (%),Total,All age ranges or no breakdown by age,Total,Percentage,Not Applicable,Not Applicable,Not Applicable,Not Applicable,Ratio,Two,World Development Indicators (WDI),Annual,Units,Normal value,Public
datastructure,WB.DATA360:DS_DATA360(1.3),I,A,MWI,WB_WDI_SN_ITK_SVFI_ZS,_T,_T,_T,PT,_Z,_Z,_Z,2023,55.6,_Z,RATIO,2,WB_WDI,P1Y,0,A,PU,Annual,Malawi,Prevalence of severe food insecurity in the population (%),Total,All age ranges or no breakdown by age,Total,Percentage,Not Applicable,Not Applicable,Not Applicable,Not Applicable,Ratio,Two,World Development Indicators (WDI),Annual,Units,Normal value,Public
datastructure,WB.DATA360:DS_DATA360(1.3),I,A,MYS,WB_WDI_SN_ITK_SVFI_ZS,_T,_T,_T,PT,_Z,_Z,_Z,2023,5.8,_Z,RATIO,2,WB_WDI,P1Y,0,A,PU,Annual,Malaysia,Prevalence of severe food insecurity in the population (%),Total,All age ranges or no breakdown by age,Total,Percentage,Not Applicable,Not Applicable,Not Applicable,Not Applicable,Ratio,Two,World Development Indicators (WDI),Annual,Units,Normal value,Public
datastructure,WB.DATA360:DS_DATA360(1.3),I,A,MLI,WB_WDI_SN_ITK_SVFI_ZS,_T,_T,_T,PT,_Z,_Z,_Z,2023,2.6,_Z,RATIO,2,WB_WDI,P1Y,0,A,PU,Annual,Mali,Prevalence of severe food insecurity in the population (%),Total,All age ranges or no breakdown by age,Total,Percentage,Not Applicable,Not Applicable,Not Applicable,Not Applicable,Ratio,Two,World Development Indicators (WDI),Annual,Units,Normal value,Public
datastructure,WB.DATA360:DS_DATA360(1.3),I,A,MLT,WB_WDI_SN_ITK_SVFI_ZS,_T,_T,_T,PT,_Z,_Z,_Z,2023,2.1,_Z,RATIO,2,WB_WDI,P1Y,0,A,PU,Annual,Malta,Prevalence of severe food insecurity in the population (%),Total,All age ranges or no breakdown by age,Total,Percentage,Not Applicable,Not Applicable,Not Applicable,Not Applicable,Ratio,Two,World Development Indicators (WDI),Annual,Units,Normal value,Public
datastructure,WB.DATA360:DS_DATA360(1.3),I,A,MRT,WB_WDI_SN_ITK_SVFI_ZS,_T,_T,_T,PT,_Z,_Z,_Z,2023,13.1,_Z,RATIO,2,WB_WDI,P1Y,0,A,PU,Annual,Mauritania,Prevalence of severe food insecurity in the population (%),Total,All age ranges or no breakdown by age,Total,Percentage,Not Applicable,Not Applicable,Not Applicable,Not Applicable,Ratio,Two,World Development Indicators (WDI),Annual,Units,Normal value,Public
datastructure,WB.DATA360:DS_DATA360(1.3),I,A,MUS,WB_WDI_SN_ITK_SVFI_ZS,_T,_T,_T,PT,_Z,_Z,_Z,2023,12.2,_Z,RATIO,2,WB_WDI,P1Y,0,A,PU,Annual,Mauritius,Prevalence of severe food insecurity in the population (%),Total,All age ranges or no breakdown by age,Total,Percentage,Not Applicable,Not Applicable,Not Applicable,Not Applicable,Ratio,Two,World Development Indicators (WDI),Annual,Units,Normal value,Public
datastructure,WB.DATA360:DS_DATA360(1.3),I,A,SRB,WB_WDI_SN_ITK_SVFI_ZS,_T,_T,_T,PT,_Z,_Z,_Z,2020,3.8,_Z,RATIO,2,WB_WDI,P1Y,0,A,PU,Annual,Serbia,Prevalence of severe food insecurity in the population (%),Total,All age ranges or no breakdown by age,Total,Percentage,Not Applicable,Not Applicable,Not Applicable,Not Applicable,Ratio,Two,World Development Indicators (WDI),Annual,Units,Normal value,Public
datastructure,WB.DATA360:DS_DATA360(1.3),I,A,SLE,WB_WDI_SN_ITK_SVFI_ZS,_T,_T,_T,PT,_Z,_Z,_Z,2020,31.5,_Z,RATIO,2,WB_WDI,P1Y,0,A,PU,Annual,Sierra Leone,Prevalence of severe food insecurity in the population (%),Total,All age ranges or no breakdown by age,Total,Percentage,Not Applicable,Not Applicable,Not Applicable,Not Applicable,Ratio,Two,World Development Indicators (WDI),Annual,Units,Normal value,Public
datastructure,WB.DATA360:DS_DATA360(1.3),I,A,SGP,WB_WDI_SN_ITK_SVFI_ZS,_T,_T,_T,PT,_Z,_Z,_Z,2020,0.7,_Z,RATIO,2,WB_WDI,P1Y,0,A,PU,Annual,Singapore,Prevalence of severe food insecurity in the population (%),Total,All age ranges or no breakdown by age,Total,Percentage,Not Applicable,Not Applicable,Not Applicable,Not Applicable,Ratio,Two,World Development Indicators (WDI),Annual,Units,Normal value,Public
datastructure,WB.DATA360:DS_DATA360(1.3),I,A,SVK,WB_WDI_SN_ITK_SVFI_ZS,_T,_T,_T,PT,_Z,_Z,_Z,2020,1.6,_Z,RATIO,2,WB_WDI,P1Y,0,A,PU,Annual,Slovak Republic,Prevalence of severe food insecurity in the population (%),Total,All age ranges or no breakdown by age,Total,Percentage,Not Applicable,Not Applicable,Not Applicable,Not Applicable,Ratio,Two,World Development Indicators (WDI),Annual,Units,Normal value,Public
datastructure,WB.DATA360:DS_DATA360(1.3),I,A,SVN,WB_WDI_SN_ITK_SVFI_ZS,_T,_T,_T,PT,_Z,_Z,_Z,2020,0.6,_Z,RATIO,2,WB_WDI,P1Y,0,A,PU,Annual,Slovenia,Prevalence of severe food insecurity in the population (%),Total,All age ranges or no breakdown by age,Total,Percentage,Not Applicable,Not Applicable,Not Applicable,Not Applicable,Ratio,Two,World Development Indicators (WDI),Annual,Units,Normal value,Public
datastructure,WB.DATA360:DS_DATA360(1.3),I,A,ZAF,WB_WDI_SN_ITK_SVFI_ZS,_T,_T,_T,PT,_Z,_Z,_Z,2020,8.0,_Z,RATIO,2,WB_WDI,P1Y,0,A,PU,Annual,South Africa,Prevalence of severe food insecurity in the population (%),Total,All age ranges or no breakdown by age,Total,Percentage,Not Applicable,Not Applicable,Not Applicable,Not Applicable,Ratio,Two,World Development Indicators (WDI),Annual,Units,Normal value,Public
datastructure,WB.DATA360:DS_DATA360(1.3),I,A,SSD,WB_WDI_SN_ITK_SVFI_ZS,_T,_T,_T,PT,_Z,_Z,_Z,2020,62.3,_Z,RATIO,2,WB_WDI,P1Y,0,A,PU,Annual,South Sudan,Prevalence of severe food insecurity in the population (%),Total,All age ranges or no breakdown by age,Total,Percentage,Not Applicable,Not Applicable,Not Applicable,Not Applicable,Ratio,Two,World Development Indicators (WDI),Annual,Units,Normal value,Public
datastructure,WB.DATA360:DS_DATA360(1.3),I,A,ESP,WB_WDI_SN_ITK_SVFI_ZS,_T,_T,_T,PT,_Z,_Z,_Z,2020,2.0,_Z,RATIO,2,WB_WDI,P1Y,0,A,PU,Annual,Spain,Prevalence of severe food insecurity in the population (%),Total,All age ranges or no breakdown by age,Total,Percentage,Not Applicable,Not Applicable,Not Applicable,Not Applicable,Ratio,Two,World Development Indicators (WDI),Annual,Units,Normal value,Public
datastructure,WB.DATA360:DS_DATA360(1.3),I,A,EGY,WB_WDI_SN_ITK_SVFI_ZS,_T,_T,_T,PT,_Z,_Z,_Z,2019,6.7,_Z,RATIO,2,WB_WDI,P1Y,0,A,PU,Annual,"Egypt, Arab Rep.",Prevalence of severe food insecurity in the population (%),Total,All age ranges or no breakdown by age,Total,Percentage,Not Applicable,Not Applicable,Not Applicable,Not Applicable,Ratio,Two,World Development Indicators (WDI),Annual,Units,Normal value,Public
datastructure,WB.DATA360:DS_DATA360(1.3),I,A,SLV,WB_WDI_SN_ITK_SVFI_ZS,_T,_T,_T,PT,_Z,_Z,_Z,2019,15.1,_Z,RATIO,2,WB_WDI,P1Y,0,A,PU,Annual,El Salvador,Prevalence of severe food insecurity in the population (%),Total,All age ranges or no breakdown by age,Total,Percentage,Not Applicable,Not Applicable,Not Applicable,Not Applicable,Ratio,Two,World Development Indicators (WDI),Annual,Units,Normal value,Public
datastructure,WB.DATA360:DS_DATA360(1.3),I,A,EST,WB_WDI_SN_ITK_SVFI_ZS,_T,_T,_T,PT,_Z,_Z,_Z,2019,0.8,_Z,RATIO,2,WB_WDI,P1Y,0,A,PU,Annual,Estonia,Prevalence of severe food insecurity in the population (%),Total,All age ranges or no breakdown by age,Total,Percentage,Not Applicable,Not Applicable,Not Applicable,Not Applicable,Ratio,Two,World Development Indicators (WDI),Annual,Units,Normal value,Public
datastructure,WB.DATA360:DS_DATA360(1.3),I,A,ETH,WB_WDI_SN_ITK_SVFI_ZS,_T,_T,_T,PT,_Z,_Z,_Z,2019,16.4,_Z,RATIO,2,WB_WDI,P1Y,0,A,PU,Annual,Ethiopia,Prevalence of severe food insecurity in the population (%),Total,All age ranges or no breakdown by age,Total,Percentage,Not Applicable,Not Applicable,Not Applicable,Not Applicable,Ratio,Two,World Development Indicators (WDI),Annual,Units,Normal value,Public
datastructure,WB.DATA360:DS_DATA360(1.3),I,A,FJI,WB_WDI_SN_ITK_SVFI_ZS,_T,_T,_T,PT,_Z,_Z,_Z,2019,2.0,_Z,RATIO,2,WB_WDI,P1Y,0,A,PU,Annual,Fiji,Prevalence of severe food insecurity in the population (%),Total,All age ranges or no breakdown by age,Total,Percentage,Not Applicable,Not Applicable,Not Applicable,Not Applicable,Ratio,Two,World Development Indicators (WDI),Annual,Units,Normal value,Public
datastructure,WB.DATA360:DS_DATA360(1.3),I,A,FIN,WB_WDI_SN_ITK_SVFI_ZS,_T,_T,_T,PT,_Z,_Z,_Z,2019,1.9,_Z,RATIO,2,WB_WDI,P1Y,0,A,PU,Annual,Finland,Prevalence of severe food insecurity in the population (%),Total,All age ranges or no breakdown by age,Total,Percentage,Not Applicable,Not Applicable,Not Applicable,Not Applicable,Ratio,Two,World Development Indicators (WDI),Annual,Units,Normal value,Public
datastructure,WB.DATA360:DS_DATA360(1.3),I,A,FRA,WB_WDI_SN_ITK_SVFI_ZS,_T,_T,_T,PT,_Z,_Z,_Z,2019,0.7,_Z,RATIO,2,WB_WDI,P1Y,0,A,PU,Annual,France,Prevalence of severe food insecurity in the population (%),Total,All age ranges or no breakdown by age,Total,Percentage,Not Applicable,Not Applicable,Not Applicable,Not Applicable,Ratio,Two,World Development Indicators (WDI),Annual,Units,Normal value,Public
datastructure,WB.DATA360:DS_DATA360(1.3),I,A,GTM,WB_WDI_SN_ITK_SVFI_ZS,_T,_T,_T,PT,_Z,_Z,_Z,2021,20.3,_Z,RATIO,2,WB_WDI,P1Y,0,A,PU,Annual,Guatemala,Prevalence of severe food insecurity in the population (%),Total,All age ranges or no breakdown by age,Total,Percentage,Not Applicable,Not Applicable,Not Applicable,Not Applicable,Ratio,Two,World Development Indicators (WDI),Annual,Units,Normal value,Public
datastructure,WB.DATA360:DS_DATA360(1.3),I,A,GNB,WB_WDI_SN_ITK_SVFI_ZS,_T,_T,_T,PT,_Z,_Z,_Z,2021,8.9,_Z,RATIO,2,WB_WDI,P1Y,0,A,PU,Annual,Guinea-Bissau,Prevalence of severe food insecurity in the population (%),Total,All age ranges or no breakdown by age,Total,Percentage,Not Applicable,Not Applicable,Not Applicable,Not Applicable,Ratio,Two,World Development Indicators (WDI),Annual,Units,Normal value,Public
datastructure,WB.DATA360:DS_DATA360(1.3),I,A,GUY,WB_WDI_SN_ITK_SVFI_ZS,_T,_T,_T,PT,_Z,_Z,_Z,2021,4.7,_Z,RATIO,2,WB_WDI,P1Y,0,A,PU,Annual,Guyana,Prevalence of severe food insecurity in the population (%),Total,All age ranges or no breakdown by age,Total,Percentage,Not Applicable,Not Applicable,Not Applicable,Not Applicable,Ratio,Two,World Development Indicators (WDI),Annual,Units,Normal value,Public
datastructure,WB.DATA360:DS_DATA360(1.3),I,A,HTI,WB_WDI_SN_ITK_SVFI_ZS,_T,_T,_T,PT,_Z,_Z,_Z,2021,42.9,_Z,RATIO,2,WB_WDI,P1Y,0,A,PU,Annual,Haiti,Prevalence of severe food insecurity in the population (%),Total,All age ranges or no breakdown by age,Total,Percentage,Not Applicable,Not Applicable,Not Applicable,Not Applicable,Ratio,Two,World Development Indicators (WDI),Annual,Units,Normal value,Public
datastructure,WB.DATA360:DS_DATA360(1.3),I,A,HND,WB_WDI_SN_ITK_SVFI_ZS,_T,_T,_T,PT,_Z,_Z,_Z,2021,15.5,_Z,RATIO,2,WB_WDI,P1Y,0,A,PU,Annual,Honduras,Prevalence of severe food insecurity in the population (%),Total,All age ranges or no breakdown by age,Total,Percentage,Not Applicable,Not Applicable,Not Applicable,Not Applicable,Ratio,Two,World Development Indicators (WDI),Annual,Units,Normal value,Public
datastructure,WB.DATA360:DS_DATA360(1.3),I,A,HUN,WB_WDI_SN_ITK_SVFI_ZS,_T,_T,_T,PT,_Z,_Z,_Z,2021,3.0,_Z,RATIO,2,WB_WDI,P1Y,0,A,PU,Annual,Hungary,Prevalence of severe food insecurity in the population (%),Total,All age ranges or no breakdown by age,Total,Percentage,Not Applicable,Not Applicable,Not Applicable,Not Applicable,Ratio,Two,World Development Indicators (WDI),Annual,Units,Normal value,Public
datastructure,WB.DATA360:DS_DATA360(1.3),I,A,ISL,WB_WDI_SN_ITK_SVFI_ZS,_T,_T,_T,PT,_Z,_Z,_Z,2021,1.6,_Z,RATIO,2,WB_WDI,P1Y,0,A,PU,Annual,Iceland,Prevalence of severe food insecurity in the population (%),Total,All age ranges or no breakdown by age,Total,Percentage,Not Applicable,Not Applicable,Not Applicable,Not Applicable,Ratio,Two,World Development Indicators (WDI),Annual,Units,Normal value,Public
datastructure,WB.DATA360:DS_DATA360(1.3),I,A,IDN,WB_WDI_SN_ITK_SVFI_ZS,_T,_T,_T,PT,_Z,_Z,_Z,2021,0.0,_Z,RATIO,2,WB_WDI,P1Y,0,A,PU,Annual,Indonesia,Prevalence of severe food insecurity in the population (%),Total,All age ranges or no breakdown by age,Total,Percentage,Not Applicable,Not Applicable,Not Applicable,Not Applicable,Ratio,Two,World Development Indicators (WDI),Annual,Units,Normal value,Public
datastructure,WB.DATA360:DS_DATA360(1.3),I,A,IRN,WB_WDI_SN_ITK_SVFI_ZS,_T,_T,_T,PT,_Z,_Z,_Z,2021,7.4,_Z,RATIO,2,WB_WDI,P1Y,0,A,PU,Annual,"Iran, Islamic Rep.",Prevalence of severe food insecurity in the population (%),Total,All age ranges or no breakdown by age,Total,Percentage,Not Applicable,Not Applicable,Not Applicable,Not Applicable,Ratio,Two,World Development Indicators (WDI),Annual,Units,Normal value,Public
datastructure,WB.DATA360:DS_DATA360(1.3),I,A,STP,WB_WDI_SN_ITK_SVFI_ZS,_T,_T,_T,PT,_Z,_Z,_Z,2022,14.1,_Z,RATIO,2,WB_WDI,P1Y,0,A,PU,Annual,São Tomé and Príncipe,Prevalence of severe food insecurity in the population (%),Total,All age ranges or no breakdown by age,Total,Percentage,Not Applicable,Not Applicable,Not Applicable,Not Applicable,Ratio,Two,World Development Indicators (WDI),Annual,Units,Normal value,Public
datastructure,WB.DATA360:DS_DATA360(1.3),I,A,SEN,WB_WDI_SN_ITK_SVFI_ZS,_T,_T,_T,PT,_Z,_Z,_Z,2022,4.0,_Z,RATIO,2,WB_WDI,P1Y,0,A,PU,Annual,Senegal,Prevalence of severe food insecurity in the population (%),Total,All age ranges or no breakdown by age,Total,Percentage,Not Applicable,Not Applicable,Not Applicable,Not Applicable,Ratio,Two,World Development Indicators (WDI),Annual,Units,Normal value,Public
datastructure,WB.DATA360:DS_DATA360(1.3),I,A,SRB,WB_WDI_SN_ITK_SVFI_ZS,_T,_T,_T,PT,_Z,_Z,_Z,2022,3.0,_Z,RATIO,2,WB_WDI,P1Y,0,A,PU,Annual,Serbia,Prevalence of severe food insecurity in the population (%),Total,All age ranges or no breakdown by age,Total,Percentage,Not Applicable,Not Applicable,Not Applicable,Not Applicable,Ratio,Two,World Development Indicators (WDI),Annual,Units,Normal value,Public
datastructure,WB.DATA360:DS_DATA360(1.3),I,A,SLE,WB_WDI_SN_ITK_SVFI_ZS,_T,_T,_T,PT,_Z,_Z,_Z,2022,32.3,_Z,RATIO,2,WB_WDI,P1Y,0,A,PU,Annual,Sierra Leone,Prevalence of severe food insecurity in the population (%),Total,All age ranges or no breakdown by age,Total,Percentage,Not Applicable,Not Applicable,Not Applicable,Not Applicable,Ratio,Two,World Development Indicators (WDI),Annual,Units,Normal value,Public
datastructure,WB.DATA360:DS_DATA360(1.3),I,A,SGP,WB_WDI_SN_ITK_SVFI_ZS,_T,_T,_T,PT,_Z,_Z,_Z,2022,2.5,_Z,RATIO,2,WB_WDI,P1Y,0,A,PU,Annual,Singapore,Prevalence of severe food insecurity in the population (%),Total,All age ranges or no breakdown by age,Total,Percentage,Not Applicable,Not Applicable,Not Applicable,Not Applicable,Ratio,Two,World Development Indicators (WDI),Annual,Units,Normal value,Public
datastructure,WB.DATA360:DS_DATA360(1.3),I,A,SVK,WB_WDI_SN_ITK_SVFI_ZS,_T,_T,_T,PT,_Z,_Z,_Z,2022,2.0,_Z,RATIO,2,WB_WDI,P1Y,0,A,PU,Annual,Slovak Republic,Prevalence of severe food insecurity in the population (%),Total,All age ranges or no breakdown by age,Total,Percentage,Not Applicable,Not Applicable,Not Applicable,Not Applicable,Ratio,Two,World Development Indicators (WDI),Annual,Units,Normal value,Public
datastructure,WB.DATA360:DS_DATA360(1.3),I,A,SVN,WB_WDI_SN_ITK_SVFI_ZS,_T,_T,_T,PT,_Z,_Z,_Z,2022,0.9,_Z,RATIO,2,WB_WDI,P1Y,0,A,PU,Annual,Slovenia,Prevalence of severe food insecurity in the population (%),Total,All age ranges or no breakdown by age,Total,Percentage,Not Applicable,Not Applicable,Not Applicable,Not Applicable,Ratio,Two,World Development Indicators (WDI),Annual,Units,Normal value,Public
datastructure,WB.DATA360:DS_DATA360(1.3),I,A,MKD,WB_WDI_SN_ITK_SVFI_ZS,_T,_T,_T,PT,_Z,_Z,_Z,2020,6.0,_Z,RATIO,2,WB_WDI,P1Y,0,A,PU,Annual,North Macedonia,Prevalence of severe food insecurity in the population (%),Total,All age ranges or no breakdown by age,Total,Percentage,Not Applicable,Not Applicable,Not Applicable,Not Applicable,Ratio,Two,World Development Indicators (WDI),Annual,Units,Normal value,Public
datastructure,WB.DATA360:DS_DATA360(1.3),I,A,NOR,WB_WDI_SN_ITK_SVFI_ZS,_T,_T,_T,PT,_Z,_Z,_Z,2020,1.0,_Z,RATIO,2,WB_WDI,P1Y,0,A,PU,Annual,Norway,Prevalence of severe food insecurity in the population (%),Total,All age ranges or no breakdown by age,Total,Percentage,Not Applicable,Not Applicable,Not Applicable,Not Applicable,Ratio,Two,World Development Indicators (WDI),Annual,Units,Normal value,Public
datastructure,WB.DATA360:DS_DATA360(1.3),I,A,PAK,WB_WDI_SN_ITK_SVFI_ZS,_T,_T,_T,PT,_Z,_Z,_Z,2020,8.7,_Z,RATIO,2,WB_WDI,P1Y,0,A,PU,Annual,Pakistan,Prevalence of severe food insecurity in the population (%),Total,All age ranges or no breakdown by age,Total,Percentage,Not Applicable,Not Applicable,Not Applicable,Not Applicable,Ratio,Two,World Development Indicators (WDI),Annual,Units,Normal value,Public
datastructure,WB.DATA360:DS_DATA360(1.3),I,A,PRY,WB_WDI_SN_ITK_SVFI_ZS,_T,_T,_T,PT,_Z,_Z,_Z,2020,5.6,_Z,RATIO,2,WB_WDI,P1Y,0,A,PU,Annual,Paraguay,Prevalence of severe food insecurity in the population (%),Total,All age ranges or no breakdown by age,Total,Percentage,Not Applicable,Not Applicable,Not Applicable,Not Applicable,Ratio,Two,World Development Indicators (WDI),Annual,Units,Normal value,Public
datastructure,WB.DATA360:DS_DATA360(1.3),I,A,PER,WB_WDI_SN_ITK_SVFI_ZS,_T,_T,_T,PT,_Z,_Z,_Z,2020,14.3,_Z,RATIO,2,WB_WDI,P1Y,0,A,PU,Annual,Peru,Prevalence of severe food insecurity in the population (%),Total,All age ranges or no breakdown by age,Total,Percentage,Not Applicable,Not Applicable,Not Applicable,Not Applicable,Ratio,Two,World Development Indicators (WDI),Annual,Units,Normal value,Public
datastructure,WB.DATA360:DS_DATA360(1.3),I,A,PHL,WB_WDI_SN_ITK_SVFI_ZS,_T,_T,_T,PT,_Z,_Z,_Z,2020,3.5,_Z,RATIO,2,WB_WDI,P1Y,0,A,PU,Annual,Philippines,Prevalence of severe food insecurity in the population (%),Total,All age ranges or no breakdown by age,Total,Percentage,Not Applicable,Not Applicable,Not Applicable,Not Applicable,Ratio,Two,World Development Indicators (WDI),Annual,Units,Normal value,Public
datastructure,WB.DATA360:DS_DATA360(1.3),I,A,TJK,WB_WDI_SN_ITK_SVFI_ZS,_T,_T,_T,PT,_Z,_Z,_Z,2021,8.3,_Z,RATIO,2,WB_WDI,P1Y,0,A,PU,Annual,Tajikistan,Prevalence of severe food insecurity in the population (%),Total,All age ranges or no breakdown by age,Total,Percentage,Not Applicable,Not Applicable,Not Applicable,Not Applicable,Ratio,Two,World Development Indicators (WDI),Annual,Units,Normal value,Public
datastructure,WB.DATA360:DS_DATA360(1.3),I,A,TZA,WB_WDI_SN_ITK_SVFI_ZS,_T,_T,_T,PT,_Z,_Z,_Z,2021,26.3,_Z,RATIO,2,WB_WDI,P1Y,0,A,PU,Annual,Tanzania,Prevalence of severe food insecurity in the population (%),Total,All age ranges or no breakdown by age,Total,Percentage,Not Applicable,Not Applicable,Not Applicable,Not Applicable,Ratio,Two,World Development Indicators (WDI),Annual,Units,Normal value,Public
datastructure,WB.DATA360:DS_DATA360(1.3),I,A,THA,WB_WDI_SN_ITK_SVFI_ZS,_T,_T,_T,PT,_Z,_Z,_Z,2021,1.3,_Z,RATIO,2,WB_WDI,P1Y,0,A,PU,Annual,Thailand,Prevalence of severe food insecurity in the population (%),Total,All age ranges or no breakdown by age,Total,Percentage,Not Applicable,Not Applicable,Not Applicable,Not Applicable,Ratio,Two,World Development Indicators (WDI),Annual,Units,Normal value,Public
datastructure,WB.DATA360:DS_DATA360(1.3),I,A,TLS,WB_WDI_SN_ITK_SVFI_ZS,_T,_T,_T,PT,_Z,_Z,_Z,2021,8.9,_Z,RATIO,2,WB_WDI,P1Y,0,A,PU,Annual,Timor-Leste,Prevalence of severe food insecurity in the population (%),Total,All age ranges or no breakdown by age,Total,Percentage,Not Applicable,Not Applicable,Not Applicable,Not Applicable,Ratio,Two,World Development Indicators (WDI),Annual,Units,Normal value,Public
datastructure,WB.DATA360:DS_DATA360(1.3),I,A,TGO,WB_WDI_SN_ITK_SVFI_ZS,_T,_T,_T,PT,_Z,_Z,_Z,2021,12.8,_Z,RATIO,2,WB_WDI,P1Y,0,A,PU,Annual,Togo,Prevalence of severe food insecurity in the population (%),Total,All age ranges or no breakdown by age,Total,Percentage,Not Applicable,Not Applicable,Not Applicable,Not Applicable,Ratio,Two,World Development Indicators (WDI),Annual,Units,Normal value,Public
datastructure,WB.DATA360:DS_DATA360(1.3),I,A,TON,WB_WDI_SN_ITK_SVFI_ZS,_T,_T,_T,PT,_Z,_Z,_Z,2021,3.7,_Z,RATIO,2,WB_WDI,P1Y,0,A,PU,Annual,Tonga,Prevalence of severe food insecurity in the population (%),Total,All age ranges or no breakdown by age,Total,Percentage,Not Applicable,Not Applicable,Not Applicable,Not Applicable,Ratio,Two,World Development Indicators (WDI),Annual,Units,Normal value,Public
datastructure,WB.DATA360:DS_DATA360(1.3),I,A,TUN,WB_WDI_SN_ITK_SVFI_ZS,_T,_T,_T,PT,_Z,_Z,_Z,2021,12.6,_Z,RATIO,2,WB_WDI,P1Y,0,A,PU,Annual,Tunisia,Prevalence of severe food insecurity in the population (%),Total,All age ranges or no breakdown by age,Total,Percentage,Not Applicable,Not Applicable,Not Applicable,Not Applicable,Ratio,Two,World Development Indicators (WDI),Annual,Units,Normal value,Public
datastructure,WB.DATA360:DS_DATA360(1.3),I,A,UGA,WB_WDI_SN_ITK_SVFI_ZS,_T,_T,_T,PT,_Z,_Z,_Z,2021,20.7,_Z,RATIO,2,WB_WDI,P1Y,0,A,PU,Annual,Uganda,Prevalence of severe food insecurity in the population (%),Total,All age ranges or no breakdown by age,Total,Percentage,Not Applicable,Not Applicable,Not Applicable,Not Applicable,Ratio,Two,World Development Indicators (WDI),Annual,Units,Normal value,Public
datastructure,WB.DATA360:DS_DATA360(1.3),I,A,COM,WB_WDI_SN_ITK_SVFI_ZS,_T,_T,_T,PT,_Z,_Z,_Z,2023,27.4,_Z,RATIO,2,WB_WDI,P1Y,0,A,PU,Annual,Comoros,Prevalence of severe food insecurity in the population (%),Total,All age ranges or no breakdown by age,Total,Percentage,Not Applicable,Not Applicable,Not Applicable,Not Applicable,Ratio,Two,World Development Indicators (WDI),Annual,Units,Normal value,Public
datastructure,WB.DATA360:DS_DATA360(1.3),I,A,COD,WB_WDI_SN_ITK_SVFI_ZS,_T,_T,_T,PT,_Z,_Z,_Z,2023,42.5,_Z,RATIO,2,WB_WDI,P1Y,0,A,PU,Annual,"Congo, Dem. Rep.",Prevalence of severe food insecurity in the population (%),Total,All age ranges or no breakdown by age,Total,Percentage,Not Applicable,Not Applicable,Not Applicable,Not Applicable,Ratio,Two,World Development Indicators (WDI),Annual,Units,Normal value,Public
datastructure,WB.DATA360:DS_DATA360(1.3),I,A,CRI,WB_WDI_SN_ITK_SVFI_ZS,_T,_T,_T,PT,_Z,_Z,_Z,2023,2.7,_Z,RATIO,2,WB_WDI,P1Y,0,A,PU,Annual,Costa Rica,Prevalence of severe food insecurity in the population (%),Total,All age ranges or no breakdown by age,Total,Percentage,Not Applicable,Not Applicable,Not Applicable,Not Applicable,Ratio,Two,World Development Indicators (WDI),Annual,Units,Normal value,Public
datastructure,WB.DATA360:DS_DATA360(1.3),I,A,CIV,WB_WDI_SN_ITK_SVFI_ZS,_T,_T,_T,PT,_Z,_Z,_Z,2023,8.4,_Z,RATIO,2,WB_WDI,P1Y,0,A,PU,Annual,Côte d’Ivoire,Prevalence of severe food insecurity in the population (%),Total,All age ranges or no breakdown by age,Total,Percentage,Not Applicable,Not Applicable,Not Applicable,Not Applicable,Ratio,Two,World Development Indicators (WDI),Annual,Units,Normal value,Public
datastructure,WB.DATA360:DS_DATA360(1.3),I,A,HRV,WB_WDI_SN_ITK_SVFI_ZS,_T,_T,_T,PT,_Z,_Z,_Z,2023,1.0,_Z,RATIO,2,WB_WDI,P1Y,0,A,PU,Annual,Croatia,Prevalence of severe food insecurity in the population (%),Total,All age ranges or no breakdown by age,Total,Percentage,Not Applicable,Not Applicable,Not Applicable,Not Applicable,Ratio,Two,World Development Indicators (WDI),Annual,Units,Normal value,Public
datastructure,WB.DATA360:DS_DATA360(1.3),I,A,CYP,WB_WDI_SN_ITK_SVFI_ZS,_T,_T,_T,PT,_Z,_Z,_Z,2023,0.0,_Z,RATIO,2,WB_WDI,P1Y,0,A,PU,Annual,Cyprus,Prevalence of severe food insecurity in the population (%),Total,All age ranges or no breakdown by age,Total,Percentage,Not Applicable,Not Applicable,Not Applicable,Not Applicable,Ratio,Two,World Development Indicators (WDI),Annual,Units,Normal value,Public
datastructure,WB.DATA360:DS_DATA360(1.3),I,A,CZE,WB_WDI_SN_ITK_SVFI_ZS,_T,_T,_T,PT,_Z,_Z,_Z,2023,1.8,_Z,RATIO,2,WB_WDI,P1Y,0,A,PU,Annual,Czechia,Prevalence of severe food insecurity in the population (%),Total,All age ranges or no breakdown by age,Total,Percentage,Not Applicable,Not Applicable,Not Applicable,Not Applicable,Ratio,Two,World Development Indicators (WDI),Annual,Units,Normal value,Public
datastructure,WB.DATA360:DS_DATA360(1.3),I,A,DNK,WB_WDI_SN_ITK_SVFI_ZS,_T,_T,_T,PT,_Z,_Z,_Z,2023,2.4,_Z,RATIO,2,WB_WDI,P1Y,0,A,PU,Annual,Denmark,Prevalence of severe food insecurity in the population (%),Total,All age ranges or no breakdown by age,Total,Percentage,Not Applicable,Not Applicable,Not Applicable,Not Applicable,Ratio,Two,World Development Indicators (WDI),Annual,Units,Normal value,Public
datastructure,WB.DATA360:DS_DATA360(1.3),I,A,DJI,WB_WDI_SN_ITK_SVFI_ZS,_T,_T,_T,PT,_Z,_Z,_Z,2023,16.5,_Z,RATIO,2,WB_WDI,P1Y,0,A,PU,Annual,Djibouti,Prevalence of severe food insecurity in the population (%),Total,All age ranges or no breakdown by age,Total,Percentage,Not Applicable,Not Applicable,Not Applicable,Not Applicable,Ratio,Two,World Development Indicators (WDI),Annual,Units,Normal value,Public
datastructure,WB.DATA360:DS_DATA360(1.3),I,A,DOM,WB_WDI_SN_ITK_SVFI_ZS,_T,_T,_T,PT,_Z,_Z,_Z,2023,17.9,_Z,RATIO,2,WB_WDI,P1Y,0,A,PU,Annual,Dominican Republic,Prevalence of severe food insecurity in the population (%),Total,All age ranges or no breakdown by age,Total,Percentage,Not Applicable,Not Applicable,Not Applicable,Not Applicable,Ratio,Two,World Development Indicators (WDI),Annual,Units,Normal value,Public
datastructure,WB.DATA360:DS_DATA360(1.3),I,A,SVK,WB_WDI_SN_ITK_SVFI_ZS,_T,_T,_T,PT,_Z,_Z,_Z,2016,0.9,_Z,RATIO,2,WB_WDI,P1Y,0,A,PU,Annual,Slovak Republic,Prevalence of severe food insecurity in the population (%),Total,All age ranges or no breakdown by age,Total,Percentage,Not Applicable,Not Applicable,Not Applicable,Not Applicable,Ratio,Two,World Development Indicators (WDI),Annual,Units,Normal value,Public
datastructure,WB.DATA360:DS_DATA360(1.3),I,A,SVN,WB_WDI_SN_ITK_SVFI_ZS,_T,_T,_T,PT,_Z,_Z,_Z,2016,0.8,_Z,RATIO,2,WB_WDI,P1Y,0,A,PU,Annual,Slovenia,Prevalence of severe food insecurity in the population (%),Total,All age ranges or no breakdown by age,Total,Percentage,Not Applicable,Not Applicable,Not Applicable,Not Applicable,Ratio,Two,World Development Indicators (WDI),Annual,Units,Normal value,Public
datastructure,WB.DATA360:DS_DATA360(1.3),I,A,ESP,WB_WDI_SN_ITK_SVFI_ZS,_T,_T,_T,PT,_Z,_Z,_Z,2016,1.3,_Z,RATIO,2,WB_WDI,P1Y,0,A,PU,Annual,Spain,Prevalence of severe food insecurity in the population (%),Total,All age ranges or no breakdown by age,Total,Percentage,Not Applicable,Not Applicable,Not Applicable,Not Applicable,Ratio,Two,World Development Indicators (WDI),Annual,Units,Normal value,Public
datastructure,WB.DATA360:DS_DATA360(1.3),I,A,LKA,WB_WDI_SN_ITK_SVFI_ZS,_T,_T,_T,PT,_Z,_Z,_Z,2016,0.6,_Z,RATIO,2,WB_WDI,P1Y,0,A,PU,Annual,Sri Lanka,Prevalence of severe food insecurity in the population (%),Total,All age ranges or no breakdown by age,Total,Percentage,Not Applicable,Not Applicable,Not Applicable,Not Applicable,Ratio,Two,World Development Indicators (WDI),Annual,Units,Normal value,Public
datastructure,WB.DATA360:DS_DATA360(1.3),I,A,LCA,WB_WDI_SN_ITK_SVFI_ZS,_T,_T,_T,PT,_Z,_Z,_Z,2016,4.5,_Z,RATIO,2,WB_WDI,P1Y,0,A,PU,Annual,St. Lucia,Prevalence of severe food insecurity in the population (%),Total,All age ranges or no breakdown by age,Total,Percentage,Not Applicable,Not Applicable,Not Applicable,Not Applicable,Ratio,Two,World Development Indicators (WDI),Annual,Units,Normal value,Public
datastructure,WB.DATA360:DS_DATA360(1.3),I,A,DOM,WB_WDI_SN_ITK_SVFI_ZS,_T,_T,_T,PT,_Z,_Z,_Z,2015,24.3,_Z,RATIO,2,WB_WDI,P1Y,0,A,PU,Annual,Dominican Republic,Prevalence of severe food insecurity in the population (%),Total,All age ranges or no breakdown by age,Total,Percentage,Not Applicable,Not Applicable,Not Applicable,Not Applicable,Ratio,Two,World Development Indicators (WDI),Annual,Units,Normal value,Public
datastructure,WB.DATA360:DS_DATA360(1.3),I,A,ECU,WB_WDI_SN_ITK_SVFI_ZS,_T,_T,_T,PT,_Z,_Z,_Z,2015,6.0,_Z,RATIO,2,WB_WDI,P1Y,0,A,PU,Annual,Ecuador,Prevalence of severe food insecurity in the population (%),Total,All age ranges or no breakdown by age,Total,Percentage,Not Applicable,Not Applicable,Not Applicable,Not Applicable,Ratio,Two,World Development Indicators (WDI),Annual,Units,Normal value,Public
datastructure,WB.DATA360:DS_DATA360(1.3),I,A,EGY,WB_WDI_SN_ITK_SVFI_ZS,_T,_T,_T,PT,_Z,_Z,_Z,2015,8.4,_Z,RATIO,2,WB_WDI,P1Y,0,A,PU,Annual,"Egypt, Arab Rep.",Prevalence of severe food insecurity in the population (%),Total,All age ranges or no breakdown by age,Total,Percentage,Not Applicable,Not Applicable,Not Applicable,Not Applicable,Ratio,Two,World Development Indicators (WDI),Annual,Units,Normal value,Public
datastructure,WB.DATA360:DS_DATA360(1.3),I,A,SLV,WB_WDI_SN_ITK_SVFI_ZS,_T,_T,_T,PT,_Z,_Z,_Z,2015,13.8,_Z,RATIO,2,WB_WDI,P1Y,0,A,PU,Annual,El Salvador,Prevalence of severe food insecurity in the population (%),Total,All age ranges or no breakdown by age,Total,Percentage,Not Applicable,Not Applicable,Not Applicable,Not Applicable,Ratio,Two,World Development Indicators (WDI),Annual,Units,Normal value,Public
datastructure,WB.DATA360:DS_DATA360(1.3),I,A,EST,WB_WDI_SN_ITK_SVFI_ZS,_T,_T,_T,PT,_Z,_Z,_Z,2015,0.9,_Z,RATIO,2,WB_WDI,P1Y,0,A,PU,Annual,Estonia,Prevalence of severe food insecurity in the population (%),Total,All age ranges or no breakdown by age,Total,Percentage,Not Applicable,Not Applicable,Not Applicable,Not Applicable,Ratio,Two,World Development Indicators (WDI),Annual,Units,Normal value,Public
datastructure,WB.DATA360:DS_DATA360(1.3),I,A,ETH,WB_WDI_SN_ITK_SVFI_ZS,_T,_T,_T,PT,_Z,_Z,_Z,2015,14.5,_Z,RATIO,2,WB_WDI,P1Y,0,A,PU,Annual,Ethiopia,Prevalence of severe food insecurity in the population (%),Total,All age ranges or no breakdown by age,Total,Percentage,Not Applicable,Not Applicable,Not Applicable,Not Applicable,Ratio,Two,World Development Indicators (WDI),Annual,Units,Normal value,Public
datastructure,WB.DATA360:DS_DATA360(1.3),I,A,TLA,WB_WDI_SN_ITK_SVFI_ZS,_T,_T,_T,PT,_Z,_Z,_Z,2020,10.2320525,_Z,RATIO,2,WB_WDI,P1Y,0,A,PU,Annual,Latin America & Caribbean (IDA & IBRD),Prevalence of severe food insecurity in the population (%),Total,All age ranges or no breakdown by age,Total,Percentage,Not Applicable,Not Applicable,Not Applicable,Not Applicable,Ratio,Two,World Development Indicators (WDI),Annual,Units,Normal value,Public
datastructure,WB.DATA360:DS_DATA360(1.3),I,A,LDC,WB_WDI_SN_ITK_SVFI_ZS,_T,_T,_T,PT,_Z,_Z,_Z,2020,20.919709,_Z,RATIO,2,WB_WDI,P1Y,0,A,PU,Annual,Least developed countries: UN classification,Prevalence of severe food insecurity in the population (%),Total,All age ranges or no breakdown by age,Total,Percentage,Not Applicable,Not Applicable,Not Applicable,Not Applicable,Ratio,Two,World Development Indicators (WDI),Annual,Units,Normal value,Public
datastructure,WB.DATA360:DS_DATA360(1.3),I,A,LIC,WB_WDI_SN_ITK_SVFI_ZS,_T,_T,_T,PT,_Z,_Z,_Z,2020,25.3008407,_Z,RATIO,2,WB_WDI,P1Y,0,A,PU,Annual,Low income,Prevalence of severe food insecurity in the population (%),Total,All age ranges or no breakdown by age,Total,Percentage,Not Applicable,Not Applicable,Not Applicable,Not Applicable,Ratio,Two,World Development Indicators (WDI),Annual,Units,Normal value,Public
datastructure,WB.DATA360:DS_DATA360(1.3),I,A,LMC,WB_WDI_SN_ITK_SVFI_ZS,_T,_T,_T,PT,_Z,_Z,_Z,2020,17.3493652,_Z,RATIO,2,WB_WDI,P1Y,0,A,PU,Annual,Lower middle income,Prevalence of severe food insecurity in the population (%),Total,All age ranges or no breakdown by age,Total,Percentage,Not Applicable,Not Applicable,Not Applicable,Not Applicable,Ratio,Two,World Development Indicators (WDI),Annual,Units,Normal value,Public
datastructure,WB.DATA360:DS_DATA360(1.3),I,A,MEA,WB_WDI_SN_ITK_SVFI_ZS,_T,_T,_T,PT,_Z,_Z,_Z,2020,11.1683838,_Z,RATIO,2,WB_WDI,P1Y,0,A,PU,Annual,"Middle East, North Africa, Afghanistan & Pakistan",Prevalence of severe food insecurity in the population (%),Total,All age ranges or no breakdown by age,Total,Percentage,Not Applicable,Not Applicable,Not Applicable,Not Applicable,Ratio,Two,World Development Indicators (WDI),Annual,Units,Normal value,Public
datastructure,WB.DATA360:DS_DATA360(1.3),I,A,TMN,WB_WDI_SN_ITK_SVFI_ZS,_T,_T,_T,PT,_Z,_Z,_Z,2020,11.6491526,_Z,RATIO,2,WB_WDI,P1Y,0,A,PU,Annual,"Middle East, North Africa, Afghanistan & Pakistan (IDA & IBRD)",Prevalence of severe food insecurity in the population (%),Total,All age ranges or no breakdown by age,Total,Percentage,Not Applicable,Not Applicable,Not Applicable,Not Applicable,Ratio,Two,World Development Indicators (WDI),Annual,Units,Normal value,Public
datastructure,WB.DATA360:DS_DATA360(1.3),I,A,NAC,WB_WDI_SN_ITK_SVFI_ZS,_T,_T,_T,PT,_Z,_Z,_Z,2020,0.7317969,_Z,RATIO,2,WB_WDI,P1Y,0,A,PU,Annual,North America,Prevalence of severe food insecurity in the population (%),Total,All age ranges or no breakdown by age,Total,Percentage,Not Applicable,Not Applicable,Not Applicable,Not Applicable,Ratio,Two,World Development Indicators (WDI),Annual,Units,Normal value,Public
datastructure,WB.DATA360:DS_DATA360(1.3),I,A,HUN,WB_WDI_SN_ITK_SVFI_ZS,_T,_T,_T,PT,_Z,_Z,_Z,2020,2.1,_Z,RATIO,2,WB_WDI,P1Y,0,A,PU,Annual,Hungary,Prevalence of severe food insecurity in the population (%),Total,All age ranges or no breakdown by age,Total,Percentage,Not Applicable,Not Applicable,Not Applicable,Not Applicable,Ratio,Two,World Development Indicators (WDI),Annual,Units,Normal value,Public
datastructure,WB.DATA360:DS_DATA360(1.3),I,A,ISL,WB_WDI_SN_ITK_SVFI_ZS,_T,_T,_T,PT,_Z,_Z,_Z,2020,1.3,_Z,RATIO,2,WB_WDI,P1Y,0,A,PU,Annual,Iceland,Prevalence of severe food insecurity in the population (%),Total,All age ranges or no breakdown by age,Total,Percentage,Not Applicable,Not Applicable,Not Applicable,Not Applicable,Ratio,Two,World Development Indicators (WDI),Annual,Units,Normal value,Public
datastructure,WB.DATA360:DS_DATA360(1.3),I,A,IDN,WB_WDI_SN_ITK_SVFI_ZS,_T,_T,_T,PT,_Z,_Z,_Z,2020,0.0,_Z,RATIO,2,WB_WDI,P1Y,0,A,PU,Annual,Indonesia,Prevalence of severe food insecurity in the population (%),Total,All age ranges or no breakdown by age,Total,Percentage,Not Applicable,Not Applicable,Not Applicable,Not Applicable,Ratio,Two,World Development Indicators (WDI),Annual,Units,Normal value,Public
datastructure,WB.DATA360:DS_DATA360(1.3),I,A,IRN,WB_WDI_SN_ITK_SVFI_ZS,_T,_T,_T,PT,_Z,_Z,_Z,2020,7.7,_Z,RATIO,2,WB_WDI,P1Y,0,A,PU,Annual,"Iran, Islamic Rep.",Prevalence of severe food insecurity in the population (%),Total,All age ranges or no breakdown by age,Total,Percentage,Not Applicable,Not Applicable,Not Applicable,Not Applicable,Ratio,Two,World Development Indicators (WDI),Annual,Units,Normal value,Public
datastructure,WB.DATA360:DS_DATA360(1.3),I,A,IRL,WB_WDI_SN_ITK_SVFI_ZS,_T,_T,_T,PT,_Z,_Z,_Z,2020,3.2,_Z,RATIO,2,WB_WDI,P1Y,0,A,PU,Annual,Ireland,Prevalence of severe food insecurity in the population (%),Total,All age ranges or no breakdown by age,Total,Percentage,Not Applicable,Not Applicable,Not Applicable,Not Applicable,Ratio,Two,World Development Indicators (WDI),Annual,Units,Normal value,Public
datastructure,WB.DATA360:DS_DATA360(1.3),I,A,ISR,WB_WDI_SN_ITK_SVFI_ZS,_T,_T,_T,PT,_Z,_Z,_Z,2020,1.2,_Z,RATIO,2,WB_WDI,P1Y,0,A,PU,Annual,Israel,Prevalence of severe food insecurity in the population (%),Total,All age ranges or no breakdown by age,Total,Percentage,Not Applicable,Not Applicable,Not Applicable,Not Applicable,Ratio,Two,World Development Indicators (WDI),Annual,Units,Normal value,Public
datastructure,WB.DATA360:DS_DATA360(1.3),I,A,JAM,WB_WDI_SN_ITK_SVFI_ZS,_T,_T,_T,PT,_Z,_Z,_Z,2020,23.1,_Z,RATIO,2,WB_WDI,P1Y,0,A,PU,Annual,Jamaica,Prevalence of severe food insecurity in the population (%),Total,All age ranges or no breakdown by age,Total,Percentage,Not Applicable,Not Applicable,Not Applicable,Not Applicable,Ratio,Two,World Development Indicators (WDI),Annual,Units,Normal value,Public
datastructure,WB.DATA360:DS_DATA360(1.3),I,A,SWE,WB_WDI_SN_ITK_SVFI_ZS,_T,_T,_T,PT,_Z,_Z,_Z,2023,2.5,_Z,RATIO,2,WB_WDI,P1Y,0,A,PU,Annual,Sweden,Prevalence of severe food insecurity in the population (%),Total,All age ranges or no breakdown by age,Total,Percentage,Not Applicable,Not Applicable,Not Applicable,Not Applicable,Ratio,Two,World Development Indicators (WDI),Annual,Units,Normal value,Public
datastructure,WB.DATA360:DS_DATA360(1.3),I,A,CHE,WB_WDI_SN_ITK_SVFI_ZS,_T,_T,_T,PT,_Z,_Z,_Z,2023,1.1,_Z,RATIO,2,WB_WDI,P1Y,0,A,PU,Annual,Switzerland,Prevalence of severe food insecurity in the population (%),Total,All age ranges or no breakdown by age,Total,Percentage,Not Applicable,Not Applicable,Not Applicable,Not Applicable,Ratio,Two,World Development Indicators (WDI),Annual,Units,Normal value,Public
datastructure,WB.DATA360:DS_DATA360(1.3),I,A,TJK,WB_WDI_SN_ITK_SVFI_ZS,_T,_T,_T,PT,_Z,_Z,_Z,2023,5.6,_Z,RATIO,2,WB_WDI,P1Y,0,A,PU,Annual,Tajikistan,Prevalence of severe food insecurity in the population (%),Total,All age ranges or no breakdown by age,Total,Percentage,Not Applicable,Not Applicable,Not Applicable,Not Applicable,Ratio,Two,World Development Indicators (WDI),Annual,Units,Normal value,Public
datastructure,WB.DATA360:DS_DATA360(1.3),I,A,TZA,WB_WDI_SN_ITK_SVFI_ZS,_T,_T,_T,PT,_Z,_Z,_Z,2023,24.4,_Z,RATIO,2,WB_WDI,P1Y,0,A,PU,Annual,Tanzania,Prevalence of severe food insecurity in the population (%),Total,All age ranges or no breakdown by age,Total,Percentage,Not Applicable,Not Applicable,Not Applicable,Not Applicable,Ratio,Two,World Development Indicators (WDI),Annual,Units,Normal value,Public
datastructure,WB.DATA360:DS_DATA360(1.3),I,A,THA,WB_WDI_SN_ITK_SVFI_ZS,_T,_T,_T,PT,_Z,_Z,_Z,2023,0.8,_Z,RATIO,2,WB_WDI,P1Y,0,A,PU,Annual,Thailand,Prevalence of severe food insecurity in the population (%),Total,All age ranges or no breakdown by age,Total,Percentage,Not Applicable,Not Applicable,Not Applicable,Not Applicable,Ratio,Two,World Development Indicators (WDI),Annual,Units,Normal value,Public
datastructure,WB.DATA360:DS_DATA360(1.3),I,A,TGO,WB_WDI_SN_ITK_SVFI_ZS,_T,_T,_T,PT,_Z,_Z,_Z,2023,9.9,_Z,RATIO,2,WB_WDI,P1Y,0,A,PU,Annual,Togo,Prevalence of severe food insecurity in the population (%),Total,All age ranges or no breakdown by age,Total,Percentage,Not Applicable,Not Applicable,Not Applicable,Not Applicable,Ratio,Two,World Development Indicators (WDI),Annual,Units,Normal value,Public
datastructure,WB.DATA360:DS_DATA360(1.3),I,A,TTO,WB_WDI_SN_ITK_SVFI_ZS,_T,_T,_T,PT,_Z,_Z,_Z,2023,6.9,_Z,RATIO,2,WB_WDI,P1Y,0,A,PU,Annual,Trinidad and Tobago,Prevalence of severe food insecurity in the population (%),Total,All age ranges or no breakdown by age,Total,Percentage,Not Applicable,Not Applicable,Not Applicable,Not Applicable,Ratio,Two,World Development Indicators (WDI),Annual,Units,Normal value,Public
datastructure,WB.DATA360:DS_DATA360(1.3),I,A,TUN,WB_WDI_SN_ITK_SVFI_ZS,_T,_T,_T,PT,_Z,_Z,_Z,2023,9.6,_Z,RATIO,2,WB_WDI,P1Y,0,A,PU,Annual,Tunisia,Prevalence of severe food insecurity in the population (%),Total,All age ranges or no breakdown by age,Total,Percentage,Not Applicable,Not Applicable,Not Applicable,Not Applicable,Ratio,Two,World Development Indicators (WDI),Annual,Units,Normal value,Public
datastructure,WB.DATA360:DS_DATA360(1.3),I,A,UGA,WB_WDI_SN_ITK_SVFI_ZS,_T,_T,_T,PT,_Z,_Z,_Z,2023,14.9,_Z,RATIO,2,WB_WDI,P1Y,0,A,PU,Annual,Uganda,Prevalence of severe food insecurity in the population (%),Total,All age ranges or no breakdown by age,Total,Percentage,Not Applicable,Not Applicable,Not Applicable,Not Applicable,Ratio,Two,World Development Indicators (WDI),Annual,Units,Normal value,Public
datastructure,WB.DATA360:DS_DATA360(1.3),I,A,UKR,WB_WDI_SN_ITK_SVFI_ZS,_T,_T,_T,PT,_Z,_Z,_Z,2023,5.3,_Z,RATIO,2,WB_WDI,P1Y,0,A,PU,Annual,Ukraine,Prevalence of severe food insecurity in the population (%),Total,All age ranges or no breakdown by age,Total,Percentage,Not Applicable,Not Applicable,Not Applicable,Not Applicable,Ratio,Two,World Development Indicators (WDI),Annual,Units,Normal value,Public
datastructure,WB.DATA360:DS_DATA360(1.3),I,A,ARE,WB_WDI_SN_ITK_SVFI_ZS,_T,_T,_T,PT,_Z,_Z,_Z,2023,0.9,_Z,RATIO,2,WB_WDI,P1Y,0,A,PU,Annual,United Arab Emirates,Prevalence of severe food insecurity in the population (%),Total,All age ranges or no breakdown by age,Total,Percentage,Not Applicable,Not Applicable,Not Applicable,Not Applicable,Ratio,Two,World Development Indicators (WDI),Annual,Units,Normal value,Public
datastructure,WB.DATA360:DS_DATA360(1.3),I,A,GBR,WB_WDI_SN_ITK_SVFI_ZS,_T,_T,_T,PT,_Z,_Z,_Z,2023,3.3,_Z,RATIO,2,WB_WDI,P1Y,0,A,PU,Annual,United Kingdom,Prevalence of severe food insecurity in the population (%),Total,All age ranges or no breakdown by age,Total,Percentage,Not Applicable,Not Applicable,Not Applicable,Not Applicable,Ratio,Two,World Development Indicators (WDI),Annual,Units,Normal value,Public
datastructure,WB.DATA360:DS_DATA360(1.3),I,A,USA,WB_WDI_SN_ITK_SVFI_ZS,_T,_T,_T,PT,_Z,_Z,_Z,2023,1.0,_Z,RATIO,2,WB_WDI,P1Y,0,A,PU,Annual,United States,Prevalence of severe food insecurity in the population (%),Total,All age ranges or no breakdown by age,Total,Percentage,Not Applicable,Not Applicable,Not Applicable,Not Applicable,Ratio,Two,World Development Indicators (WDI),Annual,Units,Normal value,Public
datastructure,WB.DATA360:DS_DATA360(1.3),I,A,URY,WB_WDI_SN_ITK_SVFI_ZS,_T,_T,_T,PT,_Z,_Z,_Z,2023,2.7,_Z,RATIO,2,WB_WDI,P1Y,0,A,PU,Annual,Uruguay,Prevalence of severe food insecurity in the population (%),Total,All age ranges or no breakdown by age,Total,Percentage,Not Applicable,Not Applicable,Not Applicable,Not Applicable,Ratio,Two,World Development Indicators (WDI),Annual,Units,Normal value,Public
datastructure,WB.DATA360:DS_DATA360(1.3),I,A,UZB,WB_WDI_SN_ITK_SVFI_ZS,_T,_T,_T,PT,_Z,_Z,_Z,2023,5.2,_Z,RATIO,2,WB_WDI,P1Y,0,A,PU,Annual,Uzbekistan,Prevalence of severe food insecurity in the population (%),Total,All age ranges or no breakdown by age,Total,Percentage,Not Applicable,Not Applicable,Not Applicable,Not Applicable,Ratio,Two,World Development Indicators (WDI),Annual,Units,Normal value,Public
datastructure,WB.DATA360:DS_DATA360(1.3),I,A,UKR,WB_WDI_SN_ITK_SVFI_ZS,_T,_T,_T,PT,_Z,_Z,_Z,2021,4.3,_Z,RATIO,2,WB_WDI,P1Y,0,A,PU,Annual,Ukraine,Prevalence of severe food insecurity in the population (%),Total,All age ranges or no breakdown by age,Total,Percentage,Not Applicable,Not Applicable,Not Applicable,Not Applicable,Ratio,Two,World Development Indicators (WDI),Annual,Units,Normal value,Public
datastructure,WB.DATA360:DS_DATA360(1.3),I,A,GBR,WB_WDI_SN_ITK_SVFI_ZS,_T,_T,_T,PT,_Z,_Z,_Z,2021,1.6,_Z,RATIO,2,WB_WDI,P1Y,0,A,PU,Annual,United Kingdom,Prevalence of severe food insecurity in the population (%),Total,All age ranges or no breakdown by age,Total,Percentage,Not Applicable,Not Applicable,Not Applicable,Not Applicable,Ratio,Two,World Development Indicators (WDI),Annual,Units,Normal value,Public
datastructure,WB.DATA360:DS_DATA360(1.3),I,A,USA,WB_WDI_SN_ITK_SVFI_ZS,_T,_T,_T,PT,_Z,_Z,_Z,2021,0.7,_Z,RATIO,2,WB_WDI,P1Y,0,A,PU,Annual,United States,Prevalence of severe food insecurity in the population (%),Total,All age ranges or no breakdown by age,Total,Percentage,Not Applicable,Not Applicable,Not Applicable,Not Applicable,Ratio,Two,World Development Indicators (WDI),Annual,Units,Normal value,Public
datastructure,WB.DATA360:DS_DATA360(1.3),I,A,URY,WB_WDI_SN_ITK_SVFI_ZS,_T,_T,_T,PT,_Z,_Z,_Z,2021,2.9,_Z,RATIO,2,WB_WDI,P1Y,0,A,PU,Annual,Uruguay,Prevalence of severe food insecurity in the population (%),Total,All age ranges or no breakdown by age,Total,Percentage,Not Applicable,Not Applicable,Not Applicable,Not Applicable,Ratio,Two,World Development Indicators (WDI),Annual,Units,Normal value,Public
datastructure,WB.DATA360:DS_DATA360(1.3),I,A,UZB,WB_WDI_SN_ITK_SVFI_ZS,_T,_T,_T,PT,_Z,_Z,_Z,2021,6.8,_Z,RATIO,2,WB_WDI,P1Y,0,A,PU,Annual,Uzbekistan,Prevalence of severe food insecurity in the population (%),Total,All age ranges or no breakdown by age,Total,Percentage,Not Applicable,Not Applicable,Not Applicable,Not Applicable,Ratio,Two,World Development Indicators (WDI),Annual,Units,Normal value,Public
datastructure,WB.DATA360:DS_DATA360(1.3),I,A,VNM,WB_WDI_SN_ITK_SVFI_ZS,_T,_T,_T,PT,_Z,_Z,_Z,2021,1.2,_Z,RATIO,2,WB_WDI,P1Y,0,A,PU,Annual,Vietnam,Prevalence of severe food insecurity in the population (%),Total,All age ranges or no breakdown by age,Total,Percentage,Not Applicable,Not Applicable,Not Applicable,Not Applicable,Ratio,Two,World Development Indicators (WDI),Annual,Units,Normal value,Public
datastructure,WB.DATA360:DS_DATA360(1.3),I,A,PSE,WB_WDI_SN_ITK_SVFI_ZS,_T,_T,_T,PT,_Z,_Z,_Z,2021,4.0,_Z,RATIO,2,WB_WDI,P1Y,0,A,PU,Annual,West Bank and Gaza,Prevalence of severe food insecurity in the population (%),Total,All age ranges or no breakdown by age,Total,Percentage,Not Applicable,Not Applicable,Not Applicable,Not Applicable,Ratio,Two,World Development Indicators (WDI),Annual,Units,Normal value,Public
datastructure,WB.DATA360:DS_DATA360(1.3),I,A,PHL,WB_WDI_SN_ITK_SVFI_ZS,_T,_T,_T,PT,_Z,_Z,_Z,2023,3.0,_Z,RATIO,2,WB_WDI,P1Y,0,A,PU,Annual,Philippines,Prevalence of severe food insecurity in the population (%),Total,All age ranges or no breakdown by age,Total,Percentage,Not Applicable,Not Applicable,Not Applicable,Not Applicable,Ratio,Two,World Development Indicators (WDI),Annual,Units,Normal value,Public
datastructure,WB.DATA360:DS_DATA360(1.3),I,A,POL,WB_WDI_SN_ITK_SVFI_ZS,_T,_T,_T,PT,_Z,_Z,_Z,2023,0.0,_Z,RATIO,2,WB_WDI,P1Y,0,A,PU,Annual,Poland,Prevalence of severe food insecurity in the population (%),Total,All age ranges or no breakdown by age,Total,Percentage,Not Applicable,Not Applicable,Not Applicable,Not Applicable,Ratio,Two,World Development Indicators (WDI),Annual,Units,Normal value,Public
datastructure,WB.DATA360:DS_DATA360(1.3),I,A,PRT,WB_WDI_SN_ITK_SVFI_ZS,_T,_T,_T,PT,_Z,_Z,_Z,2023,3.1,_Z,RATIO,2,WB_WDI,P1Y,0,A,PU,Annual,Portugal,Prevalence of severe food insecurity in the population (%),Total,All age ranges or no breakdown by age,Total,Percentage,Not Applicable,Not Applicable,Not Applicable,Not Applicable,Ratio,Two,World Development Indicators (WDI),Annual,Units,Normal value,Public
datastructure,WB.DATA360:DS_DATA360(1.3),I,A,ROU,WB_WDI_SN_ITK_SVFI_ZS,_T,_T,_T,PT,_Z,_Z,_Z,2023,7.0,_Z,RATIO,2,WB_WDI,P1Y,0,A,PU,Annual,Romania,Prevalence of severe food insecurity in the population (%),Total,All age ranges or no breakdown by age,Total,Percentage,Not Applicable,Not Applicable,Not Applicable,Not Applicable,Ratio,Two,World Development Indicators (WDI),Annual,Units,Normal value,Public
datastructure,WB.DATA360:DS_DATA360(1.3),I,A,RUS,WB_WDI_SN_ITK_SVFI_ZS,_T,_T,_T,PT,_Z,_Z,_Z,2023,0.0,_Z,RATIO,2,WB_WDI,P1Y,0,A,PU,Annual,Russian Federation,Prevalence of severe food insecurity in the population (%),Total,All age ranges or no breakdown by age,Total,Percentage,Not Applicable,Not Applicable,Not Applicable,Not Applicable,Ratio,Two,World Development Indicators (WDI),Annual,Units,Normal value,Public
datastructure,WB.DATA360:DS_DATA360(1.3),I,A,WSM,WB_WDI_SN_ITK_SVFI_ZS,_T,_T,_T,PT,_Z,_Z,_Z,2023,4.5,_Z,RATIO,2,WB_WDI,P1Y,0,A,PU,Annual,Samoa,Prevalence of severe food insecurity in the population (%),Total,All age ranges or no breakdown by age,Total,Percentage,Not Applicable,Not Applicable,Not Applicable,Not Applicable,Ratio,Two,World Development Indicators (WDI),Annual,Units,Normal value,Public
datastructure,WB.DATA360:DS_DATA360(1.3),I,A,SEN,WB_WDI_SN_ITK_SVFI_ZS,_T,_T,_T,PT,_Z,_Z,_Z,2023,4.0,_Z,RATIO,2,WB_WDI,P1Y,0,A,PU,Annual,Senegal,Prevalence of severe food insecurity in the population (%),Total,All age ranges or no breakdown by age,Total,Percentage,Not Applicable,Not Applicable,Not Applicable,Not Applicable,Ratio,Two,World Development Indicators (WDI),Annual,Units,Normal value,Public
datastructure,WB.DATA360:DS_DATA360(1.3),I,A,LKA,WB_WDI_SN_ITK_SVFI_ZS,_T,_T,_T,PT,_Z,_Z,_Z,2020,1.1,_Z,RATIO,2,WB_WDI,P1Y,0,A,PU,Annual,Sri Lanka,Prevalence of severe food insecurity in the population (%),Total,All age ranges or no breakdown by age,Total,Percentage,Not Applicable,Not Applicable,Not Applicable,Not Applicable,Ratio,Two,World Development Indicators (WDI),Annual,Units,Normal value,Public
datastructure,WB.DATA360:DS_DATA360(1.3),I,A,KNA,WB_WDI_SN_ITK_SVFI_ZS,_T,_T,_T,PT,_Z,_Z,_Z,2020,8.1,_Z,RATIO,2,WB_WDI,P1Y,0,A,PU,Annual,St. Kitts and Nevis,Prevalence of severe food insecurity in the population (%),Total,All age ranges or no breakdown by age,Total,Percentage,Not Applicable,Not Applicable,Not Applicable,Not Applicable,Ratio,Two,World Development Indicators (WDI),Annual,Units,Normal value,Public
datastructure,WB.DATA360:DS_DATA360(1.3),I,A,SUR,WB_WDI_SN_ITK_SVFI_ZS,_T,_T,_T,PT,_Z,_Z,_Z,2020,7.2,_Z,RATIO,2,WB_WDI,P1Y,0,A,PU,Annual,Suriname,Prevalence of severe food insecurity in the population (%),Total,All age ranges or no breakdown by age,Total,Percentage,Not Applicable,Not Applicable,Not Applicable,Not Applicable,Ratio,Two,World Development Indicators (WDI),Annual,Units,Normal value,Public
datastructure,WB.DATA360:DS_DATA360(1.3),I,A,SWE,WB_WDI_SN_ITK_SVFI_ZS,_T,_T,_T,PT,_Z,_Z,_Z,2020,1.3,_Z,RATIO,2,WB_WDI,P1Y,0,A,PU,Annual,Sweden,Prevalence of severe food insecurity in the population (%),Total,All age ranges or no breakdown by age,Total,Percentage,Not Applicable,Not Applicable,Not Applicable,Not Applicable,Ratio,Two,World Development Indicators (WDI),Annual,Units,Normal value,Public
datastructure,WB.DATA360:DS_DATA360(1.3),I,A,CHE,WB_WDI_SN_ITK_SVFI_ZS,_T,_T,_T,PT,_Z,_Z,_Z,2020,0.0,_Z,RATIO,2,WB_WDI,P1Y,0,A,PU,Annual,Switzerland,Prevalence of severe food insecurity in the population (%),Total,All age ranges or no breakdown by age,Total,Percentage,Not Applicable,Not Applicable,Not Applicable,Not Applicable,Ratio,Two,World Development Indicators (WDI),Annual,Units,Normal value,Public
datastructure,WB.DATA360:DS_DATA360(1.3),I,A,TJK,WB_WDI_SN_ITK_SVFI_ZS,_T,_T,_T,PT,_Z,_Z,_Z,2020,7.6,_Z,RATIO,2,WB_WDI,P1Y,0,A,PU,Annual,Tajikistan,Prevalence of severe food insecurity in the population (%),Total,All age ranges or no breakdown by age,Total,Percentage,Not Applicable,Not Applicable,Not Applicable,Not Applicable,Ratio,Two,World Development Indicators (WDI),Annual,Units,Normal value,Public
datastructure,WB.DATA360:DS_DATA360(1.3),I,A,TZA,WB_WDI_SN_ITK_SVFI_ZS,_T,_T,_T,PT,_Z,_Z,_Z,2020,25.8,_Z,RATIO,2,WB_WDI,P1Y,0,A,PU,Annual,Tanzania,Prevalence of severe food insecurity in the population (%),Total,All age ranges or no breakdown by age,Total,Percentage,Not Applicable,Not Applicable,Not Applicable,Not Applicable,Ratio,Two,World Development Indicators (WDI),Annual,Units,Normal value,Public
datastructure,WB.DATA360:DS_DATA360(1.3),I,A,NZL,WB_WDI_SN_ITK_SVFI_ZS,_T,_T,_T,PT,_Z,_Z,_Z,2021,3.3,_Z,RATIO,2,WB_WDI,P1Y,0,A,PU,Annual,New Zealand,Prevalence of severe food insecurity in the population (%),Total,All age ranges or no breakdown by age,Total,Percentage,Not Applicable,Not Applicable,Not Applicable,Not Applicable,Ratio,Two,World Development Indicators (WDI),Annual,Units,Normal value,Public
datastructure,WB.DATA360:DS_DATA360(1.3),I,A,NER,WB_WDI_SN_ITK_SVFI_ZS,_T,_T,_T,PT,_Z,_Z,_Z,2021,7.7,_Z,RATIO,2,WB_WDI,P1Y,0,A,PU,Annual,Niger,Prevalence of severe food insecurity in the population (%),Total,All age ranges or no breakdown by age,Total,Percentage,Not Applicable,Not Applicable,Not Applicable,Not Applicable,Ratio,Two,World Development Indicators (WDI),Annual,Units,Normal value,Public
datastructure,WB.DATA360:DS_DATA360(1.3),I,A,NGA,WB_WDI_SN_ITK_SVFI_ZS,_T,_T,_T,PT,_Z,_Z,_Z,2021,21.3,_Z,RATIO,2,WB_WDI,P1Y,0,A,PU,Annual,Nigeria,Prevalence of severe food insecurity in the population (%),Total,All age ranges or no breakdown by age,Total,Percentage,Not Applicable,Not Applicable,Not Applicable,Not Applicable,Ratio,Two,World Development Indicators (WDI),Annual,Units,Normal value,Public
datastructure,WB.DATA360:DS_DATA360(1.3),I,A,MKD,WB_WDI_SN_ITK_SVFI_ZS,_T,_T,_T,PT,_Z,_Z,_Z,2021,6.9,_Z,RATIO,2,WB_WDI,P1Y,0,A,PU,Annual,North Macedonia,Prevalence of severe food insecurity in the population (%),Total,All age ranges or no breakdown by age,Total,Percentage,Not Applicable,Not Applicable,Not Applicable,Not Applicable,Ratio,Two,World Development Indicators (WDI),Annual,Units,Normal value,Public
datastructure,WB.DATA360:DS_DATA360(1.3),I,A,NOR,WB_WDI_SN_ITK_SVFI_ZS,_T,_T,_T,PT,_Z,_Z,_Z,2021,1.2,_Z,RATIO,2,WB_WDI,P1Y,0,A,PU,Annual,Norway,Prevalence of severe food insecurity in the population (%),Total,All age ranges or no breakdown by age,Total,Percentage,Not Applicable,Not Applicable,Not Applicable,Not Applicable,Ratio,Two,World Development Indicators (WDI),Annual,Units,Normal value,Public
datastructure,WB.DATA360:DS_DATA360(1.3),I,A,PAK,WB_WDI_SN_ITK_SVFI_ZS,_T,_T,_T,PT,_Z,_Z,_Z,2021,11.4,_Z,RATIO,2,WB_WDI,P1Y,0,A,PU,Annual,Pakistan,Prevalence of severe food insecurity in the population (%),Total,All age ranges or no breakdown by age,Total,Percentage,Not Applicable,Not Applicable,Not Applicable,Not Applicable,Ratio,Two,World Development Indicators (WDI),Annual,Units,Normal value,Public
datastructure,WB.DATA360:DS_DATA360(1.3),I,A,CZE,WB_WDI_SN_ITK_SVFI_ZS,_T,_T,_T,PT,_Z,_Z,_Z,2020,1.6,_Z,RATIO,2,WB_WDI,P1Y,0,A,PU,Annual,Czechia,Prevalence of severe food insecurity in the population (%),Total,All age ranges or no breakdown by age,Total,Percentage,Not Applicable,Not Applicable,Not Applicable,Not Applicable,Ratio,Two,World Development Indicators (WDI),Annual,Units,Normal value,Public
datastructure,WB.DATA360:DS_DATA360(1.3),I,A,DNK,WB_WDI_SN_ITK_SVFI_ZS,_T,_T,_T,PT,_Z,_Z,_Z,2020,1.4,_Z,RATIO,2,WB_WDI,P1Y,0,A,PU,Annual,Denmark,Prevalence of severe food insecurity in the population (%),Total,All age ranges or no breakdown by age,Total,Percentage,Not Applicable,Not Applicable,Not Applicable,Not Applicable,Ratio,Two,World Development Indicators (WDI),Annual,Units,Normal value,Public
datastructure,WB.DATA360:DS_DATA360(1.3),I,A,DJI,WB_WDI_SN_ITK_SVFI_ZS,_T,_T,_T,PT,_Z,_Z,_Z,2020,16.5,_Z,RATIO,2,WB_WDI,P1Y,0,A,PU,Annual,Djibouti,Prevalence of severe food insecurity in the population (%),Total,All age ranges or no breakdown by age,Total,Percentage,Not Applicable,Not Applicable,Not Applicable,Not Applicable,Ratio,Two,World Development Indicators (WDI),Annual,Units,Normal value,Public
datastructure,WB.DATA360:DS_DATA360(1.3),I,A,DMA,WB_WDI_SN_ITK_SVFI_ZS,_T,_T,_T,PT,_Z,_Z,_Z,2020,5.8,_Z,RATIO,2,WB_WDI,P1Y,0,A,PU,Annual,Dominica,Prevalence of severe food insecurity in the population (%),Total,All age ranges or no breakdown by age,Total,Percentage,Not Applicable,Not Applicable,Not Applicable,Not Applicable,Ratio,Two,World Development Indicators (WDI),Annual,Units,Normal value,Public
datastructure,WB.DATA360:DS_DATA360(1.3),I,A,DOM,WB_WDI_SN_ITK_SVFI_ZS,_T,_T,_T,PT,_Z,_Z,_Z,2020,22.2,_Z,RATIO,2,WB_WDI,P1Y,0,A,PU,Annual,Dominican Republic,Prevalence of severe food insecurity in the population (%),Total,All age ranges or no breakdown by age,Total,Percentage,Not Applicable,Not Applicable,Not Applicable,Not Applicable,Ratio,Two,World Development Indicators (WDI),Annual,Units,Normal value,Public
datastructure,WB.DATA360:DS_DATA360(1.3),I,A,ECU,WB_WDI_SN_ITK_SVFI_ZS,_T,_T,_T,PT,_Z,_Z,_Z,2020,12.8,_Z,RATIO,2,WB_WDI,P1Y,0,A,PU,Annual,Ecuador,Prevalence of severe food insecurity in the population (%),Total,All age ranges or no breakdown by age,Total,Percentage,Not Applicable,Not Applicable,Not Applicable,Not Applicable,Ratio,Two,World Development Indicators (WDI),Annual,Units,Normal value,Public
datastructure,WB.DATA360:DS_DATA360(1.3),I,A,EGY,WB_WDI_SN_ITK_SVFI_ZS,_T,_T,_T,PT,_Z,_Z,_Z,2020,7.1,_Z,RATIO,2,WB_WDI,P1Y,0,A,PU,Annual,"Egypt, Arab Rep.",Prevalence of severe food insecurity in the population (%),Total,All age ranges or no breakdown by age,Total,Percentage,Not Applicable,Not Applicable,Not Applicable,Not Applicable,Ratio,Two,World Development Indicators (WDI),Annual,Units,Normal value,Public
datastructure,WB.DATA360:DS_DATA360(1.3),I,A,SLV,WB_WDI_SN_ITK_SVFI_ZS,_T,_T,_T,PT,_Z,_Z,_Z,2020,14.7,_Z,RATIO,2,WB_WDI,P1Y,0,A,PU,Annual,El Salvador,Prevalence of severe food insecurity in the population (%),Total,All age ranges or no breakdown by age,Total,Percentage,Not Applicable,Not Applicable,Not Applicable,Not Applicable,Ratio,Two,World Development Indicators (WDI),Annual,Units,Normal value,Public
datastructure,WB.DATA360:DS_DATA360(1.3),I,A,GBR,WB_WDI_SN_ITK_SVFI_ZS,_T,_T,_T,PT,_Z,_Z,_Z,2022,2.5,_Z,RATIO,2,WB_WDI,P1Y,0,A,PU,Annual,United Kingdom,Prevalence of severe food insecurity in the population (%),Total,All age ranges or no breakdown by age,Total,Percentage,Not Applicable,Not Applicable,Not Applicable,Not Applicable,Ratio,Two,World Development Indicators (WDI),Annual,Units,Normal value,Public
datastructure,WB.DATA360:DS_DATA360(1.3),I,A,USA,WB_WDI_SN_ITK_SVFI_ZS,_T,_T,_T,PT,_Z,_Z,_Z,2022,0.8,_Z,RATIO,2,WB_WDI,P1Y,0,A,PU,Annual,United States,Prevalence of severe food insecurity in the population (%),Total,All age ranges or no breakdown by age,Total,Percentage,Not Applicable,Not Applicable,Not Applicable,Not Applicable,Ratio,Two,World Development Indicators (WDI),Annual,Units,Normal value,Public
datastructure,WB.DATA360:DS_DATA360(1.3),I,A,URY,WB_WDI_SN_ITK_SVFI_ZS,_T,_T,_T,PT,_Z,_Z,_Z,2022,2.9,_Z,RATIO,2,WB_WDI,P1Y,0,A,PU,Annual,Uruguay,Prevalence of severe food insecurity in the population (%),Total,All age ranges or no breakdown by age,Total,Percentage,Not Applicable,Not Applicable,Not Applicable,Not Applicable,Ratio,Two,World Development Indicators (WDI),Annual,Units,Normal value,Public
datastructure,WB.DATA360:DS_DATA360(1.3),I,A,UZB,WB_WDI_SN_ITK_SVFI_ZS,_T,_T,_T,PT,_Z,_Z,_Z,2022,6.3,_Z,RATIO,2,WB_WDI,P1Y,0,A,PU,Annual,Uzbekistan,Prevalence of severe food insecurity in the population (%),Total,All age ranges or no breakdown by age,Total,Percentage,Not Applicable,Not Applicable,Not Applicable,Not Applicable,Ratio,Two,World Development Indicators (WDI),Annual,Units,Normal value,Public
datastructure,WB.DATA360:DS_DATA360(1.3),I,A,VNM,WB_WDI_SN_ITK_SVFI_ZS,_T,_T,_T,PT,_Z,_Z,_Z,2022,2.1,_Z,RATIO,2,WB_WDI,P1Y,0,A,PU,Annual,Vietnam,Prevalence of severe food insecurity in the population (%),Total,All age ranges or no breakdown by age,Total,Percentage,Not Applicable,Not Applicable,Not Applicable,Not Applicable,Ratio,Two,World Development Indicators (WDI),Annual,Units,Normal value,Public
datastructure,WB.DATA360:DS_DATA360(1.3),I,A,PSE,WB_WDI_SN_ITK_SVFI_ZS,_T,_T,_T,PT,_Z,_Z,_Z,2022,4.5,_Z,RATIO,2,WB_WDI,P1Y,0,A,PU,Annual,West Bank and Gaza,Prevalence of severe food insecurity in the population (%),Total,All age ranges or no breakdown by age,Total,Percentage,Not Applicable,Not Applicable,Not Applicable,Not Applicable,Ratio,Two,World Development Indicators (WDI),Annual,Units,Normal value,Public
datastructure,WB.DATA360:DS_DATA360(1.3),I,A,ZMB,WB_WDI_SN_ITK_SVFI_ZS,_T,_T,_T,PT,_Z,_Z,_Z,2022,19.0,_Z,RATIO,2,WB_WDI,P1Y,0,A,PU,Annual,Zambia,Prevalence of severe food insecurity in the population (%),Total,All age ranges or no breakdown by age,Total,Percentage,Not Applicable,Not Applicable,Not Applicable,Not Applicable,Ratio,Two,World Development Indicators (WDI),Annual,Units,Normal value,Public
datastructure,WB.DATA360:DS_DATA360(1.3),I,A,ZWE,WB_WDI_SN_ITK_SVFI_ZS,_T,_T,_T,PT,_Z,_Z,_Z,2022,26.1,_Z,RATIO,2,WB_WDI,P1Y,0,A,PU,Annual,Zimbabwe,Prevalence of severe food insecurity in the population (%),Total,All age ranges or no breakdown by age,Total,Percentage,Not Applicable,Not Applicable,Not Applicable,Not Applicable,Ratio,Two,World Development Indicators (WDI),Annual,Units,Normal value,Public
datastructure,WB.DATA360:DS_DATA360(1.3),I,A,KAZ,WB_WDI_SN_ITK_SVFI_ZS,_T,_T,_T,PT,_Z,_Z,_Z,2023,0.6,_Z,RATIO,2,WB_WDI,P1Y,0,A,PU,Annual,Kazakhstan,Prevalence of severe food insecurity in the population (%),Total,All age ranges or no breakdown by age,Total,Percentage,Not Applicable,Not Applicable,Not Applicable,Not Applicable,Ratio,Two,World Development Indicators (WDI),Annual,Units,Normal value,Public
datastructure,WB.DATA360:DS_DATA360(1.3),I,A,KEN,WB_WDI_SN_ITK_SVFI_ZS,_T,_T,_T,PT,_Z,_Z,_Z,2023,28.1,_Z,RATIO,2,WB_WDI,P1Y,0,A,PU,Annual,Kenya,Prevalence of severe food insecurity in the population (%),Total,All age ranges or no breakdown by age,Total,Percentage,Not Applicable,Not Applicable,Not Applicable,Not Applicable,Ratio,Two,World Development Indicators (WDI),Annual,Units,Normal value,Public
datastructure,WB.DATA360:DS_DATA360(1.3),I,A,KIR,WB_WDI_SN_ITK_SVFI_ZS,_T,_T,_T,PT,_Z,_Z,_Z,2023,5.8,_Z,RATIO,2,WB_WDI,P1Y,0,A,PU,Annual,Kiribati,Prevalence of severe food insecurity in the population (%),Total,All age ranges or no breakdown by age,Total,Percentage,Not Applicable,Not Applicable,Not Applicable,Not Applicable,Ratio,Two,World Development Indicators (WDI),Annual,Units,Normal value,Public
datastructure,WB.DATA360:DS_DATA360(1.3),I,A,KOR,WB_WDI_SN_ITK_SVFI_ZS,_T,_T,_T,PT,_Z,_Z,_Z,2023,1.1,_Z,RATIO,2,WB_WDI,P1Y,0,A,PU,Annual,"Korea, Rep.",Prevalence of severe food insecurity in the population (%),Total,All age ranges or no breakdown by age,Total,Percentage,Not Applicable,Not Applicable,Not Applicable,Not Applicable,Ratio,Two,World Development Indicators (WDI),Annual,Units,Normal value,Public
datastructure,WB.DATA360:DS_DATA360(1.3),I,A,KWT,WB_WDI_SN_ITK_SVFI_ZS,_T,_T,_T,PT,_Z,_Z,_Z,2023,3.4,_Z,RATIO,2,WB_WDI,P1Y,0,A,PU,Annual,Kuwait,Prevalence of severe food insecurity in the population (%),Total,All age ranges or no breakdown by age,Total,Percentage,Not Applicable,Not Applicable,Not Applicable,Not Applicable,Ratio,Two,World Development Indicators (WDI),Annual,Units,Normal value,Public
datastructure,WB.DATA360:DS_DATA360(1.3),I,A,LAO,WB_WDI_SN_ITK_SVFI_ZS,_T,_T,_T,PT,_Z,_Z,_Z,2023,5.6,_Z,RATIO,2,WB_WDI,P1Y,0,A,PU,Annual,Lao PDR,Prevalence of severe food insecurity in the population (%),Total,All age ranges or no breakdown by age,Total,Percentage,Not Applicable,Not Applicable,Not Applicable,Not Applicable,Ratio,Two,World Development Indicators (WDI),Annual,Units,Normal value,Public
datastructure,WB.DATA360:DS_DATA360(1.3),I,A,LVA,WB_WDI_SN_ITK_SVFI_ZS,_T,_T,_T,PT,_Z,_Z,_Z,2023,1.9,_Z,RATIO,2,WB_WDI,P1Y,0,A,PU,Annual,Latvia,Prevalence of severe food insecurity in the population (%),Total,All age ranges or no breakdown by age,Total,Percentage,Not Applicable,Not Applicable,Not Applicable,Not Applicable,Ratio,Two,World Development Indicators (WDI),Annual,Units,Normal value,Public
datastructure,WB.DATA360:DS_DATA360(1.3),I,A,LBN,WB_WDI_SN_ITK_SVFI_ZS,_T,_T,_T,PT,_Z,_Z,_Z,2023,10.1,_Z,RATIO,2,WB_WDI,P1Y,0,A,PU,Annual,Lebanon,Prevalence of severe food insecurity in the population (%),Total,All age ranges or no breakdown by age,Total,Percentage,Not Applicable,Not Applicable,Not Applicable,Not Applicable,Ratio,Two,World Development Indicators (WDI),Annual,Units,Normal value,Public
datastructure,WB.DATA360:DS_DATA360(1.3),I,A,LSO,WB_WDI_SN_ITK_SVFI_ZS,_T,_T,_T,PT,_Z,_Z,_Z,2023,24.7,_Z,RATIO,2,WB_WDI,P1Y,0,A,PU,Annual,Lesotho,Prevalence of severe food insecurity in the population (%),Total,All age ranges or no breakdown by age,Total,Percentage,Not Applicable,Not Applicable,Not Applicable,Not Applicable,Ratio,Two,World Development Indicators (WDI),Annual,Units,Normal value,Public
datastructure,WB.DATA360:DS_DATA360(1.3),I,A,LBR,WB_WDI_SN_ITK_SVFI_ZS,_T,_T,_T,PT,_Z,_Z,_Z,2023,37.1,_Z,RATIO,2,WB_WDI,P1Y,0,A,PU,Annual,Liberia,Prevalence of severe food insecurity in the population (%),Total,All age ranges or no breakdown by age,Total,Percentage,Not Applicable,Not Applicable,Not Applicable,Not Applicable,Ratio,Two,World Development Indicators (WDI),Annual,Units,Normal value,Public
datastructure,WB.DATA360:DS_DATA360(1.3),I,A,KEN,WB_WDI_SN_ITK_SVFI_ZS,_T,_T,_T,PT,_Z,_Z,_Z,2015,15.0,_Z,RATIO,2,WB_WDI,P1Y,0,A,PU,Annual,Kenya,Prevalence of severe food insecurity in the population (%),Total,All age ranges or no breakdown by age,Total,Percentage,Not Applicable,Not Applicable,Not Applicable,Not Applicable,Ratio,Two,World Development Indicators (WDI),Annual,Units,Normal value,Public
datastructure,WB.DATA360:DS_DATA360(1.3),I,A,KOR,WB_WDI_SN_ITK_SVFI_ZS,_T,_T,_T,PT,_Z,_Z,_Z,2015,0.0,_Z,RATIO,2,WB_WDI,P1Y,0,A,PU,Annual,"Korea, Rep.",Prevalence of severe food insecurity in the population (%),Total,All age ranges or no breakdown by age,Total,Percentage,Not Applicable,Not Applicable,Not Applicable,Not Applicable,Ratio,Two,World Development Indicators (WDI),Annual,Units,Normal value,Public
datastructure,WB.DATA360:DS_DATA360(1.3),I,A,KWT,WB_WDI_SN_ITK_SVFI_ZS,_T,_T,_T,PT,_Z,_Z,_Z,2015,4.9,_Z,RATIO,2,WB_WDI,P1Y,0,A,PU,Annual,Kuwait,Prevalence of severe food insecurity in the population (%),Total,All age ranges or no breakdown by age,Total,Percentage,Not Applicable,Not Applicable,Not Applicable,Not Applicable,Ratio,Two,World Development Indicators (WDI),Annual,Units,Normal value,Public
datastructure,WB.DATA360:DS_DATA360(1.3),I,A,LVA,WB_WDI_SN_ITK_SVFI_ZS,_T,_T,_T,PT,_Z,_Z,_Z,2015,0.6,_Z,RATIO,2,WB_WDI,P1Y,0,A,PU,Annual,Latvia,Prevalence of severe food insecurity in the population (%),Total,All age ranges or no breakdown by age,Total,Percentage,Not Applicable,Not Applicable,Not Applicable,Not Applicable,Ratio,Two,World Development Indicators (WDI),Annual,Units,Normal value,Public
datastructure,WB.DATA360:DS_DATA360(1.3),I,A,TEC,WB_WDI_SN_ITK_SVFI_ZS,_T,_T,_T,PT,_Z,_Z,_Z,2022,3.7647557,_Z,RATIO,2,WB_WDI,P1Y,0,A,PU,Annual,Europe & Central Asia (IDA & IBRD),Prevalence of severe food insecurity in the population (%),Total,All age ranges or no breakdown by age,Total,Percentage,Not Applicable,Not Applicable,Not Applicable,Not Applicable,Ratio,Two,World Development Indicators (WDI),Annual,Units,Normal value,Public
datastructure,WB.DATA360:DS_DATA360(1.3),I,A,HIC,WB_WDI_SN_ITK_SVFI_ZS,_T,_T,_T,PT,_Z,_Z,_Z,2022,1.6339473,_Z,RATIO,2,WB_WDI,P1Y,0,A,PU,Annual,High income,Prevalence of severe food insecurity in the population (%),Total,All age ranges or no breakdown by age,Total,Percentage,Not Applicable,Not Applicable,Not Applicable,Not Applicable,Ratio,Two,World Development Indicators (WDI),Annual,Units,Normal value,Public
datastructure,WB.DATA360:DS_DATA360(1.3),I,A,IBD,WB_WDI_SN_ITK_SVFI_ZS,_T,_T,_T,PT,_Z,_Z,_Z,2022,9.2543799,_Z,RATIO,2,WB_WDI,P1Y,0,A,PU,Annual,IBRD only,Prevalence of severe food insecurity in the population (%),Total,All age ranges or no breakdown by age,Total,Percentage,Not Applicable,Not Applicable,Not Applicable,Not Applicable,Ratio,Two,World Development Indicators (WDI),Annual,Units,Normal value,Public
datastructure,WB.DATA360:DS_DATA360(1.3),I,A,IBT,WB_WDI_SN_ITK_SVFI_ZS,_T,_T,_T,PT,_Z,_Z,_Z,2022,12.0073076,_Z,RATIO,2,WB_WDI,P1Y,0,A,PU,Annual,IDA & IBRD total,Prevalence of severe food insecurity in the population (%),Total,All age ranges or no breakdown by age,Total,Percentage,Not Applicable,Not Applicable,Not Applicable,Not Applicable,Ratio,Two,World Development Indicators (WDI),Annual,Units,Normal value,Public
datastructure,WB.DATA360:DS_DATA360(1.3),I,A,IDA,WB_WDI_SN_ITK_SVFI_ZS,_T,_T,_T,PT,_Z,_Z,_Z,2022,19.3119331,_Z,RATIO,2,WB_WDI,P1Y,0,A,PU,Annual,IDA total,Prevalence of severe food insecurity in the population (%),Total,All age ranges or no breakdown by age,Total,Percentage,Not Applicable,Not Applicable,Not Applicable,Not Applicable,Ratio,Two,World Development Indicators (WDI),Annual,Units,Normal value,Public
datastructure,WB.DATA360:DS_DATA360(1.3),I,A,LCN,WB_WDI_SN_ITK_SVFI_ZS,_T,_T,_T,PT,_Z,_Z,_Z,2022,10.2267988,_Z,RATIO,2,WB_WDI,P1Y,0,A,PU,Annual,Latin America & Caribbean,Prevalence of severe food insecurity in the population (%),Total,All age ranges or no breakdown by age,Total,Percentage,Not Applicable,Not Applicable,Not Applicable,Not Applicable,Ratio,Two,World Development Indicators (WDI),Annual,Units,Normal value,Public
datastructure,WB.DATA360:DS_DATA360(1.3),I,A,TLA,WB_WDI_SN_ITK_SVFI_ZS,_T,_T,_T,PT,_Z,_Z,_Z,2022,9.9984759,_Z,RATIO,2,WB_WDI,P1Y,0,A,PU,Annual,Latin America & Caribbean (IDA & IBRD),Prevalence of severe food insecurity in the population (%),Total,All age ranges or no breakdown by age,Total,Percentage,Not Applicable,Not Applicable,Not Applicable,Not Applicable,Ratio,Two,World Development Indicators (WDI),Annual,Units,Normal value,Public
datastructure,WB.DATA360:DS_DATA360(1.3),I,A,LDC,WB_WDI_SN_ITK_SVFI_ZS,_T,_T,_T,PT,_Z,_Z,_Z,2022,21.3287856,_Z,RATIO,2,WB_WDI,P1Y,0,A,PU,Annual,Least developed countries: UN classification,Prevalence of severe food insecurity in the population (%),Total,All age ranges or no breakdown by age,Total,Percentage,Not Applicable,Not Applicable,Not Applicable,Not Applicable,Ratio,Two,World Development Indicators (WDI),Annual,Units,Normal value,Public
datastructure,WB.DATA360:DS_DATA360(1.3),I,A,GMB,WB_WDI_SN_ITK_SVFI_ZS,_T,_T,_T,PT,_Z,_Z,_Z,2023,21.7,_Z,RATIO,2,WB_WDI,P1Y,0,A,PU,Annual,"Gambia, The",Prevalence of severe food insecurity in the population (%),Total,All age ranges or no breakdown by age,Total,Percentage,Not Applicable,Not Applicable,Not Applicable,Not Applicable,Ratio,Two,World Development Indicators (WDI),Annual,Units,Normal value,Public
datastructure,WB.DATA360:DS_DATA360(1.3),I,A,GEO,WB_WDI_SN_ITK_SVFI_ZS,_T,_T,_T,PT,_Z,_Z,_Z,2023,6.2,_Z,RATIO,2,WB_WDI,P1Y,0,A,PU,Annual,Georgia,Prevalence of severe food insecurity in the population (%),Total,All age ranges or no breakdown by age,Total,Percentage,Not Applicable,Not Applicable,Not Applicable,Not Applicable,Ratio,Two,World Development Indicators (WDI),Annual,Units,Normal value,Public
datastructure,WB.DATA360:DS_DATA360(1.3),I,A,DEU,WB_WDI_SN_ITK_SVFI_ZS,_T,_T,_T,PT,_Z,_Z,_Z,2023,1.2,_Z,RATIO,2,WB_WDI,P1Y,0,A,PU,Annual,Germany,Prevalence of severe food insecurity in the population (%),Total,All age ranges or no breakdown by age,Total,Percentage,Not Applicable,Not Applicable,Not Applicable,Not Applicable,Ratio,Two,World Development Indicators (WDI),Annual,Units,Normal value,Public
datastructure,WB.DATA360:DS_DATA360(1.3),I,A,GHA,WB_WDI_SN_ITK_SVFI_ZS,_T,_T,_T,PT,_Z,_Z,_Z,2023,9.4,_Z,RATIO,2,WB_WDI,P1Y,0,A,PU,Annual,Ghana,Prevalence of severe food insecurity in the population (%),Total,All age ranges or no breakdown by age,Total,Percentage,Not Applicable,Not Applicable,Not Applicable,Not Applicable,Ratio,Two,World Development Indicators (WDI),Annual,Units,Normal value,Public
datastructure,WB.DATA360:DS_DATA360(1.3),I,A,GRC,WB_WDI_SN_ITK_SVFI_ZS,_T,_T,_T,PT,_Z,_Z,_Z,2023,1.5,_Z,RATIO,2,WB_WDI,P1Y,0,A,PU,Annual,Greece,Prevalence of severe food insecurity in the population (%),Total,All age ranges or no breakdown by age,Total,Percentage,Not Applicable,Not Applicable,Not Applicable,Not Applicable,Ratio,Two,World Development Indicators (WDI),Annual,Units,Normal value,Public
datastructure,WB.DATA360:DS_DATA360(1.3),I,A,GRD,WB_WDI_SN_ITK_SVFI_ZS,_T,_T,_T,PT,_Z,_Z,_Z,2023,4.7,_Z,RATIO,2,WB_WDI,P1Y,0,A,PU,Annual,Grenada,Prevalence of severe food insecurity in the population (%),Total,All age ranges or no breakdown by age,Total,Percentage,Not Applicable,Not Applicable,Not Applicable,Not Applicable,Ratio,Two,World Development Indicators (WDI),Annual,Units,Normal value,Public
datastructure,WB.DATA360:DS_DATA360(1.3),I,A,GTM,WB_WDI_SN_ITK_SVFI_ZS,_T,_T,_T,PT,_Z,_Z,_Z,2023,21.3,_Z,RATIO,2,WB_WDI,P1Y,0,A,PU,Annual,Guatemala,Prevalence of severe food insecurity in the population (%),Total,All age ranges or no breakdown by age,Total,Percentage,Not Applicable,Not Applicable,Not Applicable,Not Applicable,Ratio,Two,World Development Indicators (WDI),Annual,Units,Normal value,Public
datastructure,WB.DATA360:DS_DATA360(1.3),I,A,GUY,WB_WDI_SN_ITK_SVFI_ZS,_T,_T,_T,PT,_Z,_Z,_Z,2023,4.7,_Z,RATIO,2,WB_WDI,P1Y,0,A,PU,Annual,Guyana,Prevalence of severe food insecurity in the population (%),Total,All age ranges or no breakdown by age,Total,Percentage,Not Applicable,Not Applicable,Not Applicable,Not Applicable,Ratio,Two,World Development Indicators (WDI),Annual,Units,Normal value,Public
datastructure,WB.DATA360:DS_DATA360(1.3),I,A,HTI,WB_WDI_SN_ITK_SVFI_ZS,_T,_T,_T,PT,_Z,_Z,_Z,2023,45.4,_Z,RATIO,2,WB_WDI,P1Y,0,A,PU,Annual,Haiti,Prevalence of severe food insecurity in the population (%),Total,All age ranges or no breakdown by age,Total,Percentage,Not Applicable,Not Applicable,Not Applicable,Not Applicable,Ratio,Two,World Development Indicators (WDI),Annual,Units,Normal value,Public
datastructure,WB.DATA360:DS_DATA360(1.3),I,A,HND,WB_WDI_SN_ITK_SVFI_ZS,_T,_T,_T,PT,_Z,_Z,_Z,2023,15.4,_Z,RATIO,2,WB_WDI,P1Y,0,A,PU,Annual,Honduras,Prevalence of severe food insecurity in the population (%),Total,All age ranges or no breakdown by age,Total,Percentage,Not Applicable,Not Applicable,Not Applicable,Not Applicable,Ratio,Two,World Development Indicators (WDI),Annual,Units,Normal value,Public
datastructure,WB.DATA360:DS_DATA360(1.3),I,A,BIH,WB_WDI_SN_ITK_SVFI_ZS,_T,_T,_T,PT,_Z,_Z,_Z,2022,2.8,_Z,RATIO,2,WB_WDI,P1Y,0,A,PU,Annual,Bosnia and Herzegovina,Prevalence of severe food insecurity in the population (%),Total,All age ranges or no breakdown by age,Total,Percentage,Not Applicable,Not Applicable,Not Applicable,Not Applicable,Ratio,Two,World Development Indicators (WDI),Annual,Units,Normal value,Public
datastructure,WB.DATA360:DS_DATA360(1.3),I,A,BWA,WB_WDI_SN_ITK_SVFI_ZS,_T,_T,_T,PT,_Z,_Z,_Z,2022,26.6,_Z,RATIO,2,WB_WDI,P1Y,0,A,PU,Annual,Botswana,Prevalence of severe food insecurity in the population (%),Total,All age ranges or no breakdown by age,Total,Percentage,Not Applicable,Not Applicable,Not Applicable,Not Applicable,Ratio,Two,World Development Indicators (WDI),Annual,Units,Normal value,Public
datastructure,WB.DATA360:DS_DATA360(1.3),I,A,BRA,WB_WDI_SN_ITK_SVFI_ZS,_T,_T,_T,PT,_Z,_Z,_Z,2022,6.6,_Z,RATIO,2,WB_WDI,P1Y,0,A,PU,Annual,Brazil,Prevalence of severe food insecurity in the population (%),Total,All age ranges or no breakdown by age,Total,Percentage,Not Applicable,Not Applicable,Not Applicable,Not Applicable,Ratio,Two,World Development Indicators (WDI),Annual,Units,Normal value,Public
datastructure,WB.DATA360:DS_DATA360(1.3),I,A,BGR,WB_WDI_SN_ITK_SVFI_ZS,_T,_T,_T,PT,_Z,_Z,_Z,2022,2.5,_Z,RATIO,2,WB_WDI,P1Y,0,A,PU,Annual,Bulgaria,Prevalence of severe food insecurity in the population (%),Total,All age ranges or no breakdown by age,Total,Percentage,Not Applicable,Not Applicable,Not Applicable,Not Applicable,Ratio,Two,World Development Indicators (WDI),Annual,Units,Normal value,Public
datastructure,WB.DATA360:DS_DATA360(1.3),I,A,BFA,WB_WDI_SN_ITK_SVFI_ZS,_T,_T,_T,PT,_Z,_Z,_Z,2022,7.2,_Z,RATIO,2,WB_WDI,P1Y,0,A,PU,Annual,Burkina Faso,Prevalence of severe food insecurity in the population (%),Total,All age ranges or no breakdown by age,Total,Percentage,Not Applicable,Not Applicable,Not Applicable,Not Applicable,Ratio,Two,World Development Indicators (WDI),Annual,Units,Normal value,Public
datastructure,WB.DATA360:DS_DATA360(1.3),I,A,BDI,WB_WDI_SN_ITK_SVFI_ZS,_T,_T,_T,PT,_Z,_Z,_Z,2022,20.9,_Z,RATIO,2,WB_WDI,P1Y,0,A,PU,Annual,Burundi,Prevalence of severe food insecurity in the population (%),Total,All age ranges or no breakdown by age,Total,Percentage,Not Applicable,Not Applicable,Not Applicable,Not Applicable,Ratio,Two,World Development Indicators (WDI),Annual,Units,Normal value,Public
datastructure,WB.DATA360:DS_DATA360(1.3),I,A,CPV,WB_WDI_SN_ITK_SVFI_ZS,_T,_T,_T,PT,_Z,_Z,_Z,2022,6.0,_Z,RATIO,2,WB_WDI,P1Y,0,A,PU,Annual,Cabo Verde,Prevalence of severe food insecurity in the population (%),Total,All age ranges or no breakdown by age,Total,Percentage,Not Applicable,Not Applicable,Not Applicable,Not Applicable,Ratio,Two,World Development Indicators (WDI),Annual,Units,Normal value,Public
datastructure,WB.DATA360:DS_DATA360(1.3),I,A,AFE,WB_WDI_SN_ITK_SVFI_ZS,_T,_T,_T,PT,_Z,_Z,_Z,2021,26.5118778,_Z,RATIO,2,WB_WDI,P1Y,0,A,PU,Annual,Africa Eastern and Southern,Prevalence of severe food insecurity in the population (%),Total,All age ranges or no breakdown by age,Total,Percentage,Not Applicable,Not Applicable,Not Applicable,Not Applicable,Ratio,Two,World Development Indicators (WDI),Annual,Units,Normal value,Public
datastructure,WB.DATA360:DS_DATA360(1.3),I,A,AFW,WB_WDI_SN_ITK_SVFI_ZS,_T,_T,_T,PT,_Z,_Z,_Z,2021,18.8557581,_Z,RATIO,2,WB_WDI,P1Y,0,A,PU,Annual,Africa Western and Central,Prevalence of severe food insecurity in the population (%),Total,All age ranges or no breakdown by age,Total,Percentage,Not Applicable,Not Applicable,Not Applicable,Not Applicable,Ratio,Two,World Development Indicators (WDI),Annual,Units,Normal value,Public
datastructure,WB.DATA360:DS_DATA360(1.3),I,A,EAS,WB_WDI_SN_ITK_SVFI_ZS,_T,_T,_T,PT,_Z,_Z,_Z,2021,1.3732476,_Z,RATIO,2,WB_WDI,P1Y,0,A,PU,Annual,East Asia & Pacific,Prevalence of severe food insecurity in the population (%),Total,All age ranges or no breakdown by age,Total,Percentage,Not Applicable,Not Applicable,Not Applicable,Not Applicable,Ratio,Two,World Development Indicators (WDI),Annual,Units,Normal value,Public
datastructure,WB.DATA360:DS_DATA360(1.3),I,A,TEA,WB_WDI_SN_ITK_SVFI_ZS,_T,_T,_T,PT,_Z,_Z,_Z,2021,1.3508037,_Z,RATIO,2,WB_WDI,P1Y,0,A,PU,Annual,East Asia & Pacific (IDA & IBRD),Prevalence of severe food insecurity in the population (%),Total,All age ranges or no breakdown by age,Total,Percentage,Not Applicable,Not Applicable,Not Applicable,Not Applicable,Ratio,Two,World Development Indicators (WDI),Annual,Units,Normal value,Public
datastructure,WB.DATA360:DS_DATA360(1.3),I,A,ECS,WB_WDI_SN_ITK_SVFI_ZS,_T,_T,_T,PT,_Z,_Z,_Z,2021,2.7529271,_Z,RATIO,2,WB_WDI,P1Y,0,A,PU,Annual,Europe & Central Asia,Prevalence of severe food insecurity in the population (%),Total,All age ranges or no breakdown by age,Total,Percentage,Not Applicable,Not Applicable,Not Applicable,Not Applicable,Ratio,Two,World Development Indicators (WDI),Annual,Units,Normal value,Public
datastructure,WB.DATA360:DS_DATA360(1.3),I,A,TEC,WB_WDI_SN_ITK_SVFI_ZS,_T,_T,_T,PT,_Z,_Z,_Z,2021,3.8729452,_Z,RATIO,2,WB_WDI,P1Y,0,A,PU,Annual,Europe & Central Asia (IDA & IBRD),Prevalence of severe food insecurity in the population (%),Total,All age ranges or no breakdown by age,Total,Percentage,Not Applicable,Not Applicable,Not Applicable,Not Applicable,Ratio,Two,World Development Indicators (WDI),Annual,Units,Normal value,Public
datastructure,WB.DATA360:DS_DATA360(1.3),I,A,LBR,WB_WDI_SN_ITK_SVFI_ZS,_T,_T,_T,PT,_Z,_Z,_Z,2022,37.3,_Z,RATIO,2,WB_WDI,P1Y,0,A,PU,Annual,Liberia,Prevalence of severe food insecurity in the population (%),Total,All age ranges or no breakdown by age,Total,Percentage,Not Applicable,Not Applicable,Not Applicable,Not Applicable,Ratio,Two,World Development Indicators (WDI),Annual,Units,Normal value,Public
datastructure,WB.DATA360:DS_DATA360(1.3),I,A,LBY,WB_WDI_SN_ITK_SVFI_ZS,_T,_T,_T,PT,_Z,_Z,_Z,2022,19.9,_Z,RATIO,2,WB_WDI,P1Y,0,A,PU,Annual,Libya,Prevalence of severe food insecurity in the population (%),Total,All age ranges or no breakdown by age,Total,Percentage,Not Applicable,Not Applicable,Not Applicable,Not Applicable,Ratio,Two,World Development Indicators (WDI),Annual,Units,Normal value,Public
datastructure,WB.DATA360:DS_DATA360(1.3),I,A,LTU,WB_WDI_SN_ITK_SVFI_ZS,_T,_T,_T,PT,_Z,_Z,_Z,2022,1.3,_Z,RATIO,2,WB_WDI,P1Y,0,A,PU,Annual,Lithuania,Prevalence of severe food insecurity in the population (%),Total,All age ranges or no breakdown by age,Total,Percentage,Not Applicable,Not Applicable,Not Applicable,Not Applicable,Ratio,Two,World Development Indicators (WDI),Annual,Units,Normal value,Public
datastructure,WB.DATA360:DS_DATA360(1.3),I,A,LUX,WB_WDI_SN_ITK_SVFI_ZS,_T,_T,_T,PT,_Z,_Z,_Z,2022,0.6,_Z,RATIO,2,WB_WDI,P1Y,0,A,PU,Annual,Luxembourg,Prevalence of severe food insecurity in the population (%),Total,All age ranges or no breakdown by age,Total,Percentage,Not Applicable,Not Applicable,Not Applicable,Not Applicable,Ratio,Two,World Development Indicators (WDI),Annual,Units,Normal value,Public
datastructure,WB.DATA360:DS_DATA360(1.3),I,A,MDG,WB_WDI_SN_ITK_SVFI_ZS,_T,_T,_T,PT,_Z,_Z,_Z,2022,14.9,_Z,RATIO,2,WB_WDI,P1Y,0,A,PU,Annual,Madagascar,Prevalence of severe food insecurity in the population (%),Total,All age ranges or no breakdown by age,Total,Percentage,Not Applicable,Not Applicable,Not Applicable,Not Applicable,Ratio,Two,World Development Indicators (WDI),Annual,Units,Normal value,Public
datastructure,WB.DATA360:DS_DATA360(1.3),I,A,MWI,WB_WDI_SN_ITK_SVFI_ZS,_T,_T,_T,PT,_Z,_Z,_Z,2022,53.5,_Z,RATIO,2,WB_WDI,P1Y,0,A,PU,Annual,Malawi,Prevalence of severe food insecurity in the population (%),Total,All age ranges or no breakdown by age,Total,Percentage,Not Applicable,Not Applicable,Not Applicable,Not Applicable,Ratio,Two,World Development Indicators (WDI),Annual,Units,Normal value,Public
datastructure,WB.DATA360:DS_DATA360(1.3),I,A,MYS,WB_WDI_SN_ITK_SVFI_ZS,_T,_T,_T,PT,_Z,_Z,_Z,2022,5.8,_Z,RATIO,2,WB_WDI,P1Y,0,A,PU,Annual,Malaysia,Prevalence of severe food insecurity in the population (%),Total,All age ranges or no breakdown by age,Total,Percentage,Not Applicable,Not Applicable,Not Applicable,Not Applicable,Ratio,Two,World Development Indicators (WDI),Annual,Units,Normal value,Public
datastructure,WB.DATA360:DS_DATA360(1.3),I,A,MDV,WB_WDI_SN_ITK_SVFI_ZS,_T,_T,_T,PT,_Z,_Z,_Z,2022,2.2,_Z,RATIO,2,WB_WDI,P1Y,0,A,PU,Annual,Maldives,Prevalence of severe food insecurity in the population (%),Total,All age ranges or no breakdown by age,Total,Percentage,Not Applicable,Not Applicable,Not Applicable,Not Applicable,Ratio,Two,World Development Indicators (WDI),Annual,Units,Normal value,Public
datastructure,WB.DATA360:DS_DATA360(1.3),I,A,MLI,WB_WDI_SN_ITK_SVFI_ZS,_T,_T,_T,PT,_Z,_Z,_Z,2022,2.7,_Z,RATIO,2,WB_WDI,P1Y,0,A,PU,Annual,Mali,Prevalence of severe food insecurity in the population (%),Total,All age ranges or no breakdown by age,Total,Percentage,Not Applicable,Not Applicable,Not Applicable,Not Applicable,Ratio,Two,World Development Indicators (WDI),Annual,Units,Normal value,Public
datastructure,WB.DATA360:DS_DATA360(1.3),I,A,MLT,WB_WDI_SN_ITK_SVFI_ZS,_T,_T,_T,PT,_Z,_Z,_Z,2022,2.0,_Z,RATIO,2,WB_WDI,P1Y,0,A,PU,Annual,Malta,Prevalence of severe food insecurity in the population (%),Total,All age ranges or no breakdown by age,Total,Percentage,Not Applicable,Not Applicable,Not Applicable,Not Applicable,Ratio,Two,World Development Indicators (WDI),Annual,Units,Normal value,Public
datastructure,WB.DATA360:DS_DATA360(1.3),I,A,MRT,WB_WDI_SN_ITK_SVFI_ZS,_T,_T,_T,PT,_Z,_Z,_Z,2022,11.6,_Z,RATIO,2,WB_WDI,P1Y,0,A,PU,Annual,Mauritania,Prevalence of severe food insecurity in the population (%),Total,All age ranges or no breakdown by age,Total,Percentage,Not Applicable,Not Applicable,Not Applicable,Not Applicable,Ratio,Two,World Development Indicators (WDI),Annual,Units,Normal value,Public
datastructure,WB.DATA360:DS_DATA360(1.3),I,A,ARG,WB_WDI_SN_ITK_SVFI_ZS,_T,_T,_T,PT,_Z,_Z,_Z,2021,13.1,_Z,RATIO,2,WB_WDI,P1Y,0,A,PU,Annual,Argentina,Prevalence of severe food insecurity in the population (%),Total,All age ranges or no breakdown by age,Total,Percentage,Not Applicable,Not Applicable,Not Applicable,Not Applicable,Ratio,Two,World Development Indicators (WDI),Annual,Units,Normal value,Public
datastructure,WB.DATA360:DS_DATA360(1.3),I,A,ARM,WB_WDI_SN_ITK_SVFI_ZS,_T,_T,_T,PT,_Z,_Z,_Z,2021,0.0,_Z,RATIO,2,WB_WDI,P1Y,0,A,PU,Annual,Armenia,Prevalence of severe food insecurity in the population (%),Total,All age ranges or no breakdown by age,Total,Percentage,Not Applicable,Not Applicable,Not Applicable,Not Applicable,Ratio,Two,World Development Indicators (WDI),Annual,Units,Normal value,Public
datastructure,WB.DATA360:DS_DATA360(1.3),I,A,AUS,WB_WDI_SN_ITK_SVFI_ZS,_T,_T,_T,PT,_Z,_Z,_Z,2021,3.4,_Z,RATIO,2,WB_WDI,P1Y,0,A,PU,Annual,Australia,Prevalence of severe food insecurity in the population (%),Total,All age ranges or no breakdown by age,Total,Percentage,Not Applicable,Not Applicable,Not Applicable,Not Applicable,Ratio,Two,World Development Indicators (WDI),Annual,Units,Normal value,Public
datastructure,WB.DATA360:DS_DATA360(1.3),I,A,AUT,WB_WDI_SN_ITK_SVFI_ZS,_T,_T,_T,PT,_Z,_Z,_Z,2021,1.6,_Z,RATIO,2,WB_WDI,P1Y,0,A,PU,Annual,Austria,Prevalence of severe food insecurity in the population (%),Total,All age ranges or no breakdown by age,Total,Percentage,Not Applicable,Not Applicable,Not Applicable,Not Applicable,Ratio,Two,World Development Indicators (WDI),Annual,Units,Normal value,Public
datastructure,WB.DATA360:DS_DATA360(1.3),I,A,AZE,WB_WDI_SN_ITK_SVFI_ZS,_T,_T,_T,PT,_Z,_Z,_Z,2021,0.0,_Z,RATIO,2,WB_WDI,P1Y,0,A,PU,Annual,Azerbaijan,Prevalence of severe food insecurity in the population (%),Total,All age ranges or no breakdown by age,Total,Percentage,Not Applicable,Not Applicable,Not Applicable,Not Applicable,Ratio,Two,World Development Indicators (WDI),Annual,Units,Normal value,Public
datastructure,WB.DATA360:DS_DATA360(1.3),I,A,BHS,WB_WDI_SN_ITK_SVFI_ZS,_T,_T,_T,PT,_Z,_Z,_Z,2021,3.4,_Z,RATIO,2,WB_WDI,P1Y,0,A,PU,Annual,"Bahamas, The",Prevalence of severe food insecurity in the population (%),Total,All age ranges or no breakdown by age,Total,Percentage,Not Applicable,Not Applicable,Not Applicable,Not Applicable,Ratio,Two,World Development Indicators (WDI),Annual,Units,Normal value,Public
datastructure,WB.DATA360:DS_DATA360(1.3),I,A,BRB,WB_WDI_SN_ITK_SVFI_ZS,_T,_T,_T,PT,_Z,_Z,_Z,2021,7.4,_Z,RATIO,2,WB_WDI,P1Y,0,A,PU,Annual,Barbados,Prevalence of severe food insecurity in the population (%),Total,All age ranges or no breakdown by age,Total,Percentage,Not Applicable,Not Applicable,Not Applicable,Not Applicable,Ratio,Two,World Development Indicators (WDI),Annual,Units,Normal value,Public
datastructure,WB.DATA360:DS_DATA360(1.3),I,A,BLR,WB_WDI_SN_ITK_SVFI_ZS,_T,_T,_T,PT,_Z,_Z,_Z,2021,0.0,_Z,RATIO,2,WB_WDI,P1Y,0,A,PU,Annual,Belarus,Prevalence of severe food insecurity in the population (%),Total,All age ranges or no breakdown by age,Total,Percentage,Not Applicable,Not Applicable,Not Applicable,Not Applicable,Ratio,Two,World Development Indicators (WDI),Annual,Units,Normal value,Public
datastructure,WB.DATA360:DS_DATA360(1.3),I,A,BEL,WB_WDI_SN_ITK_SVFI_ZS,_T,_T,_T,PT,_Z,_Z,_Z,2021,1.5,_Z,RATIO,2,WB_WDI,P1Y,0,A,PU,Annual,Belgium,Prevalence of severe food insecurity in the population (%),Total,All age ranges or no breakdown by age,Total,Percentage,Not Applicable,Not Applicable,Not Applicable,Not Applicable,Ratio,Two,World Development Indicators (WDI),Annual,Units,Normal value,Public
datastructure,WB.DATA360:DS_DATA360(1.3),I,A,SRB,WB_WDI_SN_ITK_SVFI_ZS,_T,_T,_T,PT,_Z,_Z,_Z,2015,1.7,_Z,RATIO,2,WB_WDI,P1Y,0,A,PU,Annual,Serbia,Prevalence of severe food insecurity in the population (%),Total,All age ranges or no breakdown by age,Total,Percentage,Not Applicable,Not Applicable,Not Applicable,Not Applicable,Ratio,Two,World Development Indicators (WDI),Annual,Units,Normal value,Public
datastructure,WB.DATA360:DS_DATA360(1.3),I,A,SYC,WB_WDI_SN_ITK_SVFI_ZS,_T,_T,_T,PT,_Z,_Z,_Z,2015,3.2,_Z,RATIO,2,WB_WDI,P1Y,0,A,PU,Annual,Seychelles,Prevalence of severe food insecurity in the population (%),Total,All age ranges or no breakdown by age,Total,Percentage,Not Applicable,Not Applicable,Not Applicable,Not Applicable,Ratio,Two,World Development Indicators (WDI),Annual,Units,Normal value,Public
datastructure,WB.DATA360:DS_DATA360(1.3),I,A,SLE,WB_WDI_SN_ITK_SVFI_ZS,_T,_T,_T,PT,_Z,_Z,_Z,2015,26.7,_Z,RATIO,2,WB_WDI,P1Y,0,A,PU,Annual,Sierra Leone,Prevalence of severe food insecurity in the population (%),Total,All age ranges or no breakdown by age,Total,Percentage,Not Applicable,Not Applicable,Not Applicable,Not Applicable,Ratio,Two,World Development Indicators (WDI),Annual,Units,Normal value,Public
datastructure,WB.DATA360:DS_DATA360(1.3),I,A,SGP,WB_WDI_SN_ITK_SVFI_ZS,_T,_T,_T,PT,_Z,_Z,_Z,2015,1.0,_Z,RATIO,2,WB_WDI,P1Y,0,A,PU,Annual,Singapore,Prevalence of severe food insecurity in the population (%),Total,All age ranges or no breakdown by age,Total,Percentage,Not Applicable,Not Applicable,Not Applicable,Not Applicable,Ratio,Two,World Development Indicators (WDI),Annual,Units,Normal value,Public
datastructure,WB.DATA360:DS_DATA360(1.3),I,A,SVK,WB_WDI_SN_ITK_SVFI_ZS,_T,_T,_T,PT,_Z,_Z,_Z,2015,1.1,_Z,RATIO,2,WB_WDI,P1Y,0,A,PU,Annual,Slovak Republic,Prevalence of severe food insecurity in the population (%),Total,All age ranges or no breakdown by age,Total,Percentage,Not Applicable,Not Applicable,Not Applicable,Not Applicable,Ratio,Two,World Development Indicators (WDI),Annual,Units,Normal value,Public
datastructure,WB.DATA360:DS_DATA360(1.3),I,A,SVN,WB_WDI_SN_ITK_SVFI_ZS,_T,_T,_T,PT,_Z,_Z,_Z,2015,0.9,_Z,RATIO,2,WB_WDI,P1Y,0,A,PU,Annual,Slovenia,Prevalence of severe food insecurity in the population (%),Total,All age ranges or no breakdown by age,Total,Percentage,Not Applicable,Not Applicable,Not Applicable,Not Applicable,Ratio,Two,World Development Indicators (WDI),Annual,Units,Normal value,Public
datastructure,WB.DATA360:DS_DATA360(1.3),I,A,ESP,WB_WDI_SN_ITK_SVFI_ZS,_T,_T,_T,PT,_Z,_Z,_Z,2015,1.1,_Z,RATIO,2,WB_WDI,P1Y,0,A,PU,Annual,Spain,Prevalence of severe food insecurity in the population (%),Total,All age ranges or no breakdown by age,Total,Percentage,Not Applicable,Not Applicable,Not Applicable,Not Applicable,Ratio,Two,World Development Indicators (WDI),Annual,Units,Normal value,Public
datastructure,WB.DATA360:DS_DATA360(1.3),I,A,HRV,WB_WDI_SN_ITK_SVFI_ZS,_T,_T,_T,PT,_Z,_Z,_Z,2018,0.9,_Z,RATIO,2,WB_WDI,P1Y,0,A,PU,Annual,Croatia,Prevalence of severe food insecurity in the population (%),Total,All age ranges or no breakdown by age,Total,Percentage,Not Applicable,Not Applicable,Not Applicable,Not Applicable,Ratio,Two,World Development Indicators (WDI),Annual,Units,Normal value,Public
datastructure,WB.DATA360:DS_DATA360(1.3),I,A,CZE,WB_WDI_SN_ITK_SVFI_ZS,_T,_T,_T,PT,_Z,_Z,_Z,2018,0.0,_Z,RATIO,2,WB_WDI,P1Y,0,A,PU,Annual,Czechia,Prevalence of severe food insecurity in the population (%),Total,All age ranges or no breakdown by age,Total,Percentage,Not Applicable,Not Applicable,Not Applicable,Not Applicable,Ratio,Two,World Development Indicators (WDI),Annual,Units,Normal value,Public
datastructure,WB.DATA360:DS_DATA360(1.3),I,A,DNK,WB_WDI_SN_ITK_SVFI_ZS,_T,_T,_T,PT,_Z,_Z,_Z,2018,1.1,_Z,RATIO,2,WB_WDI,P1Y,0,A,PU,Annual,Denmark,Prevalence of severe food insecurity in the population (%),Total,All age ranges or no breakdown by age,Total,Percentage,Not Applicable,Not Applicable,Not Applicable,Not Applicable,Ratio,Two,World Development Indicators (WDI),Annual,Units,Normal value,Public
datastructure,WB.DATA360:DS_DATA360(1.3),I,A,DOM,WB_WDI_SN_ITK_SVFI_ZS,_T,_T,_T,PT,_Z,_Z,_Z,2018,22.4,_Z,RATIO,2,WB_WDI,P1Y,0,A,PU,Annual,Dominican Republic,Prevalence of severe food insecurity in the population (%),Total,All age ranges or no breakdown by age,Total,Percentage,Not Applicable,Not Applicable,Not Applicable,Not Applicable,Ratio,Two,World Development Indicators (WDI),Annual,Units,Normal value,Public
datastructure,WB.DATA360:DS_DATA360(1.3),I,A,ECU,WB_WDI_SN_ITK_SVFI_ZS,_T,_T,_T,PT,_Z,_Z,_Z,2018,9.9,_Z,RATIO,2,WB_WDI,P1Y,0,A,PU,Annual,Ecuador,Prevalence of severe food insecurity in the population (%),Total,All age ranges or no breakdown by age,Total,Percentage,Not Applicable,Not Applicable,Not Applicable,Not Applicable,Ratio,Two,World Development Indicators (WDI),Annual,Units,Normal value,Public
datastructure,WB.DATA360:DS_DATA360(1.3),I,A,EGY,WB_WDI_SN_ITK_SVFI_ZS,_T,_T,_T,PT,_Z,_Z,_Z,2018,7.4,_Z,RATIO,2,WB_WDI,P1Y,0,A,PU,Annual,"Egypt, Arab Rep.",Prevalence of severe food insecurity in the population (%),Total,All age ranges or no breakdown by age,Total,Percentage,Not Applicable,Not Applicable,Not Applicable,Not Applicable,Ratio,Two,World Development Indicators (WDI),Annual,Units,Normal value,Public
datastructure,WB.DATA360:DS_DATA360(1.3),I,A,HUN,WB_WDI_SN_ITK_SVFI_ZS,_T,_T,_T,PT,_Z,_Z,_Z,2022,3.6,_Z,RATIO,2,WB_WDI,P1Y,0,A,PU,Annual,Hungary,Prevalence of severe food insecurity in the population (%),Total,All age ranges or no breakdown by age,Total,Percentage,Not Applicable,Not Applicable,Not Applicable,Not Applicable,Ratio,Two,World Development Indicators (WDI),Annual,Units,Normal value,Public
datastructure,WB.DATA360:DS_DATA360(1.3),I,A,ISL,WB_WDI_SN_ITK_SVFI_ZS,_T,_T,_T,PT,_Z,_Z,_Z,2022,1.9,_Z,RATIO,2,WB_WDI,P1Y,0,A,PU,Annual,Iceland,Prevalence of severe food insecurity in the population (%),Total,All age ranges or no breakdown by age,Total,Percentage,Not Applicable,Not Applicable,Not Applicable,Not Applicable,Ratio,Two,World Development Indicators (WDI),Annual,Units,Normal value,Public
datastructure,WB.DATA360:DS_DATA360(1.3),I,A,IDN,WB_WDI_SN_ITK_SVFI_ZS,_T,_T,_T,PT,_Z,_Z,_Z,2022,0.0,_Z,RATIO,2,WB_WDI,P1Y,0,A,PU,Annual,Indonesia,Prevalence of severe food insecurity in the population (%),Total,All age ranges or no breakdown by age,Total,Percentage,Not Applicable,Not Applicable,Not Applicable,Not Applicable,Ratio,Two,World Development Indicators (WDI),Annual,Units,Normal value,Public
datastructure,WB.DATA360:DS_DATA360(1.3),I,A,IRN,WB_WDI_SN_ITK_SVFI_ZS,_T,_T,_T,PT,_Z,_Z,_Z,2022,6.4,_Z,RATIO,2,WB_WDI,P1Y,0,A,PU,Annual,"Iran, Islamic Rep.",Prevalence of severe food insecurity in the population (%),Total,All age ranges or no breakdown by age,Total,Percentage,Not Applicable,Not Applicable,Not Applicable,Not Applicable,Ratio,Two,World Development Indicators (WDI),Annual,Units,Normal value,Public
datastructure,WB.DATA360:DS_DATA360(1.3),I,A,IRL,WB_WDI_SN_ITK_SVFI_ZS,_T,_T,_T,PT,_Z,_Z,_Z,2022,1.7,_Z,RATIO,2,WB_WDI,P1Y,0,A,PU,Annual,Ireland,Prevalence of severe food insecurity in the population (%),Total,All age ranges or no breakdown by age,Total,Percentage,Not Applicable,Not Applicable,Not Applicable,Not Applicable,Ratio,Two,World Development Indicators (WDI),Annual,Units,Normal value,Public
datastructure,WB.DATA360:DS_DATA360(1.3),I,A,ISR,WB_WDI_SN_ITK_SVFI_ZS,_T,_T,_T,PT,_Z,_Z,_Z,2022,0.8,_Z,RATIO,2,WB_WDI,P1Y,0,A,PU,Annual,Israel,Prevalence of severe food insecurity in the population (%),Total,All age ranges or no breakdown by age,Total,Percentage,Not Applicable,Not Applicable,Not Applicable,Not Applicable,Ratio,Two,World Development Indicators (WDI),Annual,Units,Normal value,Public
datastructure,WB.DATA360:DS_DATA360(1.3),I,A,ITA,WB_WDI_SN_ITK_SVFI_ZS,_T,_T,_T,PT,_Z,_Z,_Z,2022,0.0,_Z,RATIO,2,WB_WDI,P1Y,0,A,PU,Annual,Italy,Prevalence of severe food insecurity in the population (%),Total,All age ranges or no breakdown by age,Total,Percentage,Not Applicable,Not Applicable,Not Applicable,Not Applicable,Ratio,Two,World Development Indicators (WDI),Annual,Units,Normal value,Public
datastructure,WB.DATA360:DS_DATA360(1.3),I,A,JAM,WB_WDI_SN_ITK_SVFI_ZS,_T,_T,_T,PT,_Z,_Z,_Z,2022,26.6,_Z,RATIO,2,WB_WDI,P1Y,0,A,PU,Annual,Jamaica,Prevalence of severe food insecurity in the population (%),Total,All age ranges or no breakdown by age,Total,Percentage,Not Applicable,Not Applicable,Not Applicable,Not Applicable,Ratio,Two,World Development Indicators (WDI),Annual,Units,Normal value,Public
datastructure,WB.DATA360:DS_DATA360(1.3),I,A,JPN,WB_WDI_SN_ITK_SVFI_ZS,_T,_T,_T,PT,_Z,_Z,_Z,2022,1.2,_Z,RATIO,2,WB_WDI,P1Y,0,A,PU,Annual,Japan,Prevalence of severe food insecurity in the population (%),Total,All age ranges or no breakdown by age,Total,Percentage,Not Applicable,Not Applicable,Not Applicable,Not Applicable,Ratio,Two,World Development Indicators (WDI),Annual,Units,Normal value,Public
datastructure,WB.DATA360:DS_DATA360(1.3),I,A,LCN,WB_WDI_SN_ITK_SVFI_ZS,_T,_T,_T,PT,_Z,_Z,_Z,2019,8.0935551,_Z,RATIO,2,WB_WDI,P1Y,0,A,PU,Annual,Latin America & Caribbean,Prevalence of severe food insecurity in the population (%),Total,All age ranges or no breakdown by age,Total,Percentage,Not Applicable,Not Applicable,Not Applicable,Not Applicable,Ratio,Two,World Development Indicators (WDI),Annual,Units,Normal value,Public
datastructure,WB.DATA360:DS_DATA360(1.3),I,A,TLA,WB_WDI_SN_ITK_SVFI_ZS,_T,_T,_T,PT,_Z,_Z,_Z,2019,7.8174437,_Z,RATIO,2,WB_WDI,P1Y,0,A,PU,Annual,Latin America & Caribbean (IDA & IBRD),Prevalence of severe food insecurity in the population (%),Total,All age ranges or no breakdown by age,Total,Percentage,Not Applicable,Not Applicable,Not Applicable,Not Applicable,Ratio,Two,World Development Indicators (WDI),Annual,Units,Normal value,Public
datastructure,WB.DATA360:DS_DATA360(1.3),I,A,LDC,WB_WDI_SN_ITK_SVFI_ZS,_T,_T,_T,PT,_Z,_Z,_Z,2019,19.4647206,_Z,RATIO,2,WB_WDI,P1Y,0,A,PU,Annual,Least developed countries: UN classification,Prevalence of severe food insecurity in the population (%),Total,All age ranges or no breakdown by age,Total,Percentage,Not Applicable,Not Applicable,Not Applicable,Not Applicable,Ratio,Two,World Development Indicators (WDI),Annual,Units,Normal value,Public
datastructure,WB.DATA360:DS_DATA360(1.3),I,A,LIC,WB_WDI_SN_ITK_SVFI_ZS,_T,_T,_T,PT,_Z,_Z,_Z,2019,23.6422625,_Z,RATIO,2,WB_WDI,P1Y,0,A,PU,Annual,Low income,Prevalence of severe food insecurity in the population (%),Total,All age ranges or no breakdown by age,Total,Percentage,Not Applicable,Not Applicable,Not Applicable,Not Applicable,Ratio,Two,World Development Indicators (WDI),Annual,Units,Normal value,Public
datastructure,WB.DATA360:DS_DATA360(1.3),I,A,LMC,WB_WDI_SN_ITK_SVFI_ZS,_T,_T,_T,PT,_Z,_Z,_Z,2019,15.127579,_Z,RATIO,2,WB_WDI,P1Y,0,A,PU,Annual,Lower middle income,Prevalence of severe food insecurity in the population (%),Total,All age ranges or no breakdown by age,Total,Percentage,Not Applicable,Not Applicable,Not Applicable,Not Applicable,Ratio,Two,World Development Indicators (WDI),Annual,Units,Normal value,Public
datastructure,WB.DATA360:DS_DATA360(1.3),I,A,MEA,WB_WDI_SN_ITK_SVFI_ZS,_T,_T,_T,PT,_Z,_Z,_Z,2019,7.8178574,_Z,RATIO,2,WB_WDI,P1Y,0,A,PU,Annual,"Middle East, North Africa, Afghanistan & Pakistan",Prevalence of severe food insecurity in the population (%),Total,All age ranges or no breakdown by age,Total,Percentage,Not Applicable,Not Applicable,Not Applicable,Not Applicable,Ratio,Two,World Development Indicators (WDI),Annual,Units,Normal value,Public
datastructure,WB.DATA360:DS_DATA360(1.3),I,A,TMN,WB_WDI_SN_ITK_SVFI_ZS,_T,_T,_T,PT,_Z,_Z,_Z,2019,7.9728778,_Z,RATIO,2,WB_WDI,P1Y,0,A,PU,Annual,"Middle East, North Africa, Afghanistan & Pakistan (IDA & IBRD)",Prevalence of severe food insecurity in the population (%),Total,All age ranges or no breakdown by age,Total,Percentage,Not Applicable,Not Applicable,Not Applicable,Not Applicable,Ratio,Two,World Development Indicators (WDI),Annual,Units,Normal value,Public
datastructure,WB.DATA360:DS_DATA360(1.3),I,A,NAC,WB_WDI_SN_ITK_SVFI_ZS,_T,_T,_T,PT,_Z,_Z,_Z,2019,0.8127676,_Z,RATIO,2,WB_WDI,P1Y,0,A,PU,Annual,North America,Prevalence of severe food insecurity in the population (%),Total,All age ranges or no breakdown by age,Total,Percentage,Not Applicable,Not Applicable,Not Applicable,Not Applicable,Ratio,Two,World Development Indicators (WDI),Annual,Units,Normal value,Public
datastructure,WB.DATA360:DS_DATA360(1.3),I,A,TGO,WB_WDI_SN_ITK_SVFI_ZS,_T,_T,_T,PT,_Z,_Z,_Z,2015,16.1,_Z,RATIO,2,WB_WDI,P1Y,0,A,PU,Annual,Togo,Prevalence of severe food insecurity in the population (%),Total,All age ranges or no breakdown by age,Total,Percentage,Not Applicable,Not Applicable,Not Applicable,Not Applicable,Ratio,Two,World Development Indicators (WDI),Annual,Units,Normal value,Public
datastructure,WB.DATA360:DS_DATA360(1.3),I,A,TUN,WB_WDI_SN_ITK_SVFI_ZS,_T,_T,_T,PT,_Z,_Z,_Z,2015,9.1,_Z,RATIO,2,WB_WDI,P1Y,0,A,PU,Annual,Tunisia,Prevalence of severe food insecurity in the population (%),Total,All age ranges or no breakdown by age,Total,Percentage,Not Applicable,Not Applicable,Not Applicable,Not Applicable,Ratio,Two,World Development Indicators (WDI),Annual,Units,Normal value,Public
datastructure,WB.DATA360:DS_DATA360(1.3),I,A,UGA,WB_WDI_SN_ITK_SVFI_ZS,_T,_T,_T,PT,_Z,_Z,_Z,2015,21.5,_Z,RATIO,2,WB_WDI,P1Y,0,A,PU,Annual,Uganda,Prevalence of severe food insecurity in the population (%),Total,All age ranges or no breakdown by age,Total,Percentage,Not Applicable,Not Applicable,Not Applicable,Not Applicable,Ratio,Two,World Development Indicators (WDI),Annual,Units,Normal value,Public
datastructure,WB.DATA360:DS_DATA360(1.3),I,A,MWI,WB_WDI_SN_ITK_SVFI_ZS,_T,_T,_T,PT,_Z,_Z,_Z,2019,49.5,_Z,RATIO,2,WB_WDI,P1Y,0,A,PU,Annual,Malawi,Prevalence of severe food insecurity in the population (%),Total,All age ranges or no breakdown by age,Total,Percentage,Not Applicable,Not Applicable,Not Applicable,Not Applicable,Ratio,Two,World Development Indicators (WDI),Annual,Units,Normal value,Public
datastructure,WB.DATA360:DS_DATA360(1.3),I,A,MYS,WB_WDI_SN_ITK_SVFI_ZS,_T,_T,_T,PT,_Z,_Z,_Z,2019,6.6,_Z,RATIO,2,WB_WDI,P1Y,0,A,PU,Annual,Malaysia,Prevalence of severe food insecurity in the population (%),Total,All age ranges or no breakdown by age,Total,Percentage,Not Applicable,Not Applicable,Not Applicable,Not Applicable,Ratio,Two,World Development Indicators (WDI),Annual,Units,Normal value,Public
datastructure,WB.DATA360:DS_DATA360(1.3),I,A,MDV,WB_WDI_SN_ITK_SVFI_ZS,_T,_T,_T,PT,_Z,_Z,_Z,2019,2.2,_Z,RATIO,2,WB_WDI,P1Y,0,A,PU,Annual,Maldives,Prevalence of severe food insecurity in the population (%),Total,All age ranges or no breakdown by age,Total,Percentage,Not Applicable,Not Applicable,Not Applicable,Not Applicable,Ratio,Two,World Development Indicators (WDI),Annual,Units,Normal value,Public
datastructure,WB.DATA360:DS_DATA360(1.3),I,A,MLI,WB_WDI_SN_ITK_SVFI_ZS,_T,_T,_T,PT,_Z,_Z,_Z,2019,3.0,_Z,RATIO,2,WB_WDI,P1Y,0,A,PU,Annual,Mali,Prevalence of severe food insecurity in the population (%),Total,All age ranges or no breakdown by age,Total,Percentage,Not Applicable,Not Applicable,Not Applicable,Not Applicable,Ratio,Two,World Development Indicators (WDI),Annual,Units,Normal value,Public
datastructure,WB.DATA360:DS_DATA360(1.3),I,A,MLT,WB_WDI_SN_ITK_SVFI_ZS,_T,_T,_T,PT,_Z,_Z,_Z,2019,0.9,_Z,RATIO,2,WB_WDI,P1Y,0,A,PU,Annual,Malta,Prevalence of severe food insecurity in the population (%),Total,All age ranges or no breakdown by age,Total,Percentage,Not Applicable,Not Applicable,Not Applicable,Not Applicable,Ratio,Two,World Development Indicators (WDI),Annual,Units,Normal value,Public
datastructure,WB.DATA360:DS_DATA360(1.3),I,A,MRT,WB_WDI_SN_ITK_SVFI_ZS,_T,_T,_T,PT,_Z,_Z,_Z,2019,6.6,_Z,RATIO,2,WB_WDI,P1Y,0,A,PU,Annual,Mauritania,Prevalence of severe food insecurity in the population (%),Total,All age ranges or no breakdown by age,Total,Percentage,Not Applicable,Not Applicable,Not Applicable,Not Applicable,Ratio,Two,World Development Indicators (WDI),Annual,Units,Normal value,Public
datastructure,WB.DATA360:DS_DATA360(1.3),I,A,MUS,WB_WDI_SN_ITK_SVFI_ZS,_T,_T,_T,PT,_Z,_Z,_Z,2019,8.3,_Z,RATIO,2,WB_WDI,P1Y,0,A,PU,Annual,Mauritius,Prevalence of severe food insecurity in the population (%),Total,All age ranges or no breakdown by age,Total,Percentage,Not Applicable,Not Applicable,Not Applicable,Not Applicable,Ratio,Two,World Development Indicators (WDI),Annual,Units,Normal value,Public
datastructure,WB.DATA360:DS_DATA360(1.3),I,A,MEX,WB_WDI_SN_ITK_SVFI_ZS,_T,_T,_T,PT,_Z,_Z,_Z,2019,3.8,_Z,RATIO,2,WB_WDI,P1Y,0,A,PU,Annual,Mexico,Prevalence of severe food insecurity in the population (%),Total,All age ranges or no breakdown by age,Total,Percentage,Not Applicable,Not Applicable,Not Applicable,Not Applicable,Ratio,Two,World Development Indicators (WDI),Annual,Units,Normal value,Public
datastructure,WB.DATA360:DS_DATA360(1.3),I,A,MDA,WB_WDI_SN_ITK_SVFI_ZS,_T,_T,_T,PT,_Z,_Z,_Z,2019,4.5,_Z,RATIO,2,WB_WDI,P1Y,0,A,PU,Annual,Moldova,Prevalence of severe food insecurity in the population (%),Total,All age ranges or no breakdown by age,Total,Percentage,Not Applicable,Not Applicable,Not Applicable,Not Applicable,Ratio,Two,World Development Indicators (WDI),Annual,Units,Normal value,Public
datastructure,WB.DATA360:DS_DATA360(1.3),I,A,TSA,WB_WDI_SN_ITK_SVFI_ZS,_T,_T,_T,PT,_Z,_Z,_Z,2021,21.6700223,_Z,RATIO,2,WB_WDI,P1Y,0,A,PU,Annual,South Asia (IDA & IBRD),Prevalence of severe food insecurity in the population (%),Total,All age ranges or no breakdown by age,Total,Percentage,Not Applicable,Not Applicable,Not Applicable,Not Applicable,Ratio,Two,World Development Indicators (WDI),Annual,Units,Normal value,Public
datastructure,WB.DATA360:DS_DATA360(1.3),I,A,UMC,WB_WDI_SN_ITK_SVFI_ZS,_T,_T,_T,PT,_Z,_Z,_Z,2021,3.8039079,_Z,RATIO,2,WB_WDI,P1Y,0,A,PU,Annual,Upper middle income,Prevalence of severe food insecurity in the population (%),Total,All age ranges or no breakdown by age,Total,Percentage,Not Applicable,Not Applicable,Not Applicable,Not Applicable,Ratio,Two,World Development Indicators (WDI),Annual,Units,Normal value,Public
datastructure,WB.DATA360:DS_DATA360(1.3),I,A,WLD,WB_WDI_SN_ITK_SVFI_ZS,_T,_T,_T,PT,_Z,_Z,_Z,2021,10.960354,_Z,RATIO,2,WB_WDI,P1Y,0,A,PU,Annual,World,Prevalence of severe food insecurity in the population (%),Total,All age ranges or no breakdown by age,Total,Percentage,Not Applicable,Not Applicable,Not Applicable,Not Applicable,Ratio,Two,World Development Indicators (WDI),Annual,Units,Normal value,Public
datastructure,WB.DATA360:DS_DATA360(1.3),I,A,AFG,WB_WDI_SN_ITK_SVFI_ZS,_T,_T,_T,PT,_Z,_Z,_Z,2021,28.4,_Z,RATIO,2,WB_WDI,P1Y,0,A,PU,Annual,Afghanistan,Prevalence of severe food insecurity in the population (%),Total,All age ranges or no breakdown by age,Total,Percentage,Not Applicable,Not Applicable,Not Applicable,Not Applicable,Ratio,Two,World Development Indicators (WDI),Annual,Units,Normal value,Public
datastructure,WB.DATA360:DS_DATA360(1.3),I,A,ALB,WB_WDI_SN_ITK_SVFI_ZS,_T,_T,_T,PT,_Z,_Z,_Z,2021,7.5,_Z,RATIO,2,WB_WDI,P1Y,0,A,PU,Annual,Albania,Prevalence of severe food insecurity in the population (%),Total,All age ranges or no breakdown by age,Total,Percentage,Not Applicable,Not Applicable,Not Applicable,Not Applicable,Ratio,Two,World Development Indicators (WDI),Annual,Units,Normal value,Public
datastructure,WB.DATA360:DS_DATA360(1.3),I,A,DZA,WB_WDI_SN_ITK_SVFI_ZS,_T,_T,_T,PT,_Z,_Z,_Z,2021,5.6,_Z,RATIO,2,WB_WDI,P1Y,0,A,PU,Annual,Algeria,Prevalence of severe food insecurity in the population (%),Total,All age ranges or no breakdown by age,Total,Percentage,Not Applicable,Not Applicable,Not Applicable,Not Applicable,Ratio,Two,World Development Indicators (WDI),Annual,Units,Normal value,Public
datastructure,WB.DATA360:DS_DATA360(1.3),I,A,AGO,WB_WDI_SN_ITK_SVFI_ZS,_T,_T,_T,PT,_Z,_Z,_Z,2021,31.2,_Z,RATIO,2,WB_WDI,P1Y,0,A,PU,Annual,Angola,Prevalence of severe food insecurity in the population (%),Total,All age ranges or no breakdown by age,Total,Percentage,Not Applicable,Not Applicable,Not Applicable,Not Applicable,Ratio,Two,World Development Indicators (WDI),Annual,Units,Normal value,Public
datastructure,WB.DATA360:DS_DATA360(1.3),I,A,ATG,WB_WDI_SN_ITK_SVFI_ZS,_T,_T,_T,PT,_Z,_Z,_Z,2021,3.4,_Z,RATIO,2,WB_WDI,P1Y,0,A,PU,Annual,Antigua and Barbuda,Prevalence of severe food insecurity in the population (%),Total,All age ranges or no breakdown by age,Total,Percentage,Not Applicable,Not Applicable,Not Applicable,Not Applicable,Ratio,Two,World Development Indicators (WDI),Annual,Units,Normal value,Public
datastructure,WB.DATA360:DS_DATA360(1.3),I,A,KOR,WB_WDI_SN_ITK_SVFI_ZS,_T,_T,_T,PT,_Z,_Z,_Z,2021,0.8,_Z,RATIO,2,WB_WDI,P1Y,0,A,PU,Annual,"Korea, Rep.",Prevalence of severe food insecurity in the population (%),Total,All age ranges or no breakdown by age,Total,Percentage,Not Applicable,Not Applicable,Not Applicable,Not Applicable,Ratio,Two,World Development Indicators (WDI),Annual,Units,Normal value,Public
datastructure,WB.DATA360:DS_DATA360(1.3),I,A,KWT,WB_WDI_SN_ITK_SVFI_ZS,_T,_T,_T,PT,_Z,_Z,_Z,2021,4.5,_Z,RATIO,2,WB_WDI,P1Y,0,A,PU,Annual,Kuwait,Prevalence of severe food insecurity in the population (%),Total,All age ranges or no breakdown by age,Total,Percentage,Not Applicable,Not Applicable,Not Applicable,Not Applicable,Ratio,Two,World Development Indicators (WDI),Annual,Units,Normal value,Public
datastructure,WB.DATA360:DS_DATA360(1.3),I,A,KGZ,WB_WDI_SN_ITK_SVFI_ZS,_T,_T,_T,PT,_Z,_Z,_Z,2021,1.1,_Z,RATIO,2,WB_WDI,P1Y,0,A,PU,Annual,Kyrgyz Republic,Prevalence of severe food insecurity in the population (%),Total,All age ranges or no breakdown by age,Total,Percentage,Not Applicable,Not Applicable,Not Applicable,Not Applicable,Ratio,Two,World Development Indicators (WDI),Annual,Units,Normal value,Public
datastructure,WB.DATA360:DS_DATA360(1.3),I,A,LAO,WB_WDI_SN_ITK_SVFI_ZS,_T,_T,_T,PT,_Z,_Z,_Z,2021,7.2,_Z,RATIO,2,WB_WDI,P1Y,0,A,PU,Annual,Lao PDR,Prevalence of severe food insecurity in the population (%),Total,All age ranges or no breakdown by age,Total,Percentage,Not Applicable,Not Applicable,Not Applicable,Not Applicable,Ratio,Two,World Development Indicators (WDI),Annual,Units,Normal value,Public
datastructure,WB.DATA360:DS_DATA360(1.3),I,A,LVA,WB_WDI_SN_ITK_SVFI_ZS,_T,_T,_T,PT,_Z,_Z,_Z,2021,1.0,_Z,RATIO,2,WB_WDI,P1Y,0,A,PU,Annual,Latvia,Prevalence of severe food insecurity in the population (%),Total,All age ranges or no breakdown by age,Total,Percentage,Not Applicable,Not Applicable,Not Applicable,Not Applicable,Ratio,Two,World Development Indicators (WDI),Annual,Units,Normal value,Public
datastructure,WB.DATA360:DS_DATA360(1.3),I,A,LBN,WB_WDI_SN_ITK_SVFI_ZS,_T,_T,_T,PT,_Z,_Z,_Z,2021,12.6,_Z,RATIO,2,WB_WDI,P1Y,0,A,PU,Annual,Lebanon,Prevalence of severe food insecurity in the population (%),Total,All age ranges or no breakdown by age,Total,Percentage,Not Applicable,Not Applicable,Not Applicable,Not Applicable,Ratio,Two,World Development Indicators (WDI),Annual,Units,Normal value,Public
datastructure,WB.DATA360:DS_DATA360(1.3),I,A,LSO,WB_WDI_SN_ITK_SVFI_ZS,_T,_T,_T,PT,_Z,_Z,_Z,2021,25.8,_Z,RATIO,2,WB_WDI,P1Y,0,A,PU,Annual,Lesotho,Prevalence of severe food insecurity in the population (%),Total,All age ranges or no breakdown by age,Total,Percentage,Not Applicable,Not Applicable,Not Applicable,Not Applicable,Ratio,Two,World Development Indicators (WDI),Annual,Units,Normal value,Public
datastructure,WB.DATA360:DS_DATA360(1.3),I,A,LBR,WB_WDI_SN_ITK_SVFI_ZS,_T,_T,_T,PT,_Z,_Z,_Z,2021,37.5,_Z,RATIO,2,WB_WDI,P1Y,0,A,PU,Annual,Liberia,Prevalence of severe food insecurity in the population (%),Total,All age ranges or no breakdown by age,Total,Percentage,Not Applicable,Not Applicable,Not Applicable,Not Applicable,Ratio,Two,World Development Indicators (WDI),Annual,Units,Normal value,Public
datastructure,WB.DATA360:DS_DATA360(1.3),I,A,LBY,WB_WDI_SN_ITK_SVFI_ZS,_T,_T,_T,PT,_Z,_Z,_Z,2021,21.2,_Z,RATIO,2,WB_WDI,P1Y,0,A,PU,Annual,Libya,Prevalence of severe food insecurity in the population (%),Total,All age ranges or no breakdown by age,Total,Percentage,Not Applicable,Not Applicable,Not Applicable,Not Applicable,Ratio,Two,World Development Indicators (WDI),Annual,Units,Normal value,Public
datastructure,WB.DATA360:DS_DATA360(1.3),I,A,LTU,WB_WDI_SN_ITK_SVFI_ZS,_T,_T,_T,PT,_Z,_Z,_Z,2021,2.1,_Z,RATIO,2,WB_WDI,P1Y,0,A,PU,Annual,Lithuania,Prevalence of severe food insecurity in the population (%),Total,All age ranges or no breakdown by age,Total,Percentage,Not Applicable,Not Applicable,Not Applicable,Not Applicable,Ratio,Two,World Development Indicators (WDI),Annual,Units,Normal value,Public
datastructure,WB.DATA360:DS_DATA360(1.3),I,A,LUX,WB_WDI_SN_ITK_SVFI_ZS,_T,_T,_T,PT,_Z,_Z,_Z,2021,0.6,_Z,RATIO,2,WB_WDI,P1Y,0,A,PU,Annual,Luxembourg,Prevalence of severe food insecurity in the population (%),Total,All age ranges or no breakdown by age,Total,Percentage,Not Applicable,Not Applicable,Not Applicable,Not Applicable,Ratio,Two,World Development Indicators (WDI),Annual,Units,Normal value,Public
datastructure,WB.DATA360:DS_DATA360(1.3),I,A,UMC,WB_WDI_SN_ITK_SVFI_ZS,_T,_T,_T,PT,_Z,_Z,_Z,2017,3.5279456,_Z,RATIO,2,WB_WDI,P1Y,0,A,PU,Annual,Upper middle income,Prevalence of severe food insecurity in the population (%),Total,All age ranges or no breakdown by age,Total,Percentage,Not Applicable,Not Applicable,Not Applicable,Not Applicable,Ratio,Two,World Development Indicators (WDI),Annual,Units,Normal value,Public
datastructure,WB.DATA360:DS_DATA360(1.3),I,A,WLD,WB_WDI_SN_ITK_SVFI_ZS,_T,_T,_T,PT,_Z,_Z,_Z,2017,7.9965042,_Z,RATIO,2,WB_WDI,P1Y,0,A,PU,Annual,World,Prevalence of severe food insecurity in the population (%),Total,All age ranges or no breakdown by age,Total,Percentage,Not Applicable,Not Applicable,Not Applicable,Not Applicable,Ratio,Two,World Development Indicators (WDI),Annual,Units,Normal value,Public
datastructure,WB.DATA360:DS_DATA360(1.3),I,A,AFG,WB_WDI_SN_ITK_SVFI_ZS,_T,_T,_T,PT,_Z,_Z,_Z,2017,17.3,_Z,RATIO,2,WB_WDI,P1Y,0,A,PU,Annual,Afghanistan,Prevalence of severe food insecurity in the population (%),Total,All age ranges or no breakdown by age,Total,Percentage,Not Applicable,Not Applicable,Not Applicable,Not Applicable,Ratio,Two,World Development Indicators (WDI),Annual,Units,Normal value,Public
datastructure,WB.DATA360:DS_DATA360(1.3),I,A,ALB,WB_WDI_SN_ITK_SVFI_ZS,_T,_T,_T,PT,_Z,_Z,_Z,2017,11.0,_Z,RATIO,2,WB_WDI,P1Y,0,A,PU,Annual,Albania,Prevalence of severe food insecurity in the population (%),Total,All age ranges or no breakdown by age,Total,Percentage,Not Applicable,Not Applicable,Not Applicable,Not Applicable,Ratio,Two,World Development Indicators (WDI),Annual,Units,Normal value,Public
datastructure,WB.DATA360:DS_DATA360(1.3),I,A,DZA,WB_WDI_SN_ITK_SVFI_ZS,_T,_T,_T,PT,_Z,_Z,_Z,2017,11.4,_Z,RATIO,2,WB_WDI,P1Y,0,A,PU,Annual,Algeria,Prevalence of severe food insecurity in the population (%),Total,All age ranges or no breakdown by age,Total,Percentage,Not Applicable,Not Applicable,Not Applicable,Not Applicable,Ratio,Two,World Development Indicators (WDI),Annual,Units,Normal value,Public
datastructure,WB.DATA360:DS_DATA360(1.3),I,A,DEU,WB_WDI_SN_ITK_SVFI_ZS,_T,_T,_T,PT,_Z,_Z,_Z,2022,1.5,_Z,RATIO,2,WB_WDI,P1Y,0,A,PU,Annual,Germany,Prevalence of severe food insecurity in the population (%),Total,All age ranges or no breakdown by age,Total,Percentage,Not Applicable,Not Applicable,Not Applicable,Not Applicable,Ratio,Two,World Development Indicators (WDI),Annual,Units,Normal value,Public
datastructure,WB.DATA360:DS_DATA360(1.3),I,A,GHA,WB_WDI_SN_ITK_SVFI_ZS,_T,_T,_T,PT,_Z,_Z,_Z,2022,8.2,_Z,RATIO,2,WB_WDI,P1Y,0,A,PU,Annual,Ghana,Prevalence of severe food insecurity in the population (%),Total,All age ranges or no breakdown by age,Total,Percentage,Not Applicable,Not Applicable,Not Applicable,Not Applicable,Ratio,Two,World Development Indicators (WDI),Annual,Units,Normal value,Public
datastructure,WB.DATA360:DS_DATA360(1.3),I,A,GRC,WB_WDI_SN_ITK_SVFI_ZS,_T,_T,_T,PT,_Z,_Z,_Z,2022,1.5,_Z,RATIO,2,WB_WDI,P1Y,0,A,PU,Annual,Greece,Prevalence of severe food insecurity in the population (%),Total,All age ranges or no breakdown by age,Total,Percentage,Not Applicable,Not Applicable,Not Applicable,Not Applicable,Ratio,Two,World Development Indicators (WDI),Annual,Units,Normal value,Public
datastructure,WB.DATA360:DS_DATA360(1.3),I,A,GRD,WB_WDI_SN_ITK_SVFI_ZS,_T,_T,_T,PT,_Z,_Z,_Z,2022,5.3,_Z,RATIO,2,WB_WDI,P1Y,0,A,PU,Annual,Grenada,Prevalence of severe food insecurity in the population (%),Total,All age ranges or no breakdown by age,Total,Percentage,Not Applicable,Not Applicable,Not Applicable,Not Applicable,Ratio,Two,World Development Indicators (WDI),Annual,Units,Normal value,Public
datastructure,WB.DATA360:DS_DATA360(1.3),I,A,GTM,WB_WDI_SN_ITK_SVFI_ZS,_T,_T,_T,PT,_Z,_Z,_Z,2022,20.8,_Z,RATIO,2,WB_WDI,P1Y,0,A,PU,Annual,Guatemala,Prevalence of severe food insecurity in the population (%),Total,All age ranges or no breakdown by age,Total,Percentage,Not Applicable,Not Applicable,Not Applicable,Not Applicable,Ratio,Two,World Development Indicators (WDI),Annual,Units,Normal value,Public
datastructure,WB.DATA360:DS_DATA360(1.3),I,A,GNB,WB_WDI_SN_ITK_SVFI_ZS,_T,_T,_T,PT,_Z,_Z,_Z,2022,9.0,_Z,RATIO,2,WB_WDI,P1Y,0,A,PU,Annual,Guinea-Bissau,Prevalence of severe food insecurity in the population (%),Total,All age ranges or no breakdown by age,Total,Percentage,Not Applicable,Not Applicable,Not Applicable,Not Applicable,Ratio,Two,World Development Indicators (WDI),Annual,Units,Normal value,Public
datastructure,WB.DATA360:DS_DATA360(1.3),I,A,GUY,WB_WDI_SN_ITK_SVFI_ZS,_T,_T,_T,PT,_Z,_Z,_Z,2022,4.7,_Z,RATIO,2,WB_WDI,P1Y,0,A,PU,Annual,Guyana,Prevalence of severe food insecurity in the population (%),Total,All age ranges or no breakdown by age,Total,Percentage,Not Applicable,Not Applicable,Not Applicable,Not Applicable,Ratio,Two,World Development Indicators (WDI),Annual,Units,Normal value,Public
datastructure,WB.DATA360:DS_DATA360(1.3),I,A,HTI,WB_WDI_SN_ITK_SVFI_ZS,_T,_T,_T,PT,_Z,_Z,_Z,2022,42.4,_Z,RATIO,2,WB_WDI,P1Y,0,A,PU,Annual,Haiti,Prevalence of severe food insecurity in the population (%),Total,All age ranges or no breakdown by age,Total,Percentage,Not Applicable,Not Applicable,Not Applicable,Not Applicable,Ratio,Two,World Development Indicators (WDI),Annual,Units,Normal value,Public
datastructure,WB.DATA360:DS_DATA360(1.3),I,A,HND,WB_WDI_SN_ITK_SVFI_ZS,_T,_T,_T,PT,_Z,_Z,_Z,2022,15.3,_Z,RATIO,2,WB_WDI,P1Y,0,A,PU,Annual,Honduras,Prevalence of severe food insecurity in the population (%),Total,All age ranges or no breakdown by age,Total,Percentage,Not Applicable,Not Applicable,Not Applicable,Not Applicable,Ratio,Two,World Development Indicators (WDI),Annual,Units,Normal value,Public
datastructure,WB.DATA360:DS_DATA360(1.3),I,A,LIC,WB_WDI_SN_ITK_SVFI_ZS,_T,_T,_T,PT,_Z,_Z,_Z,2021,25.7312646,_Z,RATIO,2,WB_WDI,P1Y,0,A,PU,Annual,Low income,Prevalence of severe food insecurity in the population (%),Total,All age ranges or no breakdown by age,Total,Percentage,Not Applicable,Not Applicable,Not Applicable,Not Applicable,Ratio,Two,World Development Indicators (WDI),Annual,Units,Normal value,Public
datastructure,WB.DATA360:DS_DATA360(1.3),I,A,LMC,WB_WDI_SN_ITK_SVFI_ZS,_T,_T,_T,PT,_Z,_Z,_Z,2021,18.540072,_Z,RATIO,2,WB_WDI,P1Y,0,A,PU,Annual,Lower middle income,Prevalence of severe food insecurity in the population (%),Total,All age ranges or no breakdown by age,Total,Percentage,Not Applicable,Not Applicable,Not Applicable,Not Applicable,Ratio,Two,World Development Indicators (WDI),Annual,Units,Normal value,Public
datastructure,WB.DATA360:DS_DATA360(1.3),I,A,MEA,WB_WDI_SN_ITK_SVFI_ZS,_T,_T,_T,PT,_Z,_Z,_Z,2021,13.0707101,_Z,RATIO,2,WB_WDI,P1Y,0,A,PU,Annual,"Middle East, North Africa, Afghanistan & Pakistan",Prevalence of severe food insecurity in the population (%),Total,All age ranges or no breakdown by age,Total,Percentage,Not Applicable,Not Applicable,Not Applicable,Not Applicable,Ratio,Two,World Development Indicators (WDI),Annual,Units,Normal value,Public
datastructure,WB.DATA360:DS_DATA360(1.3),I,A,TMN,WB_WDI_SN_ITK_SVFI_ZS,_T,_T,_T,PT,_Z,_Z,_Z,2021,13.8260612,_Z,RATIO,2,WB_WDI,P1Y,0,A,PU,Annual,"Middle East, North Africa, Afghanistan & Pakistan (IDA & IBRD)",Prevalence of severe food insecurity in the population (%),Total,All age ranges or no breakdown by age,Total,Percentage,Not Applicable,Not Applicable,Not Applicable,Not Applicable,Ratio,Two,World Development Indicators (WDI),Annual,Units,Normal value,Public
datastructure,WB.DATA360:DS_DATA360(1.3),I,A,NAC,WB_WDI_SN_ITK_SVFI_ZS,_T,_T,_T,PT,_Z,_Z,_Z,2021,0.7208932,_Z,RATIO,2,WB_WDI,P1Y,0,A,PU,Annual,North America,Prevalence of severe food insecurity in the population (%),Total,All age ranges or no breakdown by age,Total,Percentage,Not Applicable,Not Applicable,Not Applicable,Not Applicable,Ratio,Two,World Development Indicators (WDI),Annual,Units,Normal value,Public
datastructure,WB.DATA360:DS_DATA360(1.3),I,A,SST,WB_WDI_SN_ITK_SVFI_ZS,_T,_T,_T,PT,_Z,_Z,_Z,2021,8.6835609,_Z,RATIO,2,WB_WDI,P1Y,0,A,PU,Annual,Small states,Prevalence of severe food insecurity in the population (%),Total,All age ranges or no breakdown by age,Total,Percentage,Not Applicable,Not Applicable,Not Applicable,Not Applicable,Ratio,Two,World Development Indicators (WDI),Annual,Units,Normal value,Public
datastructure,WB.DATA360:DS_DATA360(1.3),I,A,SAS,WB_WDI_SN_ITK_SVFI_ZS,_T,_T,_T,PT,_Z,_Z,_Z,2021,21.6700223,_Z,RATIO,2,WB_WDI,P1Y,0,A,PU,Annual,South Asia,Prevalence of severe food insecurity in the population (%),Total,All age ranges or no breakdown by age,Total,Percentage,Not Applicable,Not Applicable,Not Applicable,Not Applicable,Ratio,Two,World Development Indicators (WDI),Annual,Units,Normal value,Public
datastructure,WB.DATA360:DS_DATA360(1.3),I,A,AFE,WB_WDI_SN_ITK_SVFI_ZS,_T,_T,_T,PT,_Z,_Z,_Z,2023,25.4078385,_Z,RATIO,2,WB_WDI,P1Y,0,A,PU,Annual,Africa Eastern and Southern,Prevalence of severe food insecurity in the population (%),Total,All age ranges or no breakdown by age,Total,Percentage,Not Applicable,Not Applicable,Not Applicable,Not Applicable,Ratio,Two,World Development Indicators (WDI),Annual,Units,Normal value,Public
datastructure,WB.DATA360:DS_DATA360(1.3),I,A,AFW,WB_WDI_SN_ITK_SVFI_ZS,_T,_T,_T,PT,_Z,_Z,_Z,2023,20.1264321,_Z,RATIO,2,WB_WDI,P1Y,0,A,PU,Annual,Africa Western and Central,Prevalence of severe food insecurity in the population (%),Total,All age ranges or no breakdown by age,Total,Percentage,Not Applicable,Not Applicable,Not Applicable,Not Applicable,Ratio,Two,World Development Indicators (WDI),Annual,Units,Normal value,Public
datastructure,WB.DATA360:DS_DATA360(1.3),I,A,EAS,WB_WDI_SN_ITK_SVFI_ZS,_T,_T,_T,PT,_Z,_Z,_Z,2023,1.5417562,_Z,RATIO,2,WB_WDI,P1Y,0,A,PU,Annual,East Asia & Pacific,Prevalence of severe food insecurity in the population (%),Total,All age ranges or no breakdown by age,Total,Percentage,Not Applicable,Not Applicable,Not Applicable,Not Applicable,Ratio,Two,World Development Indicators (WDI),Annual,Units,Normal value,Public
datastructure,WB.DATA360:DS_DATA360(1.3),I,A,TEA,WB_WDI_SN_ITK_SVFI_ZS,_T,_T,_T,PT,_Z,_Z,_Z,2023,1.5227154,_Z,RATIO,2,WB_WDI,P1Y,0,A,PU,Annual,East Asia & Pacific (IDA & IBRD),Prevalence of severe food insecurity in the population (%),Total,All age ranges or no breakdown by age,Total,Percentage,Not Applicable,Not Applicable,Not Applicable,Not Applicable,Ratio,Two,World Development Indicators (WDI),Annual,Units,Normal value,Public
datastructure,WB.DATA360:DS_DATA360(1.3),I,A,ECS,WB_WDI_SN_ITK_SVFI_ZS,_T,_T,_T,PT,_Z,_Z,_Z,2023,2.593435,_Z,RATIO,2,WB_WDI,P1Y,0,A,PU,Annual,Europe & Central Asia,Prevalence of severe food insecurity in the population (%),Total,All age ranges or no breakdown by age,Total,Percentage,Not Applicable,Not Applicable,Not Applicable,Not Applicable,Ratio,Two,World Development Indicators (WDI),Annual,Units,Normal value,Public
datastructure,WB.DATA360:DS_DATA360(1.3),I,A,TEC,WB_WDI_SN_ITK_SVFI_ZS,_T,_T,_T,PT,_Z,_Z,_Z,2023,3.1913163,_Z,RATIO,2,WB_WDI,P1Y,0,A,PU,Annual,Europe & Central Asia (IDA & IBRD),Prevalence of severe food insecurity in the population (%),Total,All age ranges or no breakdown by age,Total,Percentage,Not Applicable,Not Applicable,Not Applicable,Not Applicable,Ratio,Two,World Development Indicators (WDI),Annual,Units,Normal value,Public
datastructure,WB.DATA360:DS_DATA360(1.3),I,A,HIC,WB_WDI_SN_ITK_SVFI_ZS,_T,_T,_T,PT,_Z,_Z,_Z,2023,1.8516794,_Z,RATIO,2,WB_WDI,P1Y,0,A,PU,Annual,High income,Prevalence of severe food insecurity in the population (%),Total,All age ranges or no breakdown by age,Total,Percentage,Not Applicable,Not Applicable,Not Applicable,Not Applicable,Ratio,Two,World Development Indicators (WDI),Annual,Units,Normal value,Public
datastructure,WB.DATA360:DS_DATA360(1.3),I,A,IBD,WB_WDI_SN_ITK_SVFI_ZS,_T,_T,_T,PT,_Z,_Z,_Z,2023,8.9090067,_Z,RATIO,2,WB_WDI,P1Y,0,A,PU,Annual,IBRD only,Prevalence of severe food insecurity in the population (%),Total,All age ranges or no breakdown by age,Total,Percentage,Not Applicable,Not Applicable,Not Applicable,Not Applicable,Ratio,Two,World Development Indicators (WDI),Annual,Units,Normal value,Public
datastructure,WB.DATA360:DS_DATA360(1.3),I,A,ZAF,WB_WDI_SN_ITK_SVFI_ZS,_T,_T,_T,PT,_Z,_Z,_Z,2019,7.5,_Z,RATIO,2,WB_WDI,P1Y,0,A,PU,Annual,South Africa,Prevalence of severe food insecurity in the population (%),Total,All age ranges or no breakdown by age,Total,Percentage,Not Applicable,Not Applicable,Not Applicable,Not Applicable,Ratio,Two,World Development Indicators (WDI),Annual,Units,Normal value,Public
datastructure,WB.DATA360:DS_DATA360(1.3),I,A,SSD,WB_WDI_SN_ITK_SVFI_ZS,_T,_T,_T,PT,_Z,_Z,_Z,2019,63.0,_Z,RATIO,2,WB_WDI,P1Y,0,A,PU,Annual,South Sudan,Prevalence of severe food insecurity in the population (%),Total,All age ranges or no breakdown by age,Total,Percentage,Not Applicable,Not Applicable,Not Applicable,Not Applicable,Ratio,Two,World Development Indicators (WDI),Annual,Units,Normal value,Public
datastructure,WB.DATA360:DS_DATA360(1.3),I,A,ESP,WB_WDI_SN_ITK_SVFI_ZS,_T,_T,_T,PT,_Z,_Z,_Z,2019,1.8,_Z,RATIO,2,WB_WDI,P1Y,0,A,PU,Annual,Spain,Prevalence of severe food insecurity in the population (%),Total,All age ranges or no breakdown by age,Total,Percentage,Not Applicable,Not Applicable,Not Applicable,Not Applicable,Ratio,Two,World Development Indicators (WDI),Annual,Units,Normal value,Public
datastructure,WB.DATA360:DS_DATA360(1.3),I,A,LKA,WB_WDI_SN_ITK_SVFI_ZS,_T,_T,_T,PT,_Z,_Z,_Z,2019,0.9,_Z,RATIO,2,WB_WDI,P1Y,0,A,PU,Annual,Sri Lanka,Prevalence of severe food insecurity in the population (%),Total,All age ranges or no breakdown by age,Total,Percentage,Not Applicable,Not Applicable,Not Applicable,Not Applicable,Ratio,Two,World Development Indicators (WDI),Annual,Units,Normal value,Public
datastructure,WB.DATA360:DS_DATA360(1.3),I,A,KNA,WB_WDI_SN_ITK_SVFI_ZS,_T,_T,_T,PT,_Z,_Z,_Z,2019,8.1,_Z,RATIO,2,WB_WDI,P1Y,0,A,PU,Annual,St. Kitts and Nevis,Prevalence of severe food insecurity in the population (%),Total,All age ranges or no breakdown by age,Total,Percentage,Not Applicable,Not Applicable,Not Applicable,Not Applicable,Ratio,Two,World Development Indicators (WDI),Annual,Units,Normal value,Public
datastructure,WB.DATA360:DS_DATA360(1.3),I,A,VCT,WB_WDI_SN_ITK_SVFI_ZS,_T,_T,_T,PT,_Z,_Z,_Z,2019,10.3,_Z,RATIO,2,WB_WDI,P1Y,0,A,PU,Annual,St. Vincent and the Grenadines,Prevalence of severe food insecurity in the population (%),Total,All age ranges or no breakdown by age,Total,Percentage,Not Applicable,Not Applicable,Not Applicable,Not Applicable,Ratio,Two,World Development Indicators (WDI),Annual,Units,Normal value,Public
datastructure,WB.DATA360:DS_DATA360(1.3),I,A,SWE,WB_WDI_SN_ITK_SVFI_ZS,_T,_T,_T,PT,_Z,_Z,_Z,2019,1.2,_Z,RATIO,2,WB_WDI,P1Y,0,A,PU,Annual,Sweden,Prevalence of severe food insecurity in the population (%),Total,All age ranges or no breakdown by age,Total,Percentage,Not Applicable,Not Applicable,Not Applicable,Not Applicable,Ratio,Two,World Development Indicators (WDI),Annual,Units,Normal value,Public
datastructure,WB.DATA360:DS_DATA360(1.3),I,A,CHE,WB_WDI_SN_ITK_SVFI_ZS,_T,_T,_T,PT,_Z,_Z,_Z,2019,0.0,_Z,RATIO,2,WB_WDI,P1Y,0,A,PU,Annual,Switzerland,Prevalence of severe food insecurity in the population (%),Total,All age ranges or no breakdown by age,Total,Percentage,Not Applicable,Not Applicable,Not Applicable,Not Applicable,Ratio,Two,World Development Indicators (WDI),Annual,Units,Normal value,Public
datastructure,WB.DATA360:DS_DATA360(1.3),I,A,LKA,WB_WDI_SN_ITK_SVFI_ZS,_T,_T,_T,PT,_Z,_Z,_Z,2015,0.7,_Z,RATIO,2,WB_WDI,P1Y,0,A,PU,Annual,Sri Lanka,Prevalence of severe food insecurity in the population (%),Total,All age ranges or no breakdown by age,Total,Percentage,Not Applicable,Not Applicable,Not Applicable,Not Applicable,Ratio,Two,World Development Indicators (WDI),Annual,Units,Normal value,Public
datastructure,WB.DATA360:DS_DATA360(1.3),I,A,LCA,WB_WDI_SN_ITK_SVFI_ZS,_T,_T,_T,PT,_Z,_Z,_Z,2015,4.5,_Z,RATIO,2,WB_WDI,P1Y,0,A,PU,Annual,St. Lucia,Prevalence of severe food insecurity in the population (%),Total,All age ranges or no breakdown by age,Total,Percentage,Not Applicable,Not Applicable,Not Applicable,Not Applicable,Ratio,Two,World Development Indicators (WDI),Annual,Units,Normal value,Public
datastructure,WB.DATA360:DS_DATA360(1.3),I,A,SWE,WB_WDI_SN_ITK_SVFI_ZS,_T,_T,_T,PT,_Z,_Z,_Z,2015,0.8,_Z,RATIO,2,WB_WDI,P1Y,0,A,PU,Annual,Sweden,Prevalence of severe food insecurity in the population (%),Total,All age ranges or no breakdown by age,Total,Percentage,Not Applicable,Not Applicable,Not Applicable,Not Applicable,Ratio,Two,World Development Indicators (WDI),Annual,Units,Normal value,Public
datastructure,WB.DATA360:DS_DATA360(1.3),I,A,CHE,WB_WDI_SN_ITK_SVFI_ZS,_T,_T,_T,PT,_Z,_Z,_Z,2015,1.5,_Z,RATIO,2,WB_WDI,P1Y,0,A,PU,Annual,Switzerland,Prevalence of severe food insecurity in the population (%),Total,All age ranges or no breakdown by age,Total,Percentage,Not Applicable,Not Applicable,Not Applicable,Not Applicable,Ratio,Two,World Development Indicators (WDI),Annual,Units,Normal value,Public
datastructure,WB.DATA360:DS_DATA360(1.3),I,A,TJK,WB_WDI_SN_ITK_SVFI_ZS,_T,_T,_T,PT,_Z,_Z,_Z,2015,4.9,_Z,RATIO,2,WB_WDI,P1Y,0,A,PU,Annual,Tajikistan,Prevalence of severe food insecurity in the population (%),Total,All age ranges or no breakdown by age,Total,Percentage,Not Applicable,Not Applicable,Not Applicable,Not Applicable,Ratio,Two,World Development Indicators (WDI),Annual,Units,Normal value,Public
datastructure,WB.DATA360:DS_DATA360(1.3),I,A,TZA,WB_WDI_SN_ITK_SVFI_ZS,_T,_T,_T,PT,_Z,_Z,_Z,2015,20.6,_Z,RATIO,2,WB_WDI,P1Y,0,A,PU,Annual,Tanzania,Prevalence of severe food insecurity in the population (%),Total,All age ranges or no breakdown by age,Total,Percentage,Not Applicable,Not Applicable,Not Applicable,Not Applicable,Ratio,Two,World Development Indicators (WDI),Annual,Units,Normal value,Public
datastructure,WB.DATA360:DS_DATA360(1.3),I,A,CRI,WB_WDI_SN_ITK_SVFI_ZS,_T,_T,_T,PT,_Z,_Z,_Z,2022,2.8,_Z,RATIO,2,WB_WDI,P1Y,0,A,PU,Annual,Costa Rica,Prevalence of severe food insecurity in the population (%),Total,All age ranges or no breakdown by age,Total,Percentage,Not Applicable,Not Applicable,Not Applicable,Not Applicable,Ratio,Two,World Development Indicators (WDI),Annual,Units,Normal value,Public
datastructure,WB.DATA360:DS_DATA360(1.3),I,A,CIV,WB_WDI_SN_ITK_SVFI_ZS,_T,_T,_T,PT,_Z,_Z,_Z,2022,8.9,_Z,RATIO,2,WB_WDI,P1Y,0,A,PU,Annual,Côte d’Ivoire,Prevalence of severe food insecurity in the population (%),Total,All age ranges or no breakdown by age,Total,Percentage,Not Applicable,Not Applicable,Not Applicable,Not Applicable,Ratio,Two,World Development Indicators (WDI),Annual,Units,Normal value,Public
datastructure,WB.DATA360:DS_DATA360(1.3),I,A,HRV,WB_WDI_SN_ITK_SVFI_ZS,_T,_T,_T,PT,_Z,_Z,_Z,2022,1.4,_Z,RATIO,2,WB_WDI,P1Y,0,A,PU,Annual,Croatia,Prevalence of severe food insecurity in the population (%),Total,All age ranges or no breakdown by age,Total,Percentage,Not Applicable,Not Applicable,Not Applicable,Not Applicable,Ratio,Two,World Development Indicators (WDI),Annual,Units,Normal value,Public
datastructure,WB.DATA360:DS_DATA360(1.3),I,A,CZE,WB_WDI_SN_ITK_SVFI_ZS,_T,_T,_T,PT,_Z,_Z,_Z,2022,2.2,_Z,RATIO,2,WB_WDI,P1Y,0,A,PU,Annual,Czechia,Prevalence of severe food insecurity in the population (%),Total,All age ranges or no breakdown by age,Total,Percentage,Not Applicable,Not Applicable,Not Applicable,Not Applicable,Ratio,Two,World Development Indicators (WDI),Annual,Units,Normal value,Public
datastructure,WB.DATA360:DS_DATA360(1.3),I,A,DNK,WB_WDI_SN_ITK_SVFI_ZS,_T,_T,_T,PT,_Z,_Z,_Z,2022,1.9,_Z,RATIO,2,WB_WDI,P1Y,0,A,PU,Annual,Denmark,Prevalence of severe food insecurity in the population (%),Total,All age ranges or no breakdown by age,Total,Percentage,Not Applicable,Not Applicable,Not Applicable,Not Applicable,Ratio,Two,World Development Indicators (WDI),Annual,Units,Normal value,Public
datastructure,WB.DATA360:DS_DATA360(1.3),I,A,DJI,WB_WDI_SN_ITK_SVFI_ZS,_T,_T,_T,PT,_Z,_Z,_Z,2022,16.5,_Z,RATIO,2,WB_WDI,P1Y,0,A,PU,Annual,Djibouti,Prevalence of severe food insecurity in the population (%),Total,All age ranges or no breakdown by age,Total,Percentage,Not Applicable,Not Applicable,Not Applicable,Not Applicable,Ratio,Two,World Development Indicators (WDI),Annual,Units,Normal value,Public
datastructure,WB.DATA360:DS_DATA360(1.3),I,A,DMA,WB_WDI_SN_ITK_SVFI_ZS,_T,_T,_T,PT,_Z,_Z,_Z,2022,5.8,_Z,RATIO,2,WB_WDI,P1Y,0,A,PU,Annual,Dominica,Prevalence of severe food insecurity in the population (%),Total,All age ranges or no breakdown by age,Total,Percentage,Not Applicable,Not Applicable,Not Applicable,Not Applicable,Ratio,Two,World Development Indicators (WDI),Annual,Units,Normal value,Public
datastructure,WB.DATA360:DS_DATA360(1.3),I,A,DOM,WB_WDI_SN_ITK_SVFI_ZS,_T,_T,_T,PT,_Z,_Z,_Z,2022,19.0,_Z,RATIO,2,WB_WDI,P1Y,0,A,PU,Annual,Dominican Republic,Prevalence of severe food insecurity in the population (%),Total,All age ranges or no breakdown by age,Total,Percentage,Not Applicable,Not Applicable,Not Applicable,Not Applicable,Ratio,Two,World Development Indicators (WDI),Annual,Units,Normal value,Public
datastructure,WB.DATA360:DS_DATA360(1.3),I,A,ECU,WB_WDI_SN_ITK_SVFI_ZS,_T,_T,_T,PT,_Z,_Z,_Z,2022,12.7,_Z,RATIO,2,WB_WDI,P1Y,0,A,PU,Annual,Ecuador,Prevalence of severe food insecurity in the population (%),Total,All age ranges or no breakdown by age,Total,Percentage,Not Applicable,Not Applicable,Not Applicable,Not Applicable,Ratio,Two,World Development Indicators (WDI),Annual,Units,Normal value,Public
datastructure,WB.DATA360:DS_DATA360(1.3),I,A,EGY,WB_WDI_SN_ITK_SVFI_ZS,_T,_T,_T,PT,_Z,_Z,_Z,2022,10.4,_Z,RATIO,2,WB_WDI,P1Y,0,A,PU,Annual,"Egypt, Arab Rep.",Prevalence of severe food insecurity in the population (%),Total,All age ranges or no breakdown by age,Total,Percentage,Not Applicable,Not Applicable,Not Applicable,Not Applicable,Ratio,Two,World Development Indicators (WDI),Annual,Units,Normal value,Public
datastructure,WB.DATA360:DS_DATA360(1.3),I,A,ZAF,WB_WDI_SN_ITK_SVFI_ZS,_T,_T,_T,PT,_Z,_Z,_Z,2022,8.4,_Z,RATIO,2,WB_WDI,P1Y,0,A,PU,Annual,South Africa,Prevalence of severe food insecurity in the population (%),Total,All age ranges or no breakdown by age,Total,Percentage,Not Applicable,Not Applicable,Not Applicable,Not Applicable,Ratio,Two,World Development Indicators (WDI),Annual,Units,Normal value,Public
datastructure,WB.DATA360:DS_DATA360(1.3),I,A,SSD,WB_WDI_SN_ITK_SVFI_ZS,_T,_T,_T,PT,_Z,_Z,_Z,2022,63.2,_Z,RATIO,2,WB_WDI,P1Y,0,A,PU,Annual,South Sudan,Prevalence of severe food insecurity in the population (%),Total,All age ranges or no breakdown by age,Total,Percentage,Not Applicable,Not Applicable,Not Applicable,Not Applicable,Ratio,Two,World Development Indicators (WDI),Annual,Units,Normal value,Public
datastructure,WB.DATA360:DS_DATA360(1.3),I,A,ESP,WB_WDI_SN_ITK_SVFI_ZS,_T,_T,_T,PT,_Z,_Z,_Z,2022,1.5,_Z,RATIO,2,WB_WDI,P1Y,0,A,PU,Annual,Spain,Prevalence of severe food insecurity in the population (%),Total,All age ranges or no breakdown by age,Total,Percentage,Not Applicable,Not Applicable,Not Applicable,Not Applicable,Ratio,Two,World Development Indicators (WDI),Annual,Units,Normal value,Public
datastructure,WB.DATA360:DS_DATA360(1.3),I,A,LKA,WB_WDI_SN_ITK_SVFI_ZS,_T,_T,_T,PT,_Z,_Z,_Z,2022,1.2,_Z,RATIO,2,WB_WDI,P1Y,0,A,PU,Annual,Sri Lanka,Prevalence of severe food insecurity in the population (%),Total,All age ranges or no breakdown by age,Total,Percentage,Not Applicable,Not Applicable,Not Applicable,Not Applicable,Ratio,Two,World Development Indicators (WDI),Annual,Units,Normal value,Public
datastructure,WB.DATA360:DS_DATA360(1.3),I,A,SUR,WB_WDI_SN_ITK_SVFI_ZS,_T,_T,_T,PT,_Z,_Z,_Z,2022,7.2,_Z,RATIO,2,WB_WDI,P1Y,0,A,PU,Annual,Suriname,Prevalence of severe food insecurity in the population (%),Total,All age ranges or no breakdown by age,Total,Percentage,Not Applicable,Not Applicable,Not Applicable,Not Applicable,Ratio,Two,World Development Indicators (WDI),Annual,Units,Normal value,Public
datastructure,WB.DATA360:DS_DATA360(1.3),I,A,SWE,WB_WDI_SN_ITK_SVFI_ZS,_T,_T,_T,PT,_Z,_Z,_Z,2022,1.8,_Z,RATIO,2,WB_WDI,P1Y,0,A,PU,Annual,Sweden,Prevalence of severe food insecurity in the population (%),Total,All age ranges or no breakdown by age,Total,Percentage,Not Applicable,Not Applicable,Not Applicable,Not Applicable,Ratio,Two,World Development Indicators (WDI),Annual,Units,Normal value,Public
datastructure,WB.DATA360:DS_DATA360(1.3),I,A,CHE,WB_WDI_SN_ITK_SVFI_ZS,_T,_T,_T,PT,_Z,_Z,_Z,2022,1.1,_Z,RATIO,2,WB_WDI,P1Y,0,A,PU,Annual,Switzerland,Prevalence of severe food insecurity in the population (%),Total,All age ranges or no breakdown by age,Total,Percentage,Not Applicable,Not Applicable,Not Applicable,Not Applicable,Ratio,Two,World Development Indicators (WDI),Annual,Units,Normal value,Public
datastructure,WB.DATA360:DS_DATA360(1.3),I,A,TJK,WB_WDI_SN_ITK_SVFI_ZS,_T,_T,_T,PT,_Z,_Z,_Z,2022,6.7,_Z,RATIO,2,WB_WDI,P1Y,0,A,PU,Annual,Tajikistan,Prevalence of severe food insecurity in the population (%),Total,All age ranges or no breakdown by age,Total,Percentage,Not Applicable,Not Applicable,Not Applicable,Not Applicable,Ratio,Two,World Development Indicators (WDI),Annual,Units,Normal value,Public
datastructure,WB.DATA360:DS_DATA360(1.3),I,A,IBT,WB_WDI_SN_ITK_SVFI_ZS,_T,_T,_T,PT,_Z,_Z,_Z,2023,11.8632922,_Z,RATIO,2,WB_WDI,P1Y,0,A,PU,Annual,IDA & IBRD total,Prevalence of severe food insecurity in the population (%),Total,All age ranges or no breakdown by age,Total,Percentage,Not Applicable,Not Applicable,Not Applicable,Not Applicable,Ratio,Two,World Development Indicators (WDI),Annual,Units,Normal value,Public
datastructure,WB.DATA360:DS_DATA360(1.3),I,A,IDA,WB_WDI_SN_ITK_SVFI_ZS,_T,_T,_T,PT,_Z,_Z,_Z,2023,19.5737929,_Z,RATIO,2,WB_WDI,P1Y,0,A,PU,Annual,IDA total,Prevalence of severe food insecurity in the population (%),Total,All age ranges or no breakdown by age,Total,Percentage,Not Applicable,Not Applicable,Not Applicable,Not Applicable,Ratio,Two,World Development Indicators (WDI),Annual,Units,Normal value,Public
datastructure,WB.DATA360:DS_DATA360(1.3),I,A,LCN,WB_WDI_SN_ITK_SVFI_ZS,_T,_T,_T,PT,_Z,_Z,_Z,2023,8.0570455,_Z,RATIO,2,WB_WDI,P1Y,0,A,PU,Annual,Latin America & Caribbean,Prevalence of severe food insecurity in the population (%),Total,All age ranges or no breakdown by age,Total,Percentage,Not Applicable,Not Applicable,Not Applicable,Not Applicable,Ratio,Two,World Development Indicators (WDI),Annual,Units,Normal value,Public
datastructure,WB.DATA360:DS_DATA360(1.3),I,A,TLA,WB_WDI_SN_ITK_SVFI_ZS,_T,_T,_T,PT,_Z,_Z,_Z,2023,7.8302967,_Z,RATIO,2,WB_WDI,P1Y,0,A,PU,Annual,Latin America & Caribbean (IDA & IBRD),Prevalence of severe food insecurity in the population (%),Total,All age ranges or no breakdown by age,Total,Percentage,Not Applicable,Not Applicable,Not Applicable,Not Applicable,Ratio,Two,World Development Indicators (WDI),Annual,Units,Normal value,Public
datastructure,WB.DATA360:DS_DATA360(1.3),I,A,LDC,WB_WDI_SN_ITK_SVFI_ZS,_T,_T,_T,PT,_Z,_Z,_Z,2023,21.434449,_Z,RATIO,2,WB_WDI,P1Y,0,A,PU,Annual,Least developed countries: UN classification,Prevalence of severe food insecurity in the population (%),Total,All age ranges or no breakdown by age,Total,Percentage,Not Applicable,Not Applicable,Not Applicable,Not Applicable,Ratio,Two,World Development Indicators (WDI),Annual,Units,Normal value,Public
datastructure,WB.DATA360:DS_DATA360(1.3),I,A,LIC,WB_WDI_SN_ITK_SVFI_ZS,_T,_T,_T,PT,_Z,_Z,_Z,2023,26.5000062,_Z,RATIO,2,WB_WDI,P1Y,0,A,PU,Annual,Low income,Prevalence of severe food insecurity in the population (%),Total,All age ranges or no breakdown by age,Total,Percentage,Not Applicable,Not Applicable,Not Applicable,Not Applicable,Ratio,Two,World Development Indicators (WDI),Annual,Units,Normal value,Public
datastructure,WB.DATA360:DS_DATA360(1.3),I,A,LMC,WB_WDI_SN_ITK_SVFI_ZS,_T,_T,_T,PT,_Z,_Z,_Z,2023,17.5563465,_Z,RATIO,2,WB_WDI,P1Y,0,A,PU,Annual,Lower middle income,Prevalence of severe food insecurity in the population (%),Total,All age ranges or no breakdown by age,Total,Percentage,Not Applicable,Not Applicable,Not Applicable,Not Applicable,Ratio,Two,World Development Indicators (WDI),Annual,Units,Normal value,Public
datastructure,WB.DATA360:DS_DATA360(1.3),I,A,MEA,WB_WDI_SN_ITK_SVFI_ZS,_T,_T,_T,PT,_Z,_Z,_Z,2023,12.3064146,_Z,RATIO,2,WB_WDI,P1Y,0,A,PU,Annual,"Middle East, North Africa, Afghanistan & Pakistan",Prevalence of severe food insecurity in the population (%),Total,All age ranges or no breakdown by age,Total,Percentage,Not Applicable,Not Applicable,Not Applicable,Not Applicable,Ratio,Two,World Development Indicators (WDI),Annual,Units,Normal value,Public
datastructure,WB.DATA360:DS_DATA360(1.3),I,A,TMN,WB_WDI_SN_ITK_SVFI_ZS,_T,_T,_T,PT,_Z,_Z,_Z,2023,12.9857494,_Z,RATIO,2,WB_WDI,P1Y,0,A,PU,Annual,"Middle East, North Africa, Afghanistan & Pakistan (IDA & IBRD)",Prevalence of severe food insecurity in the population (%),Total,All age ranges or no breakdown by age,Total,Percentage,Not Applicable,Not Applicable,Not Applicable,Not Applicable,Ratio,Two,World Development Indicators (WDI),Annual,Units,Normal value,Public
datastructure,WB.DATA360:DS_DATA360(1.3),I,A,MEA,WB_WDI_SN_ITK_SVFI_ZS,_T,_T,_T,PT,_Z,_Z,_Z,2014,7.4255841,_Z,RATIO,2,WB_WDI,P1Y,0,A,PU,Annual,"Middle East, North Africa, Afghanistan & Pakistan",Prevalence of severe food insecurity in the population (%),Total,All age ranges or no breakdown by age,Total,Percentage,Not Applicable,Not Applicable,Not Applicable,Not Applicable,Ratio,Two,World Development Indicators (WDI),Annual,Units,Normal value,Public
datastructure,WB.DATA360:DS_DATA360(1.3),I,A,TMN,WB_WDI_SN_ITK_SVFI_ZS,_T,_T,_T,PT,_Z,_Z,_Z,2014,7.5170864,_Z,RATIO,2,WB_WDI,P1Y,0,A,PU,Annual,"Middle East, North Africa, Afghanistan & Pakistan (IDA & IBRD)",Prevalence of severe food insecurity in the population (%),Total,All age ranges or no breakdown by age,Total,Percentage,Not Applicable,Not Applicable,Not Applicable,Not Applicable,Ratio,Two,World Development Indicators (WDI),Annual,Units,Normal value,Public
datastructure,WB.DATA360:DS_DATA360(1.3),I,A,NAC,WB_WDI_SN_ITK_SVFI_ZS,_T,_T,_T,PT,_Z,_Z,_Z,2014,1.0480837,_Z,RATIO,2,WB_WDI,P1Y,0,A,PU,Annual,North America,Prevalence of severe food insecurity in the population (%),Total,All age ranges or no breakdown by age,Total,Percentage,Not Applicable,Not Applicable,Not Applicable,Not Applicable,Ratio,Two,World Development Indicators (WDI),Annual,Units,Normal value,Public
datastructure,WB.DATA360:DS_DATA360(1.3),I,A,SST,WB_WDI_SN_ITK_SVFI_ZS,_T,_T,_T,PT,_Z,_Z,_Z,2014,8.2773784,_Z,RATIO,2,WB_WDI,P1Y,0,A,PU,Annual,Small states,Prevalence of severe food insecurity in the population (%),Total,All age ranges or no breakdown by age,Total,Percentage,Not Applicable,Not Applicable,Not Applicable,Not Applicable,Ratio,Two,World Development Indicators (WDI),Annual,Units,Normal value,Public
datastructure,WB.DATA360:DS_DATA360(1.3),I,A,SAS,WB_WDI_SN_ITK_SVFI_ZS,_T,_T,_T,PT,_Z,_Z,_Z,2014,16.4689758,_Z,RATIO,2,WB_WDI,P1Y,0,A,PU,Annual,South Asia,Prevalence of severe food insecurity in the population (%),Total,All age ranges or no breakdown by age,Total,Percentage,Not Applicable,Not Applicable,Not Applicable,Not Applicable,Ratio,Two,World Development Indicators (WDI),Annual,Units,Normal value,Public
datastructure,WB.DATA360:DS_DATA360(1.3),I,A,TSA,WB_WDI_SN_ITK_SVFI_ZS,_T,_T,_T,PT,_Z,_Z,_Z,2014,16.4689758,_Z,RATIO,2,WB_WDI,P1Y,0,A,PU,Annual,South Asia (IDA & IBRD),Prevalence of severe food insecurity in the population (%),Total,All age ranges or no breakdown by age,Total,Percentage,Not Applicable,Not Applicable,Not Applicable,Not Applicable,Ratio,Two,World Development Indicators (WDI),Annual,Units,Normal value,Public
datastructure,WB.DATA360:DS_DATA360(1.3),I,A,LMC,WB_WDI_SN_ITK_SVFI_ZS,_T,_T,_T,PT,_Z,_Z,_Z,2017,12.0775809,_Z,RATIO,2,WB_WDI,P1Y,0,A,PU,Annual,Lower middle income,Prevalence of severe food insecurity in the population (%),Total,All age ranges or no breakdown by age,Total,Percentage,Not Applicable,Not Applicable,Not Applicable,Not Applicable,Ratio,Two,World Development Indicators (WDI),Annual,Units,Normal value,Public
datastructure,WB.DATA360:DS_DATA360(1.3),I,A,MEA,WB_WDI_SN_ITK_SVFI_ZS,_T,_T,_T,PT,_Z,_Z,_Z,2017,7.9092615,_Z,RATIO,2,WB_WDI,P1Y,0,A,PU,Annual,"Middle East, North Africa, Afghanistan & Pakistan",Prevalence of severe food insecurity in the population (%),Total,All age ranges or no breakdown by age,Total,Percentage,Not Applicable,Not Applicable,Not Applicable,Not Applicable,Ratio,Two,World Development Indicators (WDI),Annual,Units,Normal value,Public
datastructure,WB.DATA360:DS_DATA360(1.3),I,A,TMN,WB_WDI_SN_ITK_SVFI_ZS,_T,_T,_T,PT,_Z,_Z,_Z,2017,8.0414661,_Z,RATIO,2,WB_WDI,P1Y,0,A,PU,Annual,"Middle East, North Africa, Afghanistan & Pakistan (IDA & IBRD)",Prevalence of severe food insecurity in the population (%),Total,All age ranges or no breakdown by age,Total,Percentage,Not Applicable,Not Applicable,Not Applicable,Not Applicable,Ratio,Two,World Development Indicators (WDI),Annual,Units,Normal value,Public
datastructure,WB.DATA360:DS_DATA360(1.3),I,A,NAC,WB_WDI_SN_ITK_SVFI_ZS,_T,_T,_T,PT,_Z,_Z,_Z,2017,0.777789,_Z,RATIO,2,WB_WDI,P1Y,0,A,PU,Annual,North America,Prevalence of severe food insecurity in the population (%),Total,All age ranges or no breakdown by age,Total,Percentage,Not Applicable,Not Applicable,Not Applicable,Not Applicable,Ratio,Two,World Development Indicators (WDI),Annual,Units,Normal value,Public
datastructure,WB.DATA360:DS_DATA360(1.3),I,A,SST,WB_WDI_SN_ITK_SVFI_ZS,_T,_T,_T,PT,_Z,_Z,_Z,2017,8.3952977,_Z,RATIO,2,WB_WDI,P1Y,0,A,PU,Annual,Small states,Prevalence of severe food insecurity in the population (%),Total,All age ranges or no breakdown by age,Total,Percentage,Not Applicable,Not Applicable,Not Applicable,Not Applicable,Ratio,Two,World Development Indicators (WDI),Annual,Units,Normal value,Public
datastructure,WB.DATA360:DS_DATA360(1.3),I,A,SAS,WB_WDI_SN_ITK_SVFI_ZS,_T,_T,_T,PT,_Z,_Z,_Z,2017,13.5123284,_Z,RATIO,2,WB_WDI,P1Y,0,A,PU,Annual,South Asia,Prevalence of severe food insecurity in the population (%),Total,All age ranges or no breakdown by age,Total,Percentage,Not Applicable,Not Applicable,Not Applicable,Not Applicable,Ratio,Two,World Development Indicators (WDI),Annual,Units,Normal value,Public
datastructure,WB.DATA360:DS_DATA360(1.3),I,A,TSA,WB_WDI_SN_ITK_SVFI_ZS,_T,_T,_T,PT,_Z,_Z,_Z,2017,13.5123284,_Z,RATIO,2,WB_WDI,P1Y,0,A,PU,Annual,South Asia (IDA & IBRD),Prevalence of severe food insecurity in the population (%),Total,All age ranges or no breakdown by age,Total,Percentage,Not Applicable,Not Applicable,Not Applicable,Not Applicable,Ratio,Two,World Development Indicators (WDI),Annual,Units,Normal value,Public
datastructure,WB.DATA360:DS_DATA360(1.3),I,A,SST,WB_WDI_SN_ITK_SVFI_ZS,_T,_T,_T,PT,_Z,_Z,_Z,2020,8.3312474,_Z,RATIO,2,WB_WDI,P1Y,0,A,PU,Annual,Small states,Prevalence of severe food insecurity in the population (%),Total,All age ranges or no breakdown by age,Total,Percentage,Not Applicable,Not Applicable,Not Applicable,Not Applicable,Ratio,Two,World Development Indicators (WDI),Annual,Units,Normal value,Public
datastructure,WB.DATA360:DS_DATA360(1.3),I,A,SAS,WB_WDI_SN_ITK_SVFI_ZS,_T,_T,_T,PT,_Z,_Z,_Z,2020,20.5368705,_Z,RATIO,2,WB_WDI,P1Y,0,A,PU,Annual,South Asia,Prevalence of severe food insecurity in the population (%),Total,All age ranges or no breakdown by age,Total,Percentage,Not Applicable,Not Applicable,Not Applicable,Not Applicable,Ratio,Two,World Development Indicators (WDI),Annual,Units,Normal value,Public
datastructure,WB.DATA360:DS_DATA360(1.3),I,A,TSA,WB_WDI_SN_ITK_SVFI_ZS,_T,_T,_T,PT,_Z,_Z,_Z,2020,20.5368705,_Z,RATIO,2,WB_WDI,P1Y,0,A,PU,Annual,South Asia (IDA & IBRD),Prevalence of severe food insecurity in the population (%),Total,All age ranges or no breakdown by age,Total,Percentage,Not Applicable,Not Applicable,Not Applicable,Not Applicable,Ratio,Two,World Development Indicators (WDI),Annual,Units,Normal value,Public
datastructure,WB.DATA360:DS_DATA360(1.3),I,A,UMC,WB_WDI_SN_ITK_SVFI_ZS,_T,_T,_T,PT,_Z,_Z,_Z,2020,4.1619753,_Z,RATIO,2,WB_WDI,P1Y,0,A,PU,Annual,Upper middle income,Prevalence of severe food insecurity in the population (%),Total,All age ranges or no breakdown by age,Total,Percentage,Not Applicable,Not Applicable,Not Applicable,Not Applicable,Ratio,Two,World Development Indicators (WDI),Annual,Units,Normal value,Public
datastructure,WB.DATA360:DS_DATA360(1.3),I,A,WLD,WB_WDI_SN_ITK_SVFI_ZS,_T,_T,_T,PT,_Z,_Z,_Z,2020,10.4921392,_Z,RATIO,2,WB_WDI,P1Y,0,A,PU,Annual,World,Prevalence of severe food insecurity in the population (%),Total,All age ranges or no breakdown by age,Total,Percentage,Not Applicable,Not Applicable,Not Applicable,Not Applicable,Ratio,Two,World Development Indicators (WDI),Annual,Units,Normal value,Public
datastructure,WB.DATA360:DS_DATA360(1.3),I,A,AFG,WB_WDI_SN_ITK_SVFI_ZS,_T,_T,_T,PT,_Z,_Z,_Z,2020,22.6,_Z,RATIO,2,WB_WDI,P1Y,0,A,PU,Annual,Afghanistan,Prevalence of severe food insecurity in the population (%),Total,All age ranges or no breakdown by age,Total,Percentage,Not Applicable,Not Applicable,Not Applicable,Not Applicable,Ratio,Two,World Development Indicators (WDI),Annual,Units,Normal value,Public
datastructure,WB.DATA360:DS_DATA360(1.3),I,A,ALB,WB_WDI_SN_ITK_SVFI_ZS,_T,_T,_T,PT,_Z,_Z,_Z,2020,7.7,_Z,RATIO,2,WB_WDI,P1Y,0,A,PU,Annual,Albania,Prevalence of severe food insecurity in the population (%),Total,All age ranges or no breakdown by age,Total,Percentage,Not Applicable,Not Applicable,Not Applicable,Not Applicable,Ratio,Two,World Development Indicators (WDI),Annual,Units,Normal value,Public
datastructure,WB.DATA360:DS_DATA360(1.3),I,A,NAC,WB_WDI_SN_ITK_SVFI_ZS,_T,_T,_T,PT,_Z,_Z,_Z,2024,1.1390445,_Z,RATIO,2,WB_WDI,P1Y,0,A,PU,Annual,North America,Prevalence of severe food insecurity in the population (%),Total,All age ranges or no breakdown by age,Total,Percentage,Not Applicable,Not Applicable,Not Applicable,Not Applicable,Ratio,Two,World Development Indicators (WDI),Annual,Units,Normal value,Public
datastructure,WB.DATA360:DS_DATA360(1.3),I,A,SST,WB_WDI_SN_ITK_SVFI_ZS,_T,_T,_T,PT,_Z,_Z,_Z,2024,9.5800037,_Z,RATIO,2,WB_WDI,P1Y,0,A,PU,Annual,Small states,Prevalence of severe food insecurity in the population (%),Total,All age ranges or no breakdown by age,Total,Percentage,Not Applicable,Not Applicable,Not Applicable,Not Applicable,Ratio,Two,World Development Indicators (WDI),Annual,Units,Normal value,Public
datastructure,WB.DATA360:DS_DATA360(1.3),I,A,SAS,WB_WDI_SN_ITK_SVFI_ZS,_T,_T,_T,PT,_Z,_Z,_Z,2024,17.9671671,_Z,RATIO,2,WB_WDI,P1Y,0,A,PU,Annual,South Asia,Prevalence of severe food insecurity in the population (%),Total,All age ranges or no breakdown by age,Total,Percentage,Not Applicable,Not Applicable,Not Applicable,Not Applicable,Ratio,Two,World Development Indicators (WDI),Annual,Units,Normal value,Public
datastructure,WB.DATA360:DS_DATA360(1.3),I,A,TSA,WB_WDI_SN_ITK_SVFI_ZS,_T,_T,_T,PT,_Z,_Z,_Z,2024,17.9671671,_Z,RATIO,2,WB_WDI,P1Y,0,A,PU,Annual,South Asia (IDA & IBRD),Prevalence of severe food insecurity in the population (%),Total,All age ranges or no breakdown by age,Total,Percentage,Not Applicable,Not Applicable,Not Applicable,Not Applicable,Ratio,Two,World Development Indicators (WDI),Annual,Units,Normal value,Public
datastructure,WB.DATA360:DS_DATA360(1.3),I,A,UMC,WB_WDI_SN_ITK_SVFI_ZS,_T,_T,_T,PT,_Z,_Z,_Z,2024,2.7588053,_Z,RATIO,2,WB_WDI,P1Y,0,A,PU,Annual,Upper middle income,Prevalence of severe food insecurity in the population (%),Total,All age ranges or no breakdown by age,Total,Percentage,Not Applicable,Not Applicable,Not Applicable,Not Applicable,Ratio,Two,World Development Indicators (WDI),Annual,Units,Normal value,Public
datastructure,WB.DATA360:DS_DATA360(1.3),I,A,WLD,WB_WDI_SN_ITK_SVFI_ZS,_T,_T,_T,PT,_Z,_Z,_Z,2024,10.1426518,_Z,RATIO,2,WB_WDI,P1Y,0,A,PU,Annual,World,Prevalence of severe food insecurity in the population (%),Total,All age ranges or no breakdown by age,Total,Percentage,Not Applicable,Not Applicable,Not Applicable,Not Applicable,Ratio,Two,World Development Indicators (WDI),Annual,Units,Normal value,Public
datastructure,WB.DATA360:DS_DATA360(1.3),I,A,SST,WB_WDI_SN_ITK_SVFI_ZS,_T,_T,_T,PT,_Z,_Z,_Z,2019,7.860396,_Z,RATIO,2,WB_WDI,P1Y,0,A,PU,Annual,Small states,Prevalence of severe food insecurity in the population (%),Total,All age ranges or no breakdown by age,Total,Percentage,Not Applicable,Not Applicable,Not Applicable,Not Applicable,Ratio,Two,World Development Indicators (WDI),Annual,Units,Normal value,Public
datastructure,WB.DATA360:DS_DATA360(1.3),I,A,SAS,WB_WDI_SN_ITK_SVFI_ZS,_T,_T,_T,PT,_Z,_Z,_Z,2019,18.7235803,_Z,RATIO,2,WB_WDI,P1Y,0,A,PU,Annual,South Asia,Prevalence of severe food insecurity in the population (%),Total,All age ranges or no breakdown by age,Total,Percentage,Not Applicable,Not Applicable,Not Applicable,Not Applicable,Ratio,Two,World Development Indicators (WDI),Annual,Units,Normal value,Public
datastructure,WB.DATA360:DS_DATA360(1.3),I,A,TSA,WB_WDI_SN_ITK_SVFI_ZS,_T,_T,_T,PT,_Z,_Z,_Z,2019,18.7235803,_Z,RATIO,2,WB_WDI,P1Y,0,A,PU,Annual,South Asia (IDA & IBRD),Prevalence of severe food insecurity in the population (%),Total,All age ranges or no breakdown by age,Total,Percentage,Not Applicable,Not Applicable,Not Applicable,Not Applicable,Ratio,Two,World Development Indicators (WDI),Annual,Units,Normal value,Public
datastructure,WB.DATA360:DS_DATA360(1.3),I,A,UMC,WB_WDI_SN_ITK_SVFI_ZS,_T,_T,_T,PT,_Z,_Z,_Z,2019,3.1950592,_Z,RATIO,2,WB_WDI,P1Y,0,A,PU,Annual,Upper middle income,Prevalence of severe food insecurity in the population (%),Total,All age ranges or no breakdown by age,Total,Percentage,Not Applicable,Not Applicable,Not Applicable,Not Applicable,Ratio,Two,World Development Indicators (WDI),Annual,Units,Normal value,Public
datastructure,WB.DATA360:DS_DATA360(1.3),I,A,WLD,WB_WDI_SN_ITK_SVFI_ZS,_T,_T,_T,PT,_Z,_Z,_Z,2019,9.0275381,_Z,RATIO,2,WB_WDI,P1Y,0,A,PU,Annual,World,Prevalence of severe food insecurity in the population (%),Total,All age ranges or no breakdown by age,Total,Percentage,Not Applicable,Not Applicable,Not Applicable,Not Applicable,Ratio,Two,World Development Indicators (WDI),Annual,Units,Normal value,Public
datastructure,WB.DATA360:DS_DATA360(1.3),I,A,SST,WB_WDI_SN_ITK_SVFI_ZS,_T,_T,_T,PT,_Z,_Z,_Z,2015,8.2310632,_Z,RATIO,2,WB_WDI,P1Y,0,A,PU,Annual,Small states,Prevalence of severe food insecurity in the population (%),Total,All age ranges or no breakdown by age,Total,Percentage,Not Applicable,Not Applicable,Not Applicable,Not Applicable,Ratio,Two,World Development Indicators (WDI),Annual,Units,Normal value,Public
datastructure,WB.DATA360:DS_DATA360(1.3),I,A,SAS,WB_WDI_SN_ITK_SVFI_ZS,_T,_T,_T,PT,_Z,_Z,_Z,2015,14.9669911,_Z,RATIO,2,WB_WDI,P1Y,0,A,PU,Annual,South Asia,Prevalence of severe food insecurity in the population (%),Total,All age ranges or no breakdown by age,Total,Percentage,Not Applicable,Not Applicable,Not Applicable,Not Applicable,Ratio,Two,World Development Indicators (WDI),Annual,Units,Normal value,Public
datastructure,WB.DATA360:DS_DATA360(1.3),I,A,TSA,WB_WDI_SN_ITK_SVFI_ZS,_T,_T,_T,PT,_Z,_Z,_Z,2015,14.9669911,_Z,RATIO,2,WB_WDI,P1Y,0,A,PU,Annual,South Asia (IDA & IBRD),Prevalence of severe food insecurity in the population (%),Total,All age ranges or no breakdown by age,Total,Percentage,Not Applicable,Not Applicable,Not Applicable,Not Applicable,Ratio,Two,World Development Indicators (WDI),Annual,Units,Normal value,Public
datastructure,WB.DATA360:DS_DATA360(1.3),I,A,UMC,WB_WDI_SN_ITK_SVFI_ZS,_T,_T,_T,PT,_Z,_Z,_Z,2015,2.7541261,_Z,RATIO,2,WB_WDI,P1Y,0,A,PU,Annual,Upper middle income,Prevalence of severe food insecurity in the population (%),Total,All age ranges or no breakdown by age,Total,Percentage,Not Applicable,Not Applicable,Not Applicable,Not Applicable,Ratio,Two,World Development Indicators (WDI),Annual,Units,Normal value,Public
datastructure,WB.DATA360:DS_DATA360(1.3),I,A,WLD,WB_WDI_SN_ITK_SVFI_ZS,_T,_T,_T,PT,_Z,_Z,_Z,2015,7.404457,_Z,RATIO,2,WB_WDI,P1Y,0,A,PU,Annual,World,Prevalence of severe food insecurity in the population (%),Total,All age ranges or no breakdown by age,Total,Percentage,Not Applicable,Not Applicable,Not Applicable,Not Applicable,Ratio,Two,World Development Indicators (WDI),Annual,Units,Normal value,Public
datastructure,WB.DATA360:DS_DATA360(1.3),I,A,UZB,WB_WDI_SN_ITK_SVFI_ZS,_T,_T,_T,PT,_Z,_Z,_Z,2016,2.1,_Z,RATIO,2,WB_WDI,P1Y,0,A,PU,Annual,Uzbekistan,Prevalence of severe food insecurity in the population (%),Total,All age ranges or no breakdown by age,Total,Percentage,Not Applicable,Not Applicable,Not Applicable,Not Applicable,Ratio,Two,World Development Indicators (WDI),Annual,Units,Normal value,Public
datastructure,WB.DATA360:DS_DATA360(1.3),I,A,ZMB,WB_WDI_SN_ITK_SVFI_ZS,_T,_T,_T,PT,_Z,_Z,_Z,2016,23.8,_Z,RATIO,2,WB_WDI,P1Y,0,A,PU,Annual,Zambia,Prevalence of severe food insecurity in the population (%),Total,All age ranges or no breakdown by age,Total,Percentage,Not Applicable,Not Applicable,Not Applicable,Not Applicable,Ratio,Two,World Development Indicators (WDI),Annual,Units,Normal value,Public
datastructure,WB.DATA360:DS_DATA360(1.3),I,A,ZWE,WB_WDI_SN_ITK_SVFI_ZS,_T,_T,_T,PT,_Z,_Z,_Z,2016,36.7,_Z,RATIO,2,WB_WDI,P1Y,0,A,PU,Annual,Zimbabwe,Prevalence of severe food insecurity in the population (%),Total,All age ranges or no breakdown by age,Total,Percentage,Not Applicable,Not Applicable,Not Applicable,Not Applicable,Ratio,Two,World Development Indicators (WDI),Annual,Units,Normal value,Public
datastructure,WB.DATA360:DS_DATA360(1.3),I,A,AFE,WB_WDI_SN_ITK_SVFI_ZS,_T,_T,_T,PT,_Z,_Z,_Z,2017,24.2432496,_Z,RATIO,2,WB_WDI,P1Y,0,A,PU,Annual,Africa Eastern and Southern,Prevalence of severe food insecurity in the population (%),Total,All age ranges or no breakdown by age,Total,Percentage,Not Applicable,Not Applicable,Not Applicable,Not Applicable,Ratio,Two,World Development Indicators (WDI),Annual,Units,Normal value,Public
datastructure,WB.DATA360:DS_DATA360(1.3),I,A,AFW,WB_WDI_SN_ITK_SVFI_ZS,_T,_T,_T,PT,_Z,_Z,_Z,2017,15.9937209,_Z,RATIO,2,WB_WDI,P1Y,0,A,PU,Annual,Africa Western and Central,Prevalence of severe food insecurity in the population (%),Total,All age ranges or no breakdown by age,Total,Percentage,Not Applicable,Not Applicable,Not Applicable,Not Applicable,Ratio,Two,World Development Indicators (WDI),Annual,Units,Normal value,Public
datastructure,WB.DATA360:DS_DATA360(1.3),I,A,NAM,WB_WDI_SN_ITK_SVFI_ZS,_T,_T,_T,PT,_Z,_Z,_Z,2017,30.5,_Z,RATIO,2,WB_WDI,P1Y,0,A,PU,Annual,Namibia,Prevalence of severe food insecurity in the population (%),Total,All age ranges or no breakdown by age,Total,Percentage,Not Applicable,Not Applicable,Not Applicable,Not Applicable,Ratio,Two,World Development Indicators (WDI),Annual,Units,Normal value,Public
datastructure,WB.DATA360:DS_DATA360(1.3),I,A,NPL,WB_WDI_SN_ITK_SVFI_ZS,_T,_T,_T,PT,_Z,_Z,_Z,2017,9.6,_Z,RATIO,2,WB_WDI,P1Y,0,A,PU,Annual,Nepal,Prevalence of severe food insecurity in the population (%),Total,All age ranges or no breakdown by age,Total,Percentage,Not Applicable,Not Applicable,Not Applicable,Not Applicable,Ratio,Two,World Development Indicators (WDI),Annual,Units,Normal value,Public
datastructure,WB.DATA360:DS_DATA360(1.3),I,A,NLD,WB_WDI_SN_ITK_SVFI_ZS,_T,_T,_T,PT,_Z,_Z,_Z,2017,1.5,_Z,RATIO,2,WB_WDI,P1Y,0,A,PU,Annual,Netherlands,Prevalence of severe food insecurity in the population (%),Total,All age ranges or no breakdown by age,Total,Percentage,Not Applicable,Not Applicable,Not Applicable,Not Applicable,Ratio,Two,World Development Indicators (WDI),Annual,Units,Normal value,Public
datastructure,WB.DATA360:DS_DATA360(1.3),I,A,NZL,WB_WDI_SN_ITK_SVFI_ZS,_T,_T,_T,PT,_Z,_Z,_Z,2017,4.2,_Z,RATIO,2,WB_WDI,P1Y,0,A,PU,Annual,New Zealand,Prevalence of severe food insecurity in the population (%),Total,All age ranges or no breakdown by age,Total,Percentage,Not Applicable,Not Applicable,Not Applicable,Not Applicable,Ratio,Two,World Development Indicators (WDI),Annual,Units,Normal value,Public
datastructure,WB.DATA360:DS_DATA360(1.3),I,A,NER,WB_WDI_SN_ITK_SVFI_ZS,_T,_T,_T,PT,_Z,_Z,_Z,2017,10.0,_Z,RATIO,2,WB_WDI,P1Y,0,A,PU,Annual,Niger,Prevalence of severe food insecurity in the population (%),Total,All age ranges or no breakdown by age,Total,Percentage,Not Applicable,Not Applicable,Not Applicable,Not Applicable,Ratio,Two,World Development Indicators (WDI),Annual,Units,Normal value,Public
datastructure,WB.DATA360:DS_DATA360(1.3),I,A,NGA,WB_WDI_SN_ITK_SVFI_ZS,_T,_T,_T,PT,_Z,_Z,_Z,2017,13.6,_Z,RATIO,2,WB_WDI,P1Y,0,A,PU,Annual,Nigeria,Prevalence of severe food insecurity in the population (%),Total,All age ranges or no breakdown by age,Total,Percentage,Not Applicable,Not Applicable,Not Applicable,Not Applicable,Ratio,Two,World Development Indicators (WDI),Annual,Units,Normal value,Public
datastructure,WB.DATA360:DS_DATA360(1.3),I,A,MKD,WB_WDI_SN_ITK_SVFI_ZS,_T,_T,_T,PT,_Z,_Z,_Z,2017,3.1,_Z,RATIO,2,WB_WDI,P1Y,0,A,PU,Annual,North Macedonia,Prevalence of severe food insecurity in the population (%),Total,All age ranges or no breakdown by age,Total,Percentage,Not Applicable,Not Applicable,Not Applicable,Not Applicable,Ratio,Two,World Development Indicators (WDI),Annual,Units,Normal value,Public
datastructure,WB.DATA360:DS_DATA360(1.3),I,A,KAZ,WB_WDI_SN_ITK_SVFI_ZS,_T,_T,_T,PT,_Z,_Z,_Z,2017,0.0,_Z,RATIO,2,WB_WDI,P1Y,0,A,PU,Annual,Kazakhstan,Prevalence of severe food insecurity in the population (%),Total,All age ranges or no breakdown by age,Total,Percentage,Not Applicable,Not Applicable,Not Applicable,Not Applicable,Ratio,Two,World Development Indicators (WDI),Annual,Units,Normal value,Public
datastructure,WB.DATA360:DS_DATA360(1.3),I,A,KEN,WB_WDI_SN_ITK_SVFI_ZS,_T,_T,_T,PT,_Z,_Z,_Z,2017,21.6,_Z,RATIO,2,WB_WDI,P1Y,0,A,PU,Annual,Kenya,Prevalence of severe food insecurity in the population (%),Total,All age ranges or no breakdown by age,Total,Percentage,Not Applicable,Not Applicable,Not Applicable,Not Applicable,Ratio,Two,World Development Indicators (WDI),Annual,Units,Normal value,Public
datastructure,WB.DATA360:DS_DATA360(1.3),I,A,KOR,WB_WDI_SN_ITK_SVFI_ZS,_T,_T,_T,PT,_Z,_Z,_Z,2017,0.0,_Z,RATIO,2,WB_WDI,P1Y,0,A,PU,Annual,"Korea, Rep.",Prevalence of severe food insecurity in the population (%),Total,All age ranges or no breakdown by age,Total,Percentage,Not Applicable,Not Applicable,Not Applicable,Not Applicable,Ratio,Two,World Development Indicators (WDI),Annual,Units,Normal value,Public
datastructure,WB.DATA360:DS_DATA360(1.3),I,A,KWT,WB_WDI_SN_ITK_SVFI_ZS,_T,_T,_T,PT,_Z,_Z,_Z,2017,4.9,_Z,RATIO,2,WB_WDI,P1Y,0,A,PU,Annual,Kuwait,Prevalence of severe food insecurity in the population (%),Total,All age ranges or no breakdown by age,Total,Percentage,Not Applicable,Not Applicable,Not Applicable,Not Applicable,Ratio,Two,World Development Indicators (WDI),Annual,Units,Normal value,Public
datastructure,WB.DATA360:DS_DATA360(1.3),I,A,KGZ,WB_WDI_SN_ITK_SVFI_ZS,_T,_T,_T,PT,_Z,_Z,_Z,2017,0.8,_Z,RATIO,2,WB_WDI,P1Y,0,A,PU,Annual,Kyrgyz Republic,Prevalence of severe food insecurity in the population (%),Total,All age ranges or no breakdown by age,Total,Percentage,Not Applicable,Not Applicable,Not Applicable,Not Applicable,Ratio,Two,World Development Indicators (WDI),Annual,Units,Normal value,Public
datastructure,WB.DATA360:DS_DATA360(1.3),I,A,LVA,WB_WDI_SN_ITK_SVFI_ZS,_T,_T,_T,PT,_Z,_Z,_Z,2017,0.6,_Z,RATIO,2,WB_WDI,P1Y,0,A,PU,Annual,Latvia,Prevalence of severe food insecurity in the population (%),Total,All age ranges or no breakdown by age,Total,Percentage,Not Applicable,Not Applicable,Not Applicable,Not Applicable,Ratio,Two,World Development Indicators (WDI),Annual,Units,Normal value,Public
datastructure,WB.DATA360:DS_DATA360(1.3),I,A,TEA,WB_WDI_SN_ITK_SVFI_ZS,_T,_T,_T,PT,_Z,_Z,_Z,2019,1.5868177,_Z,RATIO,2,WB_WDI,P1Y,0,A,PU,Annual,East Asia & Pacific (IDA & IBRD),Prevalence of severe food insecurity in the population (%),Total,All age ranges or no breakdown by age,Total,Percentage,Not Applicable,Not Applicable,Not Applicable,Not Applicable,Ratio,Two,World Development Indicators (WDI),Annual,Units,Normal value,Public
datastructure,WB.DATA360:DS_DATA360(1.3),I,A,ECS,WB_WDI_SN_ITK_SVFI_ZS,_T,_T,_T,PT,_Z,_Z,_Z,2019,1.4853255,_Z,RATIO,2,WB_WDI,P1Y,0,A,PU,Annual,Europe & Central Asia,Prevalence of severe food insecurity in the population (%),Total,All age ranges or no breakdown by age,Total,Percentage,Not Applicable,Not Applicable,Not Applicable,Not Applicable,Ratio,Two,World Development Indicators (WDI),Annual,Units,Normal value,Public
datastructure,WB.DATA360:DS_DATA360(1.3),I,A,TEC,WB_WDI_SN_ITK_SVFI_ZS,_T,_T,_T,PT,_Z,_Z,_Z,2019,2.062977,_Z,RATIO,2,WB_WDI,P1Y,0,A,PU,Annual,Europe & Central Asia (IDA & IBRD),Prevalence of severe food insecurity in the population (%),Total,All age ranges or no breakdown by age,Total,Percentage,Not Applicable,Not Applicable,Not Applicable,Not Applicable,Ratio,Two,World Development Indicators (WDI),Annual,Units,Normal value,Public
datastructure,WB.DATA360:DS_DATA360(1.3),I,A,HIC,WB_WDI_SN_ITK_SVFI_ZS,_T,_T,_T,PT,_Z,_Z,_Z,2019,1.2723809,_Z,RATIO,2,WB_WDI,P1Y,0,A,PU,Annual,High income,Prevalence of severe food insecurity in the population (%),Total,All age ranges or no breakdown by age,Total,Percentage,Not Applicable,Not Applicable,Not Applicable,Not Applicable,Ratio,Two,World Development Indicators (WDI),Annual,Units,Normal value,Public
datastructure,WB.DATA360:DS_DATA360(1.3),I,A,IBD,WB_WDI_SN_ITK_SVFI_ZS,_T,_T,_T,PT,_Z,_Z,_Z,2019,8.3454334,_Z,RATIO,2,WB_WDI,P1Y,0,A,PU,Annual,IBRD only,Prevalence of severe food insecurity in the population (%),Total,All age ranges or no breakdown by age,Total,Percentage,Not Applicable,Not Applicable,Not Applicable,Not Applicable,Ratio,Two,World Development Indicators (WDI),Annual,Units,Normal value,Public
datastructure,WB.DATA360:DS_DATA360(1.3),I,A,IBT,WB_WDI_SN_ITK_SVFI_ZS,_T,_T,_T,PT,_Z,_Z,_Z,2019,10.3914657,_Z,RATIO,2,WB_WDI,P1Y,0,A,PU,Annual,IDA & IBRD total,Prevalence of severe food insecurity in the population (%),Total,All age ranges or no breakdown by age,Total,Percentage,Not Applicable,Not Applicable,Not Applicable,Not Applicable,Ratio,Two,World Development Indicators (WDI),Annual,Units,Normal value,Public
datastructure,WB.DATA360:DS_DATA360(1.3),I,A,IDA,WB_WDI_SN_ITK_SVFI_ZS,_T,_T,_T,PT,_Z,_Z,_Z,2019,16.0902354,_Z,RATIO,2,WB_WDI,P1Y,0,A,PU,Annual,IDA total,Prevalence of severe food insecurity in the population (%),Total,All age ranges or no breakdown by age,Total,Percentage,Not Applicable,Not Applicable,Not Applicable,Not Applicable,Ratio,Two,World Development Indicators (WDI),Annual,Units,Normal value,Public
datastructure,WB.DATA360:DS_DATA360(1.3),I,A,BFA,WB_WDI_SN_ITK_SVFI_ZS,_T,_T,_T,PT,_Z,_Z,_Z,2017,5.9,_Z,RATIO,2,WB_WDI,P1Y,0,A,PU,Annual,Burkina Faso,Prevalence of severe food insecurity in the population (%),Total,All age ranges or no breakdown by age,Total,Percentage,Not Applicable,Not Applicable,Not Applicable,Not Applicable,Ratio,Two,World Development Indicators (WDI),Annual,Units,Normal value,Public
datastructure,WB.DATA360:DS_DATA360(1.3),I,A,CPV,WB_WDI_SN_ITK_SVFI_ZS,_T,_T,_T,PT,_Z,_Z,_Z,2017,9.6,_Z,RATIO,2,WB_WDI,P1Y,0,A,PU,Annual,Cabo Verde,Prevalence of severe food insecurity in the population (%),Total,All age ranges or no breakdown by age,Total,Percentage,Not Applicable,Not Applicable,Not Applicable,Not Applicable,Ratio,Two,World Development Indicators (WDI),Annual,Units,Normal value,Public
datastructure,WB.DATA360:DS_DATA360(1.3),I,A,KHM,WB_WDI_SN_ITK_SVFI_ZS,_T,_T,_T,PT,_Z,_Z,_Z,2017,4.0,_Z,RATIO,2,WB_WDI,P1Y,0,A,PU,Annual,Cambodia,Prevalence of severe food insecurity in the population (%),Total,All age ranges or no breakdown by age,Total,Percentage,Not Applicable,Not Applicable,Not Applicable,Not Applicable,Ratio,Two,World Development Indicators (WDI),Annual,Units,Normal value,Public
datastructure,WB.DATA360:DS_DATA360(1.3),I,A,CMR,WB_WDI_SN_ITK_SVFI_ZS,_T,_T,_T,PT,_Z,_Z,_Z,2017,28.2,_Z,RATIO,2,WB_WDI,P1Y,0,A,PU,Annual,Cameroon,Prevalence of severe food insecurity in the population (%),Total,All age ranges or no breakdown by age,Total,Percentage,Not Applicable,Not Applicable,Not Applicable,Not Applicable,Ratio,Two,World Development Indicators (WDI),Annual,Units,Normal value,Public
datastructure,WB.DATA360:DS_DATA360(1.3),I,A,CAN,WB_WDI_SN_ITK_SVFI_ZS,_T,_T,_T,PT,_Z,_Z,_Z,2017,0.6,_Z,RATIO,2,WB_WDI,P1Y,0,A,PU,Annual,Canada,Prevalence of severe food insecurity in the population (%),Total,All age ranges or no breakdown by age,Total,Percentage,Not Applicable,Not Applicable,Not Applicable,Not Applicable,Ratio,Two,World Development Indicators (WDI),Annual,Units,Normal value,Public
datastructure,WB.DATA360:DS_DATA360(1.3),I,A,TCD,WB_WDI_SN_ITK_SVFI_ZS,_T,_T,_T,PT,_Z,_Z,_Z,2017,38.7,_Z,RATIO,2,WB_WDI,P1Y,0,A,PU,Annual,Chad,Prevalence of severe food insecurity in the population (%),Total,All age ranges or no breakdown by age,Total,Percentage,Not Applicable,Not Applicable,Not Applicable,Not Applicable,Ratio,Two,World Development Indicators (WDI),Annual,Units,Normal value,Public
datastructure,WB.DATA360:DS_DATA360(1.3),I,A,CHL,WB_WDI_SN_ITK_SVFI_ZS,_T,_T,_T,PT,_Z,_Z,_Z,2017,3.4,_Z,RATIO,2,WB_WDI,P1Y,0,A,PU,Annual,Chile,Prevalence of severe food insecurity in the population (%),Total,All age ranges or no breakdown by age,Total,Percentage,Not Applicable,Not Applicable,Not Applicable,Not Applicable,Ratio,Two,World Development Indicators (WDI),Annual,Units,Normal value,Public
datastructure,WB.DATA360:DS_DATA360(1.3),I,A,TCD,WB_WDI_SN_ITK_SVFI_ZS,_T,_T,_T,PT,_Z,_Z,_Z,2018,39.7,_Z,RATIO,2,WB_WDI,P1Y,0,A,PU,Annual,Chad,Prevalence of severe food insecurity in the population (%),Total,All age ranges or no breakdown by age,Total,Percentage,Not Applicable,Not Applicable,Not Applicable,Not Applicable,Ratio,Two,World Development Indicators (WDI),Annual,Units,Normal value,Public
datastructure,WB.DATA360:DS_DATA360(1.3),I,A,CHL,WB_WDI_SN_ITK_SVFI_ZS,_T,_T,_T,PT,_Z,_Z,_Z,2018,3.6,_Z,RATIO,2,WB_WDI,P1Y,0,A,PU,Annual,Chile,Prevalence of severe food insecurity in the population (%),Total,All age ranges or no breakdown by age,Total,Percentage,Not Applicable,Not Applicable,Not Applicable,Not Applicable,Ratio,Two,World Development Indicators (WDI),Annual,Units,Normal value,Public
datastructure,WB.DATA360:DS_DATA360(1.3),I,A,COL,WB_WDI_SN_ITK_SVFI_ZS,_T,_T,_T,PT,_Z,_Z,_Z,2018,4.6,_Z,RATIO,2,WB_WDI,P1Y,0,A,PU,Annual,Colombia,Prevalence of severe food insecurity in the population (%),Total,All age ranges or no breakdown by age,Total,Percentage,Not Applicable,Not Applicable,Not Applicable,Not Applicable,Ratio,Two,World Development Indicators (WDI),Annual,Units,Normal value,Public
datastructure,WB.DATA360:DS_DATA360(1.3),I,A,CRI,WB_WDI_SN_ITK_SVFI_ZS,_T,_T,_T,PT,_Z,_Z,_Z,2018,2.4,_Z,RATIO,2,WB_WDI,P1Y,0,A,PU,Annual,Costa Rica,Prevalence of severe food insecurity in the population (%),Total,All age ranges or no breakdown by age,Total,Percentage,Not Applicable,Not Applicable,Not Applicable,Not Applicable,Ratio,Two,World Development Indicators (WDI),Annual,Units,Normal value,Public
datastructure,WB.DATA360:DS_DATA360(1.3),I,A,CIV,WB_WDI_SN_ITK_SVFI_ZS,_T,_T,_T,PT,_Z,_Z,_Z,2018,9.1,_Z,RATIO,2,WB_WDI,P1Y,0,A,PU,Annual,Côte d’Ivoire,Prevalence of severe food insecurity in the population (%),Total,All age ranges or no breakdown by age,Total,Percentage,Not Applicable,Not Applicable,Not Applicable,Not Applicable,Ratio,Two,World Development Indicators (WDI),Annual,Units,Normal value,Public
datastructure,WB.DATA360:DS_DATA360(1.3),I,A,NOR,WB_WDI_SN_ITK_SVFI_ZS,_T,_T,_T,PT,_Z,_Z,_Z,2017,1.1,_Z,RATIO,2,WB_WDI,P1Y,0,A,PU,Annual,Norway,Prevalence of severe food insecurity in the population (%),Total,All age ranges or no breakdown by age,Total,Percentage,Not Applicable,Not Applicable,Not Applicable,Not Applicable,Ratio,Two,World Development Indicators (WDI),Annual,Units,Normal value,Public
datastructure,WB.DATA360:DS_DATA360(1.3),I,A,PAK,WB_WDI_SN_ITK_SVFI_ZS,_T,_T,_T,PT,_Z,_Z,_Z,2017,1.3,_Z,RATIO,2,WB_WDI,P1Y,0,A,PU,Annual,Pakistan,Prevalence of severe food insecurity in the population (%),Total,All age ranges or no breakdown by age,Total,Percentage,Not Applicable,Not Applicable,Not Applicable,Not Applicable,Ratio,Two,World Development Indicators (WDI),Annual,Units,Normal value,Public
datastructure,WB.DATA360:DS_DATA360(1.3),I,A,PNG,WB_WDI_SN_ITK_SVFI_ZS,_T,_T,_T,PT,_Z,_Z,_Z,2017,27.0,_Z,RATIO,2,WB_WDI,P1Y,0,A,PU,Annual,Papua New Guinea,Prevalence of severe food insecurity in the population (%),Total,All age ranges or no breakdown by age,Total,Percentage,Not Applicable,Not Applicable,Not Applicable,Not Applicable,Ratio,Two,World Development Indicators (WDI),Annual,Units,Normal value,Public
datastructure,WB.DATA360:DS_DATA360(1.3),I,A,PRY,WB_WDI_SN_ITK_SVFI_ZS,_T,_T,_T,PT,_Z,_Z,_Z,2017,2.6,_Z,RATIO,2,WB_WDI,P1Y,0,A,PU,Annual,Paraguay,Prevalence of severe food insecurity in the population (%),Total,All age ranges or no breakdown by age,Total,Percentage,Not Applicable,Not Applicable,Not Applicable,Not Applicable,Ratio,Two,World Development Indicators (WDI),Annual,Units,Normal value,Public
datastructure,WB.DATA360:DS_DATA360(1.3),I,A,PER,WB_WDI_SN_ITK_SVFI_ZS,_T,_T,_T,PT,_Z,_Z,_Z,2017,12.0,_Z,RATIO,2,WB_WDI,P1Y,0,A,PU,Annual,Peru,Prevalence of severe food insecurity in the population (%),Total,All age ranges or no breakdown by age,Total,Percentage,Not Applicable,Not Applicable,Not Applicable,Not Applicable,Ratio,Two,World Development Indicators (WDI),Annual,Units,Normal value,Public
datastructure,WB.DATA360:DS_DATA360(1.3),I,A,POL,WB_WDI_SN_ITK_SVFI_ZS,_T,_T,_T,PT,_Z,_Z,_Z,2017,0.7,_Z,RATIO,2,WB_WDI,P1Y,0,A,PU,Annual,Poland,Prevalence of severe food insecurity in the population (%),Total,All age ranges or no breakdown by age,Total,Percentage,Not Applicable,Not Applicable,Not Applicable,Not Applicable,Ratio,Two,World Development Indicators (WDI),Annual,Units,Normal value,Public
datastructure,WB.DATA360:DS_DATA360(1.3),I,A,LBR,WB_WDI_SN_ITK_SVFI_ZS,_T,_T,_T,PT,_Z,_Z,_Z,2017,38.3,_Z,RATIO,2,WB_WDI,P1Y,0,A,PU,Annual,Liberia,Prevalence of severe food insecurity in the population (%),Total,All age ranges or no breakdown by age,Total,Percentage,Not Applicable,Not Applicable,Not Applicable,Not Applicable,Ratio,Two,World Development Indicators (WDI),Annual,Units,Normal value,Public
datastructure,WB.DATA360:DS_DATA360(1.3),I,A,LBY,WB_WDI_SN_ITK_SVFI_ZS,_T,_T,_T,PT,_Z,_Z,_Z,2017,14.3,_Z,RATIO,2,WB_WDI,P1Y,0,A,PU,Annual,Libya,Prevalence of severe food insecurity in the population (%),Total,All age ranges or no breakdown by age,Total,Percentage,Not Applicable,Not Applicable,Not Applicable,Not Applicable,Ratio,Two,World Development Indicators (WDI),Annual,Units,Normal value,Public
datastructure,WB.DATA360:DS_DATA360(1.3),I,A,LTU,WB_WDI_SN_ITK_SVFI_ZS,_T,_T,_T,PT,_Z,_Z,_Z,2017,1.6,_Z,RATIO,2,WB_WDI,P1Y,0,A,PU,Annual,Lithuania,Prevalence of severe food insecurity in the population (%),Total,All age ranges or no breakdown by age,Total,Percentage,Not Applicable,Not Applicable,Not Applicable,Not Applicable,Ratio,Two,World Development Indicators (WDI),Annual,Units,Normal value,Public
datastructure,WB.DATA360:DS_DATA360(1.3),I,A,LUX,WB_WDI_SN_ITK_SVFI_ZS,_T,_T,_T,PT,_Z,_Z,_Z,2017,0.9,_Z,RATIO,2,WB_WDI,P1Y,0,A,PU,Annual,Luxembourg,Prevalence of severe food insecurity in the population (%),Total,All age ranges or no breakdown by age,Total,Percentage,Not Applicable,Not Applicable,Not Applicable,Not Applicable,Ratio,Two,World Development Indicators (WDI),Annual,Units,Normal value,Public
datastructure,WB.DATA360:DS_DATA360(1.3),I,A,MWI,WB_WDI_SN_ITK_SVFI_ZS,_T,_T,_T,PT,_Z,_Z,_Z,2017,49.7,_Z,RATIO,2,WB_WDI,P1Y,0,A,PU,Annual,Malawi,Prevalence of severe food insecurity in the population (%),Total,All age ranges or no breakdown by age,Total,Percentage,Not Applicable,Not Applicable,Not Applicable,Not Applicable,Ratio,Two,World Development Indicators (WDI),Annual,Units,Normal value,Public
datastructure,WB.DATA360:DS_DATA360(1.3),I,A,MYS,WB_WDI_SN_ITK_SVFI_ZS,_T,_T,_T,PT,_Z,_Z,_Z,2017,6.7,_Z,RATIO,2,WB_WDI,P1Y,0,A,PU,Annual,Malaysia,Prevalence of severe food insecurity in the population (%),Total,All age ranges or no breakdown by age,Total,Percentage,Not Applicable,Not Applicable,Not Applicable,Not Applicable,Ratio,Two,World Development Indicators (WDI),Annual,Units,Normal value,Public
datastructure,WB.DATA360:DS_DATA360(1.3),I,A,MLI,WB_WDI_SN_ITK_SVFI_ZS,_T,_T,_T,PT,_Z,_Z,_Z,2017,3.2,_Z,RATIO,2,WB_WDI,P1Y,0,A,PU,Annual,Mali,Prevalence of severe food insecurity in the population (%),Total,All age ranges or no breakdown by age,Total,Percentage,Not Applicable,Not Applicable,Not Applicable,Not Applicable,Ratio,Two,World Development Indicators (WDI),Annual,Units,Normal value,Public
datastructure,WB.DATA360:DS_DATA360(1.3),I,A,ALB,WB_WDI_SN_ITK_SVFI_ZS,_T,_T,_T,PT,_Z,_Z,_Z,2016,10.5,_Z,RATIO,2,WB_WDI,P1Y,0,A,PU,Annual,Albania,Prevalence of severe food insecurity in the population (%),Total,All age ranges or no breakdown by age,Total,Percentage,Not Applicable,Not Applicable,Not Applicable,Not Applicable,Ratio,Two,World Development Indicators (WDI),Annual,Units,Normal value,Public
datastructure,WB.DATA360:DS_DATA360(1.3),I,A,DZA,WB_WDI_SN_ITK_SVFI_ZS,_T,_T,_T,PT,_Z,_Z,_Z,2016,12.7,_Z,RATIO,2,WB_WDI,P1Y,0,A,PU,Annual,Algeria,Prevalence of severe food insecurity in the population (%),Total,All age ranges or no breakdown by age,Total,Percentage,Not Applicable,Not Applicable,Not Applicable,Not Applicable,Ratio,Two,World Development Indicators (WDI),Annual,Units,Normal value,Public
datastructure,WB.DATA360:DS_DATA360(1.3),I,A,ARG,WB_WDI_SN_ITK_SVFI_ZS,_T,_T,_T,PT,_Z,_Z,_Z,2016,8.6,_Z,RATIO,2,WB_WDI,P1Y,0,A,PU,Annual,Argentina,Prevalence of severe food insecurity in the population (%),Total,All age ranges or no breakdown by age,Total,Percentage,Not Applicable,Not Applicable,Not Applicable,Not Applicable,Ratio,Two,World Development Indicators (WDI),Annual,Units,Normal value,Public
datastructure,WB.DATA360:DS_DATA360(1.3),I,A,AUS,WB_WDI_SN_ITK_SVFI_ZS,_T,_T,_T,PT,_Z,_Z,_Z,2016,3.4,_Z,RATIO,2,WB_WDI,P1Y,0,A,PU,Annual,Australia,Prevalence of severe food insecurity in the population (%),Total,All age ranges or no breakdown by age,Total,Percentage,Not Applicable,Not Applicable,Not Applicable,Not Applicable,Ratio,Two,World Development Indicators (WDI),Annual,Units,Normal value,Public
datastructure,WB.DATA360:DS_DATA360(1.3),I,A,AUT,WB_WDI_SN_ITK_SVFI_ZS,_T,_T,_T,PT,_Z,_Z,_Z,2016,1.2,_Z,RATIO,2,WB_WDI,P1Y,0,A,PU,Annual,Austria,Prevalence of severe food insecurity in the population (%),Total,All age ranges or no breakdown by age,Total,Percentage,Not Applicable,Not Applicable,Not Applicable,Not Applicable,Ratio,Two,World Development Indicators (WDI),Annual,Units,Normal value,Public
datastructure,WB.DATA360:DS_DATA360(1.3),I,A,AZE,WB_WDI_SN_ITK_SVFI_ZS,_T,_T,_T,PT,_Z,_Z,_Z,2016,0.0,_Z,RATIO,2,WB_WDI,P1Y,0,A,PU,Annual,Azerbaijan,Prevalence of severe food insecurity in the population (%),Total,All age ranges or no breakdown by age,Total,Percentage,Not Applicable,Not Applicable,Not Applicable,Not Applicable,Ratio,Two,World Development Indicators (WDI),Annual,Units,Normal value,Public
datastructure,WB.DATA360:DS_DATA360(1.3),I,A,IBD,WB_WDI_SN_ITK_SVFI_ZS,_T,_T,_T,PT,_Z,_Z,_Z,2014,7.0518827,_Z,RATIO,2,WB_WDI,P1Y,0,A,PU,Annual,IBRD only,Prevalence of severe food insecurity in the population (%),Total,All age ranges or no breakdown by age,Total,Percentage,Not Applicable,Not Applicable,Not Applicable,Not Applicable,Ratio,Two,World Development Indicators (WDI),Annual,Units,Normal value,Public
datastructure,WB.DATA360:DS_DATA360(1.3),I,A,IBT,WB_WDI_SN_ITK_SVFI_ZS,_T,_T,_T,PT,_Z,_Z,_Z,2014,8.712101,_Z,RATIO,2,WB_WDI,P1Y,0,A,PU,Annual,IDA & IBRD total,Prevalence of severe food insecurity in the population (%),Total,All age ranges or no breakdown by age,Total,Percentage,Not Applicable,Not Applicable,Not Applicable,Not Applicable,Ratio,Two,World Development Indicators (WDI),Annual,Units,Normal value,Public
datastructure,WB.DATA360:DS_DATA360(1.3),I,A,IDA,WB_WDI_SN_ITK_SVFI_ZS,_T,_T,_T,PT,_Z,_Z,_Z,2014,13.6310563,_Z,RATIO,2,WB_WDI,P1Y,0,A,PU,Annual,IDA total,Prevalence of severe food insecurity in the population (%),Total,All age ranges or no breakdown by age,Total,Percentage,Not Applicable,Not Applicable,Not Applicable,Not Applicable,Ratio,Two,World Development Indicators (WDI),Annual,Units,Normal value,Public
datastructure,WB.DATA360:DS_DATA360(1.3),I,A,LCN,WB_WDI_SN_ITK_SVFI_ZS,_T,_T,_T,PT,_Z,_Z,_Z,2014,6.2608664,_Z,RATIO,2,WB_WDI,P1Y,0,A,PU,Annual,Latin America & Caribbean,Prevalence of severe food insecurity in the population (%),Total,All age ranges or no breakdown by age,Total,Percentage,Not Applicable,Not Applicable,Not Applicable,Not Applicable,Ratio,Two,World Development Indicators (WDI),Annual,Units,Normal value,Public
datastructure,WB.DATA360:DS_DATA360(1.3),I,A,TLA,WB_WDI_SN_ITK_SVFI_ZS,_T,_T,_T,PT,_Z,_Z,_Z,2014,5.8357571,_Z,RATIO,2,WB_WDI,P1Y,0,A,PU,Annual,Latin America & Caribbean (IDA & IBRD),Prevalence of severe food insecurity in the population (%),Total,All age ranges or no breakdown by age,Total,Percentage,Not Applicable,Not Applicable,Not Applicable,Not Applicable,Ratio,Two,World Development Indicators (WDI),Annual,Units,Normal value,Public
datastructure,WB.DATA360:DS_DATA360(1.3),I,A,LDC,WB_WDI_SN_ITK_SVFI_ZS,_T,_T,_T,PT,_Z,_Z,_Z,2014,18.1446318,_Z,RATIO,2,WB_WDI,P1Y,0,A,PU,Annual,Least developed countries: UN classification,Prevalence of severe food insecurity in the population (%),Total,All age ranges or no breakdown by age,Total,Percentage,Not Applicable,Not Applicable,Not Applicable,Not Applicable,Ratio,Two,World Development Indicators (WDI),Annual,Units,Normal value,Public
datastructure,WB.DATA360:DS_DATA360(1.3),I,A,LIC,WB_WDI_SN_ITK_SVFI_ZS,_T,_T,_T,PT,_Z,_Z,_Z,2014,21.9917793,_Z,RATIO,2,WB_WDI,P1Y,0,A,PU,Annual,Low income,Prevalence of severe food insecurity in the population (%),Total,All age ranges or no breakdown by age,Total,Percentage,Not Applicable,Not Applicable,Not Applicable,Not Applicable,Ratio,Two,World Development Indicators (WDI),Annual,Units,Normal value,Public
datastructure,WB.DATA360:DS_DATA360(1.3),I,A,LMC,WB_WDI_SN_ITK_SVFI_ZS,_T,_T,_T,PT,_Z,_Z,_Z,2014,12.7767423,_Z,RATIO,2,WB_WDI,P1Y,0,A,PU,Annual,Lower middle income,Prevalence of severe food insecurity in the population (%),Total,All age ranges or no breakdown by age,Total,Percentage,Not Applicable,Not Applicable,Not Applicable,Not Applicable,Ratio,Two,World Development Indicators (WDI),Annual,Units,Normal value,Public
datastructure,WB.DATA360:DS_DATA360(1.3),I,A,TEC,WB_WDI_SN_ITK_SVFI_ZS,_T,_T,_T,PT,_Z,_Z,_Z,2018,2.1698696,_Z,RATIO,2,WB_WDI,P1Y,0,A,PU,Annual,Europe & Central Asia (IDA & IBRD),Prevalence of severe food insecurity in the population (%),Total,All age ranges or no breakdown by age,Total,Percentage,Not Applicable,Not Applicable,Not Applicable,Not Applicable,Ratio,Two,World Development Indicators (WDI),Annual,Units,Normal value,Public
datastructure,WB.DATA360:DS_DATA360(1.3),I,A,HIC,WB_WDI_SN_ITK_SVFI_ZS,_T,_T,_T,PT,_Z,_Z,_Z,2018,1.2724914,_Z,RATIO,2,WB_WDI,P1Y,0,A,PU,Annual,High income,Prevalence of severe food insecurity in the population (%),Total,All age ranges or no breakdown by age,Total,Percentage,Not Applicable,Not Applicable,Not Applicable,Not Applicable,Ratio,Two,World Development Indicators (WDI),Annual,Units,Normal value,Public
datastructure,WB.DATA360:DS_DATA360(1.3),I,A,IBD,WB_WDI_SN_ITK_SVFI_ZS,_T,_T,_T,PT,_Z,_Z,_Z,2018,8.0832251,_Z,RATIO,2,WB_WDI,P1Y,0,A,PU,Annual,IBRD only,Prevalence of severe food insecurity in the population (%),Total,All age ranges or no breakdown by age,Total,Percentage,Not Applicable,Not Applicable,Not Applicable,Not Applicable,Ratio,Two,World Development Indicators (WDI),Annual,Units,Normal value,Public
datastructure,WB.DATA360:DS_DATA360(1.3),I,A,IBT,WB_WDI_SN_ITK_SVFI_ZS,_T,_T,_T,PT,_Z,_Z,_Z,2018,10.1397511,_Z,RATIO,2,WB_WDI,P1Y,0,A,PU,Annual,IDA & IBRD total,Prevalence of severe food insecurity in the population (%),Total,All age ranges or no breakdown by age,Total,Percentage,Not Applicable,Not Applicable,Not Applicable,Not Applicable,Ratio,Two,World Development Indicators (WDI),Annual,Units,Normal value,Public
datastructure,WB.DATA360:DS_DATA360(1.3),I,A,IDA,WB_WDI_SN_ITK_SVFI_ZS,_T,_T,_T,PT,_Z,_Z,_Z,2018,15.9503518,_Z,RATIO,2,WB_WDI,P1Y,0,A,PU,Annual,IDA total,Prevalence of severe food insecurity in the population (%),Total,All age ranges or no breakdown by age,Total,Percentage,Not Applicable,Not Applicable,Not Applicable,Not Applicable,Ratio,Two,World Development Indicators (WDI),Annual,Units,Normal value,Public
datastructure,WB.DATA360:DS_DATA360(1.3),I,A,LCN,WB_WDI_SN_ITK_SVFI_ZS,_T,_T,_T,PT,_Z,_Z,_Z,2018,7.9235471,_Z,RATIO,2,WB_WDI,P1Y,0,A,PU,Annual,Latin America & Caribbean,Prevalence of severe food insecurity in the population (%),Total,All age ranges or no breakdown by age,Total,Percentage,Not Applicable,Not Applicable,Not Applicable,Not Applicable,Ratio,Two,World Development Indicators (WDI),Annual,Units,Normal value,Public
datastructure,WB.DATA360:DS_DATA360(1.3),I,A,KHM,WB_WDI_SN_ITK_SVFI_ZS,_T,_T,_T,PT,_Z,_Z,_Z,2015,4.6,_Z,RATIO,2,WB_WDI,P1Y,0,A,PU,Annual,Cambodia,Prevalence of severe food insecurity in the population (%),Total,All age ranges or no breakdown by age,Total,Percentage,Not Applicable,Not Applicable,Not Applicable,Not Applicable,Ratio,Two,World Development Indicators (WDI),Annual,Units,Normal value,Public
datastructure,WB.DATA360:DS_DATA360(1.3),I,A,CMR,WB_WDI_SN_ITK_SVFI_ZS,_T,_T,_T,PT,_Z,_Z,_Z,2015,22.3,_Z,RATIO,2,WB_WDI,P1Y,0,A,PU,Annual,Cameroon,Prevalence of severe food insecurity in the population (%),Total,All age ranges or no breakdown by age,Total,Percentage,Not Applicable,Not Applicable,Not Applicable,Not Applicable,Ratio,Two,World Development Indicators (WDI),Annual,Units,Normal value,Public
datastructure,WB.DATA360:DS_DATA360(1.3),I,A,CAN,WB_WDI_SN_ITK_SVFI_ZS,_T,_T,_T,PT,_Z,_Z,_Z,2015,0.6,_Z,RATIO,2,WB_WDI,P1Y,0,A,PU,Annual,Canada,Prevalence of severe food insecurity in the population (%),Total,All age ranges or no breakdown by age,Total,Percentage,Not Applicable,Not Applicable,Not Applicable,Not Applicable,Ratio,Two,World Development Indicators (WDI),Annual,Units,Normal value,Public
datastructure,WB.DATA360:DS_DATA360(1.3),I,A,TCD,WB_WDI_SN_ITK_SVFI_ZS,_T,_T,_T,PT,_Z,_Z,_Z,2015,32.4,_Z,RATIO,2,WB_WDI,P1Y,0,A,PU,Annual,Chad,Prevalence of severe food insecurity in the population (%),Total,All age ranges or no breakdown by age,Total,Percentage,Not Applicable,Not Applicable,Not Applicable,Not Applicable,Ratio,Two,World Development Indicators (WDI),Annual,Units,Normal value,Public
datastructure,WB.DATA360:DS_DATA360(1.3),I,A,CHL,WB_WDI_SN_ITK_SVFI_ZS,_T,_T,_T,PT,_Z,_Z,_Z,2015,2.9,_Z,RATIO,2,WB_WDI,P1Y,0,A,PU,Annual,Chile,Prevalence of severe food insecurity in the population (%),Total,All age ranges or no breakdown by age,Total,Percentage,Not Applicable,Not Applicable,Not Applicable,Not Applicable,Ratio,Two,World Development Indicators (WDI),Annual,Units,Normal value,Public
datastructure,WB.DATA360:DS_DATA360(1.3),I,A,COL,WB_WDI_SN_ITK_SVFI_ZS,_T,_T,_T,PT,_Z,_Z,_Z,2015,4.9,_Z,RATIO,2,WB_WDI,P1Y,0,A,PU,Annual,Colombia,Prevalence of severe food insecurity in the population (%),Total,All age ranges or no breakdown by age,Total,Percentage,Not Applicable,Not Applicable,Not Applicable,Not Applicable,Ratio,Two,World Development Indicators (WDI),Annual,Units,Normal value,Public
datastructure,WB.DATA360:DS_DATA360(1.3),I,A,NPL,WB_WDI_SN_ITK_SVFI_ZS,_T,_T,_T,PT,_Z,_Z,_Z,2016,9.6,_Z,RATIO,2,WB_WDI,P1Y,0,A,PU,Annual,Nepal,Prevalence of severe food insecurity in the population (%),Total,All age ranges or no breakdown by age,Total,Percentage,Not Applicable,Not Applicable,Not Applicable,Not Applicable,Ratio,Two,World Development Indicators (WDI),Annual,Units,Normal value,Public
datastructure,WB.DATA360:DS_DATA360(1.3),I,A,NLD,WB_WDI_SN_ITK_SVFI_ZS,_T,_T,_T,PT,_Z,_Z,_Z,2016,1.7,_Z,RATIO,2,WB_WDI,P1Y,0,A,PU,Annual,Netherlands,Prevalence of severe food insecurity in the population (%),Total,All age ranges or no breakdown by age,Total,Percentage,Not Applicable,Not Applicable,Not Applicable,Not Applicable,Ratio,Two,World Development Indicators (WDI),Annual,Units,Normal value,Public
datastructure,WB.DATA360:DS_DATA360(1.3),I,A,NZL,WB_WDI_SN_ITK_SVFI_ZS,_T,_T,_T,PT,_Z,_Z,_Z,2016,3.3,_Z,RATIO,2,WB_WDI,P1Y,0,A,PU,Annual,New Zealand,Prevalence of severe food insecurity in the population (%),Total,All age ranges or no breakdown by age,Total,Percentage,Not Applicable,Not Applicable,Not Applicable,Not Applicable,Ratio,Two,World Development Indicators (WDI),Annual,Units,Normal value,Public
datastructure,WB.DATA360:DS_DATA360(1.3),I,A,NGA,WB_WDI_SN_ITK_SVFI_ZS,_T,_T,_T,PT,_Z,_Z,_Z,2016,12.3,_Z,RATIO,2,WB_WDI,P1Y,0,A,PU,Annual,Nigeria,Prevalence of severe food insecurity in the population (%),Total,All age ranges or no breakdown by age,Total,Percentage,Not Applicable,Not Applicable,Not Applicable,Not Applicable,Ratio,Two,World Development Indicators (WDI),Annual,Units,Normal value,Public
datastructure,WB.DATA360:DS_DATA360(1.3),I,A,MKD,WB_WDI_SN_ITK_SVFI_ZS,_T,_T,_T,PT,_Z,_Z,_Z,2016,3.1,_Z,RATIO,2,WB_WDI,P1Y,0,A,PU,Annual,North Macedonia,Prevalence of severe food insecurity in the population (%),Total,All age ranges or no breakdown by age,Total,Percentage,Not Applicable,Not Applicable,Not Applicable,Not Applicable,Ratio,Two,World Development Indicators (WDI),Annual,Units,Normal value,Public
datastructure,WB.DATA360:DS_DATA360(1.3),I,A,NOR,WB_WDI_SN_ITK_SVFI_ZS,_T,_T,_T,PT,_Z,_Z,_Z,2016,1.2,_Z,RATIO,2,WB_WDI,P1Y,0,A,PU,Annual,Norway,Prevalence of severe food insecurity in the population (%),Total,All age ranges or no breakdown by age,Total,Percentage,Not Applicable,Not Applicable,Not Applicable,Not Applicable,Ratio,Two,World Development Indicators (WDI),Annual,Units,Normal value,Public
datastructure,WB.DATA360:DS_DATA360(1.3),I,A,PAK,WB_WDI_SN_ITK_SVFI_ZS,_T,_T,_T,PT,_Z,_Z,_Z,2016,0.8,_Z,RATIO,2,WB_WDI,P1Y,0,A,PU,Annual,Pakistan,Prevalence of severe food insecurity in the population (%),Total,All age ranges or no breakdown by age,Total,Percentage,Not Applicable,Not Applicable,Not Applicable,Not Applicable,Ratio,Two,World Development Indicators (WDI),Annual,Units,Normal value,Public
datastructure,WB.DATA360:DS_DATA360(1.3),I,A,EGY,WB_WDI_SN_ITK_SVFI_ZS,_T,_T,_T,PT,_Z,_Z,_Z,2016,8.7,_Z,RATIO,2,WB_WDI,P1Y,0,A,PU,Annual,"Egypt, Arab Rep.",Prevalence of severe food insecurity in the population (%),Total,All age ranges or no breakdown by age,Total,Percentage,Not Applicable,Not Applicable,Not Applicable,Not Applicable,Ratio,Two,World Development Indicators (WDI),Annual,Units,Normal value,Public
datastructure,WB.DATA360:DS_DATA360(1.3),I,A,SLV,WB_WDI_SN_ITK_SVFI_ZS,_T,_T,_T,PT,_Z,_Z,_Z,2016,13.7,_Z,RATIO,2,WB_WDI,P1Y,0,A,PU,Annual,El Salvador,Prevalence of severe food insecurity in the population (%),Total,All age ranges or no breakdown by age,Total,Percentage,Not Applicable,Not Applicable,Not Applicable,Not Applicable,Ratio,Two,World Development Indicators (WDI),Annual,Units,Normal value,Public
datastructure,WB.DATA360:DS_DATA360(1.3),I,A,EST,WB_WDI_SN_ITK_SVFI_ZS,_T,_T,_T,PT,_Z,_Z,_Z,2016,0.8,_Z,RATIO,2,WB_WDI,P1Y,0,A,PU,Annual,Estonia,Prevalence of severe food insecurity in the population (%),Total,All age ranges or no breakdown by age,Total,Percentage,Not Applicable,Not Applicable,Not Applicable,Not Applicable,Ratio,Two,World Development Indicators (WDI),Annual,Units,Normal value,Public
datastructure,WB.DATA360:DS_DATA360(1.3),I,A,ETH,WB_WDI_SN_ITK_SVFI_ZS,_T,_T,_T,PT,_Z,_Z,_Z,2016,15.0,_Z,RATIO,2,WB_WDI,P1Y,0,A,PU,Annual,Ethiopia,Prevalence of severe food insecurity in the population (%),Total,All age ranges or no breakdown by age,Total,Percentage,Not Applicable,Not Applicable,Not Applicable,Not Applicable,Ratio,Two,World Development Indicators (WDI),Annual,Units,Normal value,Public
datastructure,WB.DATA360:DS_DATA360(1.3),I,A,FIN,WB_WDI_SN_ITK_SVFI_ZS,_T,_T,_T,PT,_Z,_Z,_Z,2016,2.3,_Z,RATIO,2,WB_WDI,P1Y,0,A,PU,Annual,Finland,Prevalence of severe food insecurity in the population (%),Total,All age ranges or no breakdown by age,Total,Percentage,Not Applicable,Not Applicable,Not Applicable,Not Applicable,Ratio,Two,World Development Indicators (WDI),Annual,Units,Normal value,Public
datastructure,WB.DATA360:DS_DATA360(1.3),I,A,FRA,WB_WDI_SN_ITK_SVFI_ZS,_T,_T,_T,PT,_Z,_Z,_Z,2016,1.2,_Z,RATIO,2,WB_WDI,P1Y,0,A,PU,Annual,France,Prevalence of severe food insecurity in the population (%),Total,All age ranges or no breakdown by age,Total,Percentage,Not Applicable,Not Applicable,Not Applicable,Not Applicable,Ratio,Two,World Development Indicators (WDI),Annual,Units,Normal value,Public
datastructure,WB.DATA360:DS_DATA360(1.3),I,A,RUS,WB_WDI_SN_ITK_SVFI_ZS,_T,_T,_T,PT,_Z,_Z,_Z,2016,0.7,_Z,RATIO,2,WB_WDI,P1Y,0,A,PU,Annual,Russian Federation,Prevalence of severe food insecurity in the population (%),Total,All age ranges or no breakdown by age,Total,Percentage,Not Applicable,Not Applicable,Not Applicable,Not Applicable,Ratio,Two,World Development Indicators (WDI),Annual,Units,Normal value,Public
datastructure,WB.DATA360:DS_DATA360(1.3),I,A,SEN,WB_WDI_SN_ITK_SVFI_ZS,_T,_T,_T,PT,_Z,_Z,_Z,2016,7.2,_Z,RATIO,2,WB_WDI,P1Y,0,A,PU,Annual,Senegal,Prevalence of severe food insecurity in the population (%),Total,All age ranges or no breakdown by age,Total,Percentage,Not Applicable,Not Applicable,Not Applicable,Not Applicable,Ratio,Two,World Development Indicators (WDI),Annual,Units,Normal value,Public
datastructure,WB.DATA360:DS_DATA360(1.3),I,A,SRB,WB_WDI_SN_ITK_SVFI_ZS,_T,_T,_T,PT,_Z,_Z,_Z,2016,2.3,_Z,RATIO,2,WB_WDI,P1Y,0,A,PU,Annual,Serbia,Prevalence of severe food insecurity in the population (%),Total,All age ranges or no breakdown by age,Total,Percentage,Not Applicable,Not Applicable,Not Applicable,Not Applicable,Ratio,Two,World Development Indicators (WDI),Annual,Units,Normal value,Public
datastructure,WB.DATA360:DS_DATA360(1.3),I,A,SYC,WB_WDI_SN_ITK_SVFI_ZS,_T,_T,_T,PT,_Z,_Z,_Z,2016,3.2,_Z,RATIO,2,WB_WDI,P1Y,0,A,PU,Annual,Seychelles,Prevalence of severe food insecurity in the population (%),Total,All age ranges or no breakdown by age,Total,Percentage,Not Applicable,Not Applicable,Not Applicable,Not Applicable,Ratio,Two,World Development Indicators (WDI),Annual,Units,Normal value,Public
datastructure,WB.DATA360:DS_DATA360(1.3),I,A,SLE,WB_WDI_SN_ITK_SVFI_ZS,_T,_T,_T,PT,_Z,_Z,_Z,2016,31.9,_Z,RATIO,2,WB_WDI,P1Y,0,A,PU,Annual,Sierra Leone,Prevalence of severe food insecurity in the population (%),Total,All age ranges or no breakdown by age,Total,Percentage,Not Applicable,Not Applicable,Not Applicable,Not Applicable,Ratio,Two,World Development Indicators (WDI),Annual,Units,Normal value,Public
datastructure,WB.DATA360:DS_DATA360(1.3),I,A,SGP,WB_WDI_SN_ITK_SVFI_ZS,_T,_T,_T,PT,_Z,_Z,_Z,2016,1.2,_Z,RATIO,2,WB_WDI,P1Y,0,A,PU,Annual,Singapore,Prevalence of severe food insecurity in the population (%),Total,All age ranges or no breakdown by age,Total,Percentage,Not Applicable,Not Applicable,Not Applicable,Not Applicable,Ratio,Two,World Development Indicators (WDI),Annual,Units,Normal value,Public
datastructure,WB.DATA360:DS_DATA360(1.3),I,A,ECS,WB_WDI_SN_ITK_SVFI_ZS,_T,_T,_T,PT,_Z,_Z,_Z,2015,1.8671059,_Z,RATIO,2,WB_WDI,P1Y,0,A,PU,Annual,Europe & Central Asia,Prevalence of severe food insecurity in the population (%),Total,All age ranges or no breakdown by age,Total,Percentage,Not Applicable,Not Applicable,Not Applicable,Not Applicable,Ratio,Two,World Development Indicators (WDI),Annual,Units,Normal value,Public
datastructure,WB.DATA360:DS_DATA360(1.3),I,A,TEC,WB_WDI_SN_ITK_SVFI_ZS,_T,_T,_T,PT,_Z,_Z,_Z,2015,2.3526506,_Z,RATIO,2,WB_WDI,P1Y,0,A,PU,Annual,Europe & Central Asia (IDA & IBRD),Prevalence of severe food insecurity in the population (%),Total,All age ranges or no breakdown by age,Total,Percentage,Not Applicable,Not Applicable,Not Applicable,Not Applicable,Ratio,Two,World Development Indicators (WDI),Annual,Units,Normal value,Public
datastructure,WB.DATA360:DS_DATA360(1.3),I,A,HIC,WB_WDI_SN_ITK_SVFI_ZS,_T,_T,_T,PT,_Z,_Z,_Z,2015,1.4400767,_Z,RATIO,2,WB_WDI,P1Y,0,A,PU,Annual,High income,Prevalence of severe food insecurity in the population (%),Total,All age ranges or no breakdown by age,Total,Percentage,Not Applicable,Not Applicable,Not Applicable,Not Applicable,Ratio,Two,World Development Indicators (WDI),Annual,Units,Normal value,Public
datastructure,WB.DATA360:DS_DATA360(1.3),I,A,IBD,WB_WDI_SN_ITK_SVFI_ZS,_T,_T,_T,PT,_Z,_Z,_Z,2015,6.5549728,_Z,RATIO,2,WB_WDI,P1Y,0,A,PU,Annual,IBRD only,Prevalence of severe food insecurity in the population (%),Total,All age ranges or no breakdown by age,Total,Percentage,Not Applicable,Not Applicable,Not Applicable,Not Applicable,Ratio,Two,World Development Indicators (WDI),Annual,Units,Normal value,Public
datastructure,WB.DATA360:DS_DATA360(1.3),I,A,IBT,WB_WDI_SN_ITK_SVFI_ZS,_T,_T,_T,PT,_Z,_Z,_Z,2015,8.4857894,_Z,RATIO,2,WB_WDI,P1Y,0,A,PU,Annual,IDA & IBRD total,Prevalence of severe food insecurity in the population (%),Total,All age ranges or no breakdown by age,Total,Percentage,Not Applicable,Not Applicable,Not Applicable,Not Applicable,Ratio,Two,World Development Indicators (WDI),Annual,Units,Normal value,Public
datastructure,WB.DATA360:DS_DATA360(1.3),I,A,IDA,WB_WDI_SN_ITK_SVFI_ZS,_T,_T,_T,PT,_Z,_Z,_Z,2015,14.1450812,_Z,RATIO,2,WB_WDI,P1Y,0,A,PU,Annual,IDA total,Prevalence of severe food insecurity in the population (%),Total,All age ranges or no breakdown by age,Total,Percentage,Not Applicable,Not Applicable,Not Applicable,Not Applicable,Ratio,Two,World Development Indicators (WDI),Annual,Units,Normal value,Public
datastructure,WB.DATA360:DS_DATA360(1.3),I,A,BIH,WB_WDI_SN_ITK_SVFI_ZS,_T,_T,_T,PT,_Z,_Z,_Z,2016,1.8,_Z,RATIO,2,WB_WDI,P1Y,0,A,PU,Annual,Bosnia and Herzegovina,Prevalence of severe food insecurity in the population (%),Total,All age ranges or no breakdown by age,Total,Percentage,Not Applicable,Not Applicable,Not Applicable,Not Applicable,Ratio,Two,World Development Indicators (WDI),Annual,Units,Normal value,Public
datastructure,WB.DATA360:DS_DATA360(1.3),I,A,BWA,WB_WDI_SN_ITK_SVFI_ZS,_T,_T,_T,PT,_Z,_Z,_Z,2016,21.5,_Z,RATIO,2,WB_WDI,P1Y,0,A,PU,Annual,Botswana,Prevalence of severe food insecurity in the population (%),Total,All age ranges or no breakdown by age,Total,Percentage,Not Applicable,Not Applicable,Not Applicable,Not Applicable,Ratio,Two,World Development Indicators (WDI),Annual,Units,Normal value,Public
datastructure,WB.DATA360:DS_DATA360(1.3),I,A,BRA,WB_WDI_SN_ITK_SVFI_ZS,_T,_T,_T,PT,_Z,_Z,_Z,2016,0.7,_Z,RATIO,2,WB_WDI,P1Y,0,A,PU,Annual,Brazil,Prevalence of severe food insecurity in the population (%),Total,All age ranges or no breakdown by age,Total,Percentage,Not Applicable,Not Applicable,Not Applicable,Not Applicable,Ratio,Two,World Development Indicators (WDI),Annual,Units,Normal value,Public
datastructure,WB.DATA360:DS_DATA360(1.3),I,A,BGR,WB_WDI_SN_ITK_SVFI_ZS,_T,_T,_T,PT,_Z,_Z,_Z,2016,2.4,_Z,RATIO,2,WB_WDI,P1Y,0,A,PU,Annual,Bulgaria,Prevalence of severe food insecurity in the population (%),Total,All age ranges or no breakdown by age,Total,Percentage,Not Applicable,Not Applicable,Not Applicable,Not Applicable,Ratio,Two,World Development Indicators (WDI),Annual,Units,Normal value,Public
datastructure,WB.DATA360:DS_DATA360(1.3),I,A,KHM,WB_WDI_SN_ITK_SVFI_ZS,_T,_T,_T,PT,_Z,_Z,_Z,2016,4.0,_Z,RATIO,2,WB_WDI,P1Y,0,A,PU,Annual,Cambodia,Prevalence of severe food insecurity in the population (%),Total,All age ranges or no breakdown by age,Total,Percentage,Not Applicable,Not Applicable,Not Applicable,Not Applicable,Ratio,Two,World Development Indicators (WDI),Annual,Units,Normal value,Public
datastructure,WB.DATA360:DS_DATA360(1.3),I,A,CMR,WB_WDI_SN_ITK_SVFI_ZS,_T,_T,_T,PT,_Z,_Z,_Z,2016,26.6,_Z,RATIO,2,WB_WDI,P1Y,0,A,PU,Annual,Cameroon,Prevalence of severe food insecurity in the population (%),Total,All age ranges or no breakdown by age,Total,Percentage,Not Applicable,Not Applicable,Not Applicable,Not Applicable,Ratio,Two,World Development Indicators (WDI),Annual,Units,Normal value,Public
datastructure,WB.DATA360:DS_DATA360(1.3),I,A,SWE,WB_WDI_SN_ITK_SVFI_ZS,_T,_T,_T,PT,_Z,_Z,_Z,2016,1.0,_Z,RATIO,2,WB_WDI,P1Y,0,A,PU,Annual,Sweden,Prevalence of severe food insecurity in the population (%),Total,All age ranges or no breakdown by age,Total,Percentage,Not Applicable,Not Applicable,Not Applicable,Not Applicable,Ratio,Two,World Development Indicators (WDI),Annual,Units,Normal value,Public
datastructure,WB.DATA360:DS_DATA360(1.3),I,A,CHE,WB_WDI_SN_ITK_SVFI_ZS,_T,_T,_T,PT,_Z,_Z,_Z,2016,1.3,_Z,RATIO,2,WB_WDI,P1Y,0,A,PU,Annual,Switzerland,Prevalence of severe food insecurity in the population (%),Total,All age ranges or no breakdown by age,Total,Percentage,Not Applicable,Not Applicable,Not Applicable,Not Applicable,Ratio,Two,World Development Indicators (WDI),Annual,Units,Normal value,Public
datastructure,WB.DATA360:DS_DATA360(1.3),I,A,TJK,WB_WDI_SN_ITK_SVFI_ZS,_T,_T,_T,PT,_Z,_Z,_Z,2016,7.1,_Z,RATIO,2,WB_WDI,P1Y,0,A,PU,Annual,Tajikistan,Prevalence of severe food insecurity in the population (%),Total,All age ranges or no breakdown by age,Total,Percentage,Not Applicable,Not Applicable,Not Applicable,Not Applicable,Ratio,Two,World Development Indicators (WDI),Annual,Units,Normal value,Public
datastructure,WB.DATA360:DS_DATA360(1.3),I,A,TZA,WB_WDI_SN_ITK_SVFI_ZS,_T,_T,_T,PT,_Z,_Z,_Z,2016,24.8,_Z,RATIO,2,WB_WDI,P1Y,0,A,PU,Annual,Tanzania,Prevalence of severe food insecurity in the population (%),Total,All age ranges or no breakdown by age,Total,Percentage,Not Applicable,Not Applicable,Not Applicable,Not Applicable,Ratio,Two,World Development Indicators (WDI),Annual,Units,Normal value,Public
datastructure,WB.DATA360:DS_DATA360(1.3),I,A,TGO,WB_WDI_SN_ITK_SVFI_ZS,_T,_T,_T,PT,_Z,_Z,_Z,2016,16.3,_Z,RATIO,2,WB_WDI,P1Y,0,A,PU,Annual,Togo,Prevalence of severe food insecurity in the population (%),Total,All age ranges or no breakdown by age,Total,Percentage,Not Applicable,Not Applicable,Not Applicable,Not Applicable,Ratio,Two,World Development Indicators (WDI),Annual,Units,Normal value,Public
datastructure,WB.DATA360:DS_DATA360(1.3),I,A,GRC,WB_WDI_SN_ITK_SVFI_ZS,_T,_T,_T,PT,_Z,_Z,_Z,2017,3.2,_Z,RATIO,2,WB_WDI,P1Y,0,A,PU,Annual,Greece,Prevalence of severe food insecurity in the population (%),Total,All age ranges or no breakdown by age,Total,Percentage,Not Applicable,Not Applicable,Not Applicable,Not Applicable,Ratio,Two,World Development Indicators (WDI),Annual,Units,Normal value,Public
datastructure,WB.DATA360:DS_DATA360(1.3),I,A,GRD,WB_WDI_SN_ITK_SVFI_ZS,_T,_T,_T,PT,_Z,_Z,_Z,2017,8.3,_Z,RATIO,2,WB_WDI,P1Y,0,A,PU,Annual,Grenada,Prevalence of severe food insecurity in the population (%),Total,All age ranges or no breakdown by age,Total,Percentage,Not Applicable,Not Applicable,Not Applicable,Not Applicable,Ratio,Two,World Development Indicators (WDI),Annual,Units,Normal value,Public
datastructure,WB.DATA360:DS_DATA360(1.3),I,A,GTM,WB_WDI_SN_ITK_SVFI_ZS,_T,_T,_T,PT,_Z,_Z,_Z,2017,17.1,_Z,RATIO,2,WB_WDI,P1Y,0,A,PU,Annual,Guatemala,Prevalence of severe food insecurity in the population (%),Total,All age ranges or no breakdown by age,Total,Percentage,Not Applicable,Not Applicable,Not Applicable,Not Applicable,Ratio,Two,World Development Indicators (WDI),Annual,Units,Normal value,Public
datastructure,WB.DATA360:DS_DATA360(1.3),I,A,GNB,WB_WDI_SN_ITK_SVFI_ZS,_T,_T,_T,PT,_Z,_Z,_Z,2017,8.3,_Z,RATIO,2,WB_WDI,P1Y,0,A,PU,Annual,Guinea-Bissau,Prevalence of severe food insecurity in the population (%),Total,All age ranges or no breakdown by age,Total,Percentage,Not Applicable,Not Applicable,Not Applicable,Not Applicable,Ratio,Two,World Development Indicators (WDI),Annual,Units,Normal value,Public
datastructure,WB.DATA360:DS_DATA360(1.3),I,A,HND,WB_WDI_SN_ITK_SVFI_ZS,_T,_T,_T,PT,_Z,_Z,_Z,2017,14.1,_Z,RATIO,2,WB_WDI,P1Y,0,A,PU,Annual,Honduras,Prevalence of severe food insecurity in the population (%),Total,All age ranges or no breakdown by age,Total,Percentage,Not Applicable,Not Applicable,Not Applicable,Not Applicable,Ratio,Two,World Development Indicators (WDI),Annual,Units,Normal value,Public
datastructure,WB.DATA360:DS_DATA360(1.3),I,A,HUN,WB_WDI_SN_ITK_SVFI_ZS,_T,_T,_T,PT,_Z,_Z,_Z,2017,0.9,_Z,RATIO,2,WB_WDI,P1Y,0,A,PU,Annual,Hungary,Prevalence of severe food insecurity in the population (%),Total,All age ranges or no breakdown by age,Total,Percentage,Not Applicable,Not Applicable,Not Applicable,Not Applicable,Ratio,Two,World Development Indicators (WDI),Annual,Units,Normal value,Public
datastructure,WB.DATA360:DS_DATA360(1.3),I,A,ISL,WB_WDI_SN_ITK_SVFI_ZS,_T,_T,_T,PT,_Z,_Z,_Z,2017,1.5,_Z,RATIO,2,WB_WDI,P1Y,0,A,PU,Annual,Iceland,Prevalence of severe food insecurity in the population (%),Total,All age ranges or no breakdown by age,Total,Percentage,Not Applicable,Not Applicable,Not Applicable,Not Applicable,Ratio,Two,World Development Indicators (WDI),Annual,Units,Normal value,Public
datastructure,WB.DATA360:DS_DATA360(1.3),I,A,MNG,WB_WDI_SN_ITK_SVFI_ZS,_T,_T,_T,PT,_Z,_Z,_Z,2019,0.0,_Z,RATIO,2,WB_WDI,P1Y,0,A,PU,Annual,Mongolia,Prevalence of severe food insecurity in the population (%),Total,All age ranges or no breakdown by age,Total,Percentage,Not Applicable,Not Applicable,Not Applicable,Not Applicable,Ratio,Two,World Development Indicators (WDI),Annual,Units,Normal value,Public
datastructure,WB.DATA360:DS_DATA360(1.3),I,A,MNE,WB_WDI_SN_ITK_SVFI_ZS,_T,_T,_T,PT,_Z,_Z,_Z,2019,2.8,_Z,RATIO,2,WB_WDI,P1Y,0,A,PU,Annual,Montenegro,Prevalence of severe food insecurity in the population (%),Total,All age ranges or no breakdown by age,Total,Percentage,Not Applicable,Not Applicable,Not Applicable,Not Applicable,Ratio,Two,World Development Indicators (WDI),Annual,Units,Normal value,Public
datastructure,WB.DATA360:DS_DATA360(1.3),I,A,MMR,WB_WDI_SN_ITK_SVFI_ZS,_T,_T,_T,PT,_Z,_Z,_Z,2019,1.9,_Z,RATIO,2,WB_WDI,P1Y,0,A,PU,Annual,Myanmar,Prevalence of severe food insecurity in the population (%),Total,All age ranges or no breakdown by age,Total,Percentage,Not Applicable,Not Applicable,Not Applicable,Not Applicable,Ratio,Two,World Development Indicators (WDI),Annual,Units,Normal value,Public
datastructure,WB.DATA360:DS_DATA360(1.3),I,A,NAM,WB_WDI_SN_ITK_SVFI_ZS,_T,_T,_T,PT,_Z,_Z,_Z,2019,32.1,_Z,RATIO,2,WB_WDI,P1Y,0,A,PU,Annual,Namibia,Prevalence of severe food insecurity in the population (%),Total,All age ranges or no breakdown by age,Total,Percentage,Not Applicable,Not Applicable,Not Applicable,Not Applicable,Ratio,Two,World Development Indicators (WDI),Annual,Units,Normal value,Public
datastructure,WB.DATA360:DS_DATA360(1.3),I,A,NPL,WB_WDI_SN_ITK_SVFI_ZS,_T,_T,_T,PT,_Z,_Z,_Z,2019,12.0,_Z,RATIO,2,WB_WDI,P1Y,0,A,PU,Annual,Nepal,Prevalence of severe food insecurity in the population (%),Total,All age ranges or no breakdown by age,Total,Percentage,Not Applicable,Not Applicable,Not Applicable,Not Applicable,Ratio,Two,World Development Indicators (WDI),Annual,Units,Normal value,Public
datastructure,WB.DATA360:DS_DATA360(1.3),I,A,NLD,WB_WDI_SN_ITK_SVFI_ZS,_T,_T,_T,PT,_Z,_Z,_Z,2019,1.4,_Z,RATIO,2,WB_WDI,P1Y,0,A,PU,Annual,Netherlands,Prevalence of severe food insecurity in the population (%),Total,All age ranges or no breakdown by age,Total,Percentage,Not Applicable,Not Applicable,Not Applicable,Not Applicable,Ratio,Two,World Development Indicators (WDI),Annual,Units,Normal value,Public
datastructure,WB.DATA360:DS_DATA360(1.3),I,A,NZL,WB_WDI_SN_ITK_SVFI_ZS,_T,_T,_T,PT,_Z,_Z,_Z,2019,3.9,_Z,RATIO,2,WB_WDI,P1Y,0,A,PU,Annual,New Zealand,Prevalence of severe food insecurity in the population (%),Total,All age ranges or no breakdown by age,Total,Percentage,Not Applicable,Not Applicable,Not Applicable,Not Applicable,Ratio,Two,World Development Indicators (WDI),Annual,Units,Normal value,Public
datastructure,WB.DATA360:DS_DATA360(1.3),I,A,HTI,WB_WDI_SN_ITK_SVFI_ZS,_T,_T,_T,PT,_Z,_Z,_Z,2019,48.8,_Z,RATIO,2,WB_WDI,P1Y,0,A,PU,Annual,Haiti,Prevalence of severe food insecurity in the population (%),Total,All age ranges or no breakdown by age,Total,Percentage,Not Applicable,Not Applicable,Not Applicable,Not Applicable,Ratio,Two,World Development Indicators (WDI),Annual,Units,Normal value,Public
datastructure,WB.DATA360:DS_DATA360(1.3),I,A,HND,WB_WDI_SN_ITK_SVFI_ZS,_T,_T,_T,PT,_Z,_Z,_Z,2019,14.6,_Z,RATIO,2,WB_WDI,P1Y,0,A,PU,Annual,Honduras,Prevalence of severe food insecurity in the population (%),Total,All age ranges or no breakdown by age,Total,Percentage,Not Applicable,Not Applicable,Not Applicable,Not Applicable,Ratio,Two,World Development Indicators (WDI),Annual,Units,Normal value,Public
datastructure,WB.DATA360:DS_DATA360(1.3),I,A,HUN,WB_WDI_SN_ITK_SVFI_ZS,_T,_T,_T,PT,_Z,_Z,_Z,2019,1.4,_Z,RATIO,2,WB_WDI,P1Y,0,A,PU,Annual,Hungary,Prevalence of severe food insecurity in the population (%),Total,All age ranges or no breakdown by age,Total,Percentage,Not Applicable,Not Applicable,Not Applicable,Not Applicable,Ratio,Two,World Development Indicators (WDI),Annual,Units,Normal value,Public
datastructure,WB.DATA360:DS_DATA360(1.3),I,A,ISL,WB_WDI_SN_ITK_SVFI_ZS,_T,_T,_T,PT,_Z,_Z,_Z,2019,1.5,_Z,RATIO,2,WB_WDI,P1Y,0,A,PU,Annual,Iceland,Prevalence of severe food insecurity in the population (%),Total,All age ranges or no breakdown by age,Total,Percentage,Not Applicable,Not Applicable,Not Applicable,Not Applicable,Ratio,Two,World Development Indicators (WDI),Annual,Units,Normal value,Public
datastructure,WB.DATA360:DS_DATA360(1.3),I,A,IDN,WB_WDI_SN_ITK_SVFI_ZS,_T,_T,_T,PT,_Z,_Z,_Z,2019,0.0,_Z,RATIO,2,WB_WDI,P1Y,0,A,PU,Annual,Indonesia,Prevalence of severe food insecurity in the population (%),Total,All age ranges or no breakdown by age,Total,Percentage,Not Applicable,Not Applicable,Not Applicable,Not Applicable,Ratio,Two,World Development Indicators (WDI),Annual,Units,Normal value,Public
datastructure,WB.DATA360:DS_DATA360(1.3),I,A,IRN,WB_WDI_SN_ITK_SVFI_ZS,_T,_T,_T,PT,_Z,_Z,_Z,2019,8.7,_Z,RATIO,2,WB_WDI,P1Y,0,A,PU,Annual,"Iran, Islamic Rep.",Prevalence of severe food insecurity in the population (%),Total,All age ranges or no breakdown by age,Total,Percentage,Not Applicable,Not Applicable,Not Applicable,Not Applicable,Ratio,Two,World Development Indicators (WDI),Annual,Units,Normal value,Public
datastructure,WB.DATA360:DS_DATA360(1.3),I,A,IRL,WB_WDI_SN_ITK_SVFI_ZS,_T,_T,_T,PT,_Z,_Z,_Z,2019,4.3,_Z,RATIO,2,WB_WDI,P1Y,0,A,PU,Annual,Ireland,Prevalence of severe food insecurity in the population (%),Total,All age ranges or no breakdown by age,Total,Percentage,Not Applicable,Not Applicable,Not Applicable,Not Applicable,Ratio,Two,World Development Indicators (WDI),Annual,Units,Normal value,Public
datastructure,WB.DATA360:DS_DATA360(1.3),I,A,ISR,WB_WDI_SN_ITK_SVFI_ZS,_T,_T,_T,PT,_Z,_Z,_Z,2019,1.9,_Z,RATIO,2,WB_WDI,P1Y,0,A,PU,Annual,Israel,Prevalence of severe food insecurity in the population (%),Total,All age ranges or no breakdown by age,Total,Percentage,Not Applicable,Not Applicable,Not Applicable,Not Applicable,Ratio,Two,World Development Indicators (WDI),Annual,Units,Normal value,Public
datastructure,WB.DATA360:DS_DATA360(1.3),I,A,AFG,WB_WDI_SN_ITK_SVFI_ZS,_T,_T,_T,PT,_Z,_Z,_Z,2015,14.8,_Z,RATIO,2,WB_WDI,P1Y,0,A,PU,Annual,Afghanistan,Prevalence of severe food insecurity in the population (%),Total,All age ranges or no breakdown by age,Total,Percentage,Not Applicable,Not Applicable,Not Applicable,Not Applicable,Ratio,Two,World Development Indicators (WDI),Annual,Units,Normal value,Public
datastructure,WB.DATA360:DS_DATA360(1.3),I,A,ALB,WB_WDI_SN_ITK_SVFI_ZS,_T,_T,_T,PT,_Z,_Z,_Z,2015,10.0,_Z,RATIO,2,WB_WDI,P1Y,0,A,PU,Annual,Albania,Prevalence of severe food insecurity in the population (%),Total,All age ranges or no breakdown by age,Total,Percentage,Not Applicable,Not Applicable,Not Applicable,Not Applicable,Ratio,Two,World Development Indicators (WDI),Annual,Units,Normal value,Public
datastructure,WB.DATA360:DS_DATA360(1.3),I,A,DZA,WB_WDI_SN_ITK_SVFI_ZS,_T,_T,_T,PT,_Z,_Z,_Z,2015,13.0,_Z,RATIO,2,WB_WDI,P1Y,0,A,PU,Annual,Algeria,Prevalence of severe food insecurity in the population (%),Total,All age ranges or no breakdown by age,Total,Percentage,Not Applicable,Not Applicable,Not Applicable,Not Applicable,Ratio,Two,World Development Indicators (WDI),Annual,Units,Normal value,Public
datastructure,WB.DATA360:DS_DATA360(1.3),I,A,ARG,WB_WDI_SN_ITK_SVFI_ZS,_T,_T,_T,PT,_Z,_Z,_Z,2015,5.8,_Z,RATIO,2,WB_WDI,P1Y,0,A,PU,Annual,Argentina,Prevalence of severe food insecurity in the population (%),Total,All age ranges or no breakdown by age,Total,Percentage,Not Applicable,Not Applicable,Not Applicable,Not Applicable,Ratio,Two,World Development Indicators (WDI),Annual,Units,Normal value,Public
datastructure,WB.DATA360:DS_DATA360(1.3),I,A,AUS,WB_WDI_SN_ITK_SVFI_ZS,_T,_T,_T,PT,_Z,_Z,_Z,2015,2.8,_Z,RATIO,2,WB_WDI,P1Y,0,A,PU,Annual,Australia,Prevalence of severe food insecurity in the population (%),Total,All age ranges or no breakdown by age,Total,Percentage,Not Applicable,Not Applicable,Not Applicable,Not Applicable,Ratio,Two,World Development Indicators (WDI),Annual,Units,Normal value,Public
datastructure,WB.DATA360:DS_DATA360(1.3),I,A,AUT,WB_WDI_SN_ITK_SVFI_ZS,_T,_T,_T,PT,_Z,_Z,_Z,2015,1.1,_Z,RATIO,2,WB_WDI,P1Y,0,A,PU,Annual,Austria,Prevalence of severe food insecurity in the population (%),Total,All age ranges or no breakdown by age,Total,Percentage,Not Applicable,Not Applicable,Not Applicable,Not Applicable,Ratio,Two,World Development Indicators (WDI),Annual,Units,Normal value,Public
datastructure,WB.DATA360:DS_DATA360(1.3),I,A,BEN,WB_WDI_SN_ITK_SVFI_ZS,_T,_T,_T,PT,_Z,_Z,_Z,2017,14.4,_Z,RATIO,2,WB_WDI,P1Y,0,A,PU,Annual,Benin,Prevalence of severe food insecurity in the population (%),Total,All age ranges or no breakdown by age,Total,Percentage,Not Applicable,Not Applicable,Not Applicable,Not Applicable,Ratio,Two,World Development Indicators (WDI),Annual,Units,Normal value,Public
datastructure,WB.DATA360:DS_DATA360(1.3),I,A,BIH,WB_WDI_SN_ITK_SVFI_ZS,_T,_T,_T,PT,_Z,_Z,_Z,2017,1.3,_Z,RATIO,2,WB_WDI,P1Y,0,A,PU,Annual,Bosnia and Herzegovina,Prevalence of severe food insecurity in the population (%),Total,All age ranges or no breakdown by age,Total,Percentage,Not Applicable,Not Applicable,Not Applicable,Not Applicable,Ratio,Two,World Development Indicators (WDI),Annual,Units,Normal value,Public
datastructure,WB.DATA360:DS_DATA360(1.3),I,A,BWA,WB_WDI_SN_ITK_SVFI_ZS,_T,_T,_T,PT,_Z,_Z,_Z,2017,22.8,_Z,RATIO,2,WB_WDI,P1Y,0,A,PU,Annual,Botswana,Prevalence of severe food insecurity in the population (%),Total,All age ranges or no breakdown by age,Total,Percentage,Not Applicable,Not Applicable,Not Applicable,Not Applicable,Ratio,Two,World Development Indicators (WDI),Annual,Units,Normal value,Public
datastructure,WB.DATA360:DS_DATA360(1.3),I,A,BRA,WB_WDI_SN_ITK_SVFI_ZS,_T,_T,_T,PT,_Z,_Z,_Z,2017,0.9,_Z,RATIO,2,WB_WDI,P1Y,0,A,PU,Annual,Brazil,Prevalence of severe food insecurity in the population (%),Total,All age ranges or no breakdown by age,Total,Percentage,Not Applicable,Not Applicable,Not Applicable,Not Applicable,Ratio,Two,World Development Indicators (WDI),Annual,Units,Normal value,Public
datastructure,WB.DATA360:DS_DATA360(1.3),I,A,BGR,WB_WDI_SN_ITK_SVFI_ZS,_T,_T,_T,PT,_Z,_Z,_Z,2017,2.1,_Z,RATIO,2,WB_WDI,P1Y,0,A,PU,Annual,Bulgaria,Prevalence of severe food insecurity in the population (%),Total,All age ranges or no breakdown by age,Total,Percentage,Not Applicable,Not Applicable,Not Applicable,Not Applicable,Ratio,Two,World Development Indicators (WDI),Annual,Units,Normal value,Public
datastructure,WB.DATA360:DS_DATA360(1.3),I,A,BWA,WB_WDI_SN_ITK_SVFI_ZS,_T,_T,_T,PT,_Z,_Z,_Z,2018,23.1,_Z,RATIO,2,WB_WDI,P1Y,0,A,PU,Annual,Botswana,Prevalence of severe food insecurity in the population (%),Total,All age ranges or no breakdown by age,Total,Percentage,Not Applicable,Not Applicable,Not Applicable,Not Applicable,Ratio,Two,World Development Indicators (WDI),Annual,Units,Normal value,Public
datastructure,WB.DATA360:DS_DATA360(1.3),I,A,BRA,WB_WDI_SN_ITK_SVFI_ZS,_T,_T,_T,PT,_Z,_Z,_Z,2018,1.1,_Z,RATIO,2,WB_WDI,P1Y,0,A,PU,Annual,Brazil,Prevalence of severe food insecurity in the population (%),Total,All age ranges or no breakdown by age,Total,Percentage,Not Applicable,Not Applicable,Not Applicable,Not Applicable,Ratio,Two,World Development Indicators (WDI),Annual,Units,Normal value,Public
datastructure,WB.DATA360:DS_DATA360(1.3),I,A,BGR,WB_WDI_SN_ITK_SVFI_ZS,_T,_T,_T,PT,_Z,_Z,_Z,2018,1.9,_Z,RATIO,2,WB_WDI,P1Y,0,A,PU,Annual,Bulgaria,Prevalence of severe food insecurity in the population (%),Total,All age ranges or no breakdown by age,Total,Percentage,Not Applicable,Not Applicable,Not Applicable,Not Applicable,Ratio,Two,World Development Indicators (WDI),Annual,Units,Normal value,Public
datastructure,WB.DATA360:DS_DATA360(1.3),I,A,BFA,WB_WDI_SN_ITK_SVFI_ZS,_T,_T,_T,PT,_Z,_Z,_Z,2018,6.0,_Z,RATIO,2,WB_WDI,P1Y,0,A,PU,Annual,Burkina Faso,Prevalence of severe food insecurity in the population (%),Total,All age ranges or no breakdown by age,Total,Percentage,Not Applicable,Not Applicable,Not Applicable,Not Applicable,Ratio,Two,World Development Indicators (WDI),Annual,Units,Normal value,Public
datastructure,WB.DATA360:DS_DATA360(1.3),I,A,CPV,WB_WDI_SN_ITK_SVFI_ZS,_T,_T,_T,PT,_Z,_Z,_Z,2018,8.6,_Z,RATIO,2,WB_WDI,P1Y,0,A,PU,Annual,Cabo Verde,Prevalence of severe food insecurity in the population (%),Total,All age ranges or no breakdown by age,Total,Percentage,Not Applicable,Not Applicable,Not Applicable,Not Applicable,Ratio,Two,World Development Indicators (WDI),Annual,Units,Normal value,Public
datastructure,WB.DATA360:DS_DATA360(1.3),I,A,KHM,WB_WDI_SN_ITK_SVFI_ZS,_T,_T,_T,PT,_Z,_Z,_Z,2018,3.9,_Z,RATIO,2,WB_WDI,P1Y,0,A,PU,Annual,Cambodia,Prevalence of severe food insecurity in the population (%),Total,All age ranges or no breakdown by age,Total,Percentage,Not Applicable,Not Applicable,Not Applicable,Not Applicable,Ratio,Two,World Development Indicators (WDI),Annual,Units,Normal value,Public
datastructure,WB.DATA360:DS_DATA360(1.3),I,A,CMR,WB_WDI_SN_ITK_SVFI_ZS,_T,_T,_T,PT,_Z,_Z,_Z,2018,28.1,_Z,RATIO,2,WB_WDI,P1Y,0,A,PU,Annual,Cameroon,Prevalence of severe food insecurity in the population (%),Total,All age ranges or no breakdown by age,Total,Percentage,Not Applicable,Not Applicable,Not Applicable,Not Applicable,Ratio,Two,World Development Indicators (WDI),Annual,Units,Normal value,Public
datastructure,WB.DATA360:DS_DATA360(1.3),I,A,CAN,WB_WDI_SN_ITK_SVFI_ZS,_T,_T,_T,PT,_Z,_Z,_Z,2018,0.7,_Z,RATIO,2,WB_WDI,P1Y,0,A,PU,Annual,Canada,Prevalence of severe food insecurity in the population (%),Total,All age ranges or no breakdown by age,Total,Percentage,Not Applicable,Not Applicable,Not Applicable,Not Applicable,Ratio,Two,World Development Indicators (WDI),Annual,Units,Normal value,Public
datastructure,WB.DATA360:DS_DATA360(1.3),I,A,COL,WB_WDI_SN_ITK_SVFI_ZS,_T,_T,_T,PT,_Z,_Z,_Z,2017,4.5,_Z,RATIO,2,WB_WDI,P1Y,0,A,PU,Annual,Colombia,Prevalence of severe food insecurity in the population (%),Total,All age ranges or no breakdown by age,Total,Percentage,Not Applicable,Not Applicable,Not Applicable,Not Applicable,Ratio,Two,World Development Indicators (WDI),Annual,Units,Normal value,Public
datastructure,WB.DATA360:DS_DATA360(1.3),I,A,CRI,WB_WDI_SN_ITK_SVFI_ZS,_T,_T,_T,PT,_Z,_Z,_Z,2017,2.2,_Z,RATIO,2,WB_WDI,P1Y,0,A,PU,Annual,Costa Rica,Prevalence of severe food insecurity in the population (%),Total,All age ranges or no breakdown by age,Total,Percentage,Not Applicable,Not Applicable,Not Applicable,Not Applicable,Ratio,Two,World Development Indicators (WDI),Annual,Units,Normal value,Public
datastructure,WB.DATA360:DS_DATA360(1.3),I,A,CIV,WB_WDI_SN_ITK_SVFI_ZS,_T,_T,_T,PT,_Z,_Z,_Z,2017,8.4,_Z,RATIO,2,WB_WDI,P1Y,0,A,PU,Annual,Côte d’Ivoire,Prevalence of severe food insecurity in the population (%),Total,All age ranges or no breakdown by age,Total,Percentage,Not Applicable,Not Applicable,Not Applicable,Not Applicable,Ratio,Two,World Development Indicators (WDI),Annual,Units,Normal value,Public
datastructure,WB.DATA360:DS_DATA360(1.3),I,A,HRV,WB_WDI_SN_ITK_SVFI_ZS,_T,_T,_T,PT,_Z,_Z,_Z,2017,0.8,_Z,RATIO,2,WB_WDI,P1Y,0,A,PU,Annual,Croatia,Prevalence of severe food insecurity in the population (%),Total,All age ranges or no breakdown by age,Total,Percentage,Not Applicable,Not Applicable,Not Applicable,Not Applicable,Ratio,Two,World Development Indicators (WDI),Annual,Units,Normal value,Public
datastructure,WB.DATA360:DS_DATA360(1.3),I,A,CZE,WB_WDI_SN_ITK_SVFI_ZS,_T,_T,_T,PT,_Z,_Z,_Z,2017,0.0,_Z,RATIO,2,WB_WDI,P1Y,0,A,PU,Annual,Czechia,Prevalence of severe food insecurity in the population (%),Total,All age ranges or no breakdown by age,Total,Percentage,Not Applicable,Not Applicable,Not Applicable,Not Applicable,Ratio,Two,World Development Indicators (WDI),Annual,Units,Normal value,Public
datastructure,WB.DATA360:DS_DATA360(1.3),I,A,TLA,WB_WDI_SN_ITK_SVFI_ZS,_T,_T,_T,PT,_Z,_Z,_Z,2018,7.611756,_Z,RATIO,2,WB_WDI,P1Y,0,A,PU,Annual,Latin America & Caribbean (IDA & IBRD),Prevalence of severe food insecurity in the population (%),Total,All age ranges or no breakdown by age,Total,Percentage,Not Applicable,Not Applicable,Not Applicable,Not Applicable,Ratio,Two,World Development Indicators (WDI),Annual,Units,Normal value,Public
datastructure,WB.DATA360:DS_DATA360(1.3),I,A,LDC,WB_WDI_SN_ITK_SVFI_ZS,_T,_T,_T,PT,_Z,_Z,_Z,2018,19.2468193,_Z,RATIO,2,WB_WDI,P1Y,0,A,PU,Annual,Least developed countries: UN classification,Prevalence of severe food insecurity in the population (%),Total,All age ranges or no breakdown by age,Total,Percentage,Not Applicable,Not Applicable,Not Applicable,Not Applicable,Ratio,Two,World Development Indicators (WDI),Annual,Units,Normal value,Public
datastructure,WB.DATA360:DS_DATA360(1.3),I,A,LIC,WB_WDI_SN_ITK_SVFI_ZS,_T,_T,_T,PT,_Z,_Z,_Z,2018,24.3381889,_Z,RATIO,2,WB_WDI,P1Y,0,A,PU,Annual,Low income,Prevalence of severe food insecurity in the population (%),Total,All age ranges or no breakdown by age,Total,Percentage,Not Applicable,Not Applicable,Not Applicable,Not Applicable,Ratio,Two,World Development Indicators (WDI),Annual,Units,Normal value,Public
datastructure,WB.DATA360:DS_DATA360(1.3),I,A,LMC,WB_WDI_SN_ITK_SVFI_ZS,_T,_T,_T,PT,_Z,_Z,_Z,2018,14.2642423,_Z,RATIO,2,WB_WDI,P1Y,0,A,PU,Annual,Lower middle income,Prevalence of severe food insecurity in the population (%),Total,All age ranges or no breakdown by age,Total,Percentage,Not Applicable,Not Applicable,Not Applicable,Not Applicable,Ratio,Two,World Development Indicators (WDI),Annual,Units,Normal value,Public
datastructure,WB.DATA360:DS_DATA360(1.3),I,A,MEA,WB_WDI_SN_ITK_SVFI_ZS,_T,_T,_T,PT,_Z,_Z,_Z,2018,8.4377592,_Z,RATIO,2,WB_WDI,P1Y,0,A,PU,Annual,"Middle East, North Africa, Afghanistan & Pakistan",Prevalence of severe food insecurity in the population (%),Total,All age ranges or no breakdown by age,Total,Percentage,Not Applicable,Not Applicable,Not Applicable,Not Applicable,Ratio,Two,World Development Indicators (WDI),Annual,Units,Normal value,Public
datastructure,WB.DATA360:DS_DATA360(1.3),I,A,TMN,WB_WDI_SN_ITK_SVFI_ZS,_T,_T,_T,PT,_Z,_Z,_Z,2018,8.6483512,_Z,RATIO,2,WB_WDI,P1Y,0,A,PU,Annual,"Middle East, North Africa, Afghanistan & Pakistan (IDA & IBRD)",Prevalence of severe food insecurity in the population (%),Total,All age ranges or no breakdown by age,Total,Percentage,Not Applicable,Not Applicable,Not Applicable,Not Applicable,Ratio,Two,World Development Indicators (WDI),Annual,Units,Normal value,Public
datastructure,WB.DATA360:DS_DATA360(1.3),I,A,NAC,WB_WDI_SN_ITK_SVFI_ZS,_T,_T,_T,PT,_Z,_Z,_Z,2018,0.8126191,_Z,RATIO,2,WB_WDI,P1Y,0,A,PU,Annual,North America,Prevalence of severe food insecurity in the population (%),Total,All age ranges or no breakdown by age,Total,Percentage,Not Applicable,Not Applicable,Not Applicable,Not Applicable,Ratio,Two,World Development Indicators (WDI),Annual,Units,Normal value,Public
datastructure,WB.DATA360:DS_DATA360(1.3),I,A,ETH,WB_WDI_SN_ITK_SVFI_ZS,_T,_T,_T,PT,_Z,_Z,_Z,2017,14.8,_Z,RATIO,2,WB_WDI,P1Y,0,A,PU,Annual,Ethiopia,Prevalence of severe food insecurity in the population (%),Total,All age ranges or no breakdown by age,Total,Percentage,Not Applicable,Not Applicable,Not Applicable,Not Applicable,Ratio,Two,World Development Indicators (WDI),Annual,Units,Normal value,Public
datastructure,WB.DATA360:DS_DATA360(1.3),I,A,FIN,WB_WDI_SN_ITK_SVFI_ZS,_T,_T,_T,PT,_Z,_Z,_Z,2017,2.1,_Z,RATIO,2,WB_WDI,P1Y,0,A,PU,Annual,Finland,Prevalence of severe food insecurity in the population (%),Total,All age ranges or no breakdown by age,Total,Percentage,Not Applicable,Not Applicable,Not Applicable,Not Applicable,Ratio,Two,World Development Indicators (WDI),Annual,Units,Normal value,Public
datastructure,WB.DATA360:DS_DATA360(1.3),I,A,FRA,WB_WDI_SN_ITK_SVFI_ZS,_T,_T,_T,PT,_Z,_Z,_Z,2017,0.9,_Z,RATIO,2,WB_WDI,P1Y,0,A,PU,Annual,France,Prevalence of severe food insecurity in the population (%),Total,All age ranges or no breakdown by age,Total,Percentage,Not Applicable,Not Applicable,Not Applicable,Not Applicable,Ratio,Two,World Development Indicators (WDI),Annual,Units,Normal value,Public
datastructure,WB.DATA360:DS_DATA360(1.3),I,A,GMB,WB_WDI_SN_ITK_SVFI_ZS,_T,_T,_T,PT,_Z,_Z,_Z,2017,23.6,_Z,RATIO,2,WB_WDI,P1Y,0,A,PU,Annual,"Gambia, The",Prevalence of severe food insecurity in the population (%),Total,All age ranges or no breakdown by age,Total,Percentage,Not Applicable,Not Applicable,Not Applicable,Not Applicable,Ratio,Two,World Development Indicators (WDI),Annual,Units,Normal value,Public
datastructure,WB.DATA360:DS_DATA360(1.3),I,A,GEO,WB_WDI_SN_ITK_SVFI_ZS,_T,_T,_T,PT,_Z,_Z,_Z,2017,7.5,_Z,RATIO,2,WB_WDI,P1Y,0,A,PU,Annual,Georgia,Prevalence of severe food insecurity in the population (%),Total,All age ranges or no breakdown by age,Total,Percentage,Not Applicable,Not Applicable,Not Applicable,Not Applicable,Ratio,Two,World Development Indicators (WDI),Annual,Units,Normal value,Public
datastructure,WB.DATA360:DS_DATA360(1.3),I,A,DEU,WB_WDI_SN_ITK_SVFI_ZS,_T,_T,_T,PT,_Z,_Z,_Z,2017,0.7,_Z,RATIO,2,WB_WDI,P1Y,0,A,PU,Annual,Germany,Prevalence of severe food insecurity in the population (%),Total,All age ranges or no breakdown by age,Total,Percentage,Not Applicable,Not Applicable,Not Applicable,Not Applicable,Ratio,Two,World Development Indicators (WDI),Annual,Units,Normal value,Public
datastructure,WB.DATA360:DS_DATA360(1.3),I,A,GHA,WB_WDI_SN_ITK_SVFI_ZS,_T,_T,_T,PT,_Z,_Z,_Z,2017,6.9,_Z,RATIO,2,WB_WDI,P1Y,0,A,PU,Annual,Ghana,Prevalence of severe food insecurity in the population (%),Total,All age ranges or no breakdown by age,Total,Percentage,Not Applicable,Not Applicable,Not Applicable,Not Applicable,Ratio,Two,World Development Indicators (WDI),Annual,Units,Normal value,Public
datastructure,WB.DATA360:DS_DATA360(1.3),I,A,KHM,WB_WDI_SN_ITK_SVFI_ZS,_T,_T,_T,PT,_Z,_Z,_Z,2022,4.3,_Z,RATIO,2,WB_WDI,P1Y,0,A,PU,Annual,Cambodia,Prevalence of severe food insecurity in the population (%),Total,All age ranges or no breakdown by age,Total,Percentage,Not Applicable,Not Applicable,Not Applicable,Not Applicable,Ratio,Two,World Development Indicators (WDI),Annual,Units,Normal value,Public
datastructure,WB.DATA360:DS_DATA360(1.3),I,A,CMR,WB_WDI_SN_ITK_SVFI_ZS,_T,_T,_T,PT,_Z,_Z,_Z,2022,25.4,_Z,RATIO,2,WB_WDI,P1Y,0,A,PU,Annual,Cameroon,Prevalence of severe food insecurity in the population (%),Total,All age ranges or no breakdown by age,Total,Percentage,Not Applicable,Not Applicable,Not Applicable,Not Applicable,Ratio,Two,World Development Indicators (WDI),Annual,Units,Normal value,Public
datastructure,WB.DATA360:DS_DATA360(1.3),I,A,CAN,WB_WDI_SN_ITK_SVFI_ZS,_T,_T,_T,PT,_Z,_Z,_Z,2022,1.5,_Z,RATIO,2,WB_WDI,P1Y,0,A,PU,Annual,Canada,Prevalence of severe food insecurity in the population (%),Total,All age ranges or no breakdown by age,Total,Percentage,Not Applicable,Not Applicable,Not Applicable,Not Applicable,Ratio,Two,World Development Indicators (WDI),Annual,Units,Normal value,Public
datastructure,WB.DATA360:DS_DATA360(1.3),I,A,CAF,WB_WDI_SN_ITK_SVFI_ZS,_T,_T,_T,PT,_Z,_Z,_Z,2022,56.3,_Z,RATIO,2,WB_WDI,P1Y,0,A,PU,Annual,Central African Republic,Prevalence of severe food insecurity in the population (%),Total,All age ranges or no breakdown by age,Total,Percentage,Not Applicable,Not Applicable,Not Applicable,Not Applicable,Ratio,Two,World Development Indicators (WDI),Annual,Units,Normal value,Public
datastructure,WB.DATA360:DS_DATA360(1.3),I,A,TCD,WB_WDI_SN_ITK_SVFI_ZS,_T,_T,_T,PT,_Z,_Z,_Z,2022,25.2,_Z,RATIO,2,WB_WDI,P1Y,0,A,PU,Annual,Chad,Prevalence of severe food insecurity in the population (%),Total,All age ranges or no breakdown by age,Total,Percentage,Not Applicable,Not Applicable,Not Applicable,Not Applicable,Ratio,Two,World Development Indicators (WDI),Annual,Units,Normal value,Public
datastructure,WB.DATA360:DS_DATA360(1.3),I,A,CHL,WB_WDI_SN_ITK_SVFI_ZS,_T,_T,_T,PT,_Z,_Z,_Z,2022,3.7,_Z,RATIO,2,WB_WDI,P1Y,0,A,PU,Annual,Chile,Prevalence of severe food insecurity in the population (%),Total,All age ranges or no breakdown by age,Total,Percentage,Not Applicable,Not Applicable,Not Applicable,Not Applicable,Ratio,Two,World Development Indicators (WDI),Annual,Units,Normal value,Public
datastructure,WB.DATA360:DS_DATA360(1.3),I,A,COL,WB_WDI_SN_ITK_SVFI_ZS,_T,_T,_T,PT,_Z,_Z,_Z,2022,5.3,_Z,RATIO,2,WB_WDI,P1Y,0,A,PU,Annual,Colombia,Prevalence of severe food insecurity in the population (%),Total,All age ranges or no breakdown by age,Total,Percentage,Not Applicable,Not Applicable,Not Applicable,Not Applicable,Ratio,Two,World Development Indicators (WDI),Annual,Units,Normal value,Public
datastructure,WB.DATA360:DS_DATA360(1.3),I,A,COM,WB_WDI_SN_ITK_SVFI_ZS,_T,_T,_T,PT,_Z,_Z,_Z,2022,27.4,_Z,RATIO,2,WB_WDI,P1Y,0,A,PU,Annual,Comoros,Prevalence of severe food insecurity in the population (%),Total,All age ranges or no breakdown by age,Total,Percentage,Not Applicable,Not Applicable,Not Applicable,Not Applicable,Ratio,Two,World Development Indicators (WDI),Annual,Units,Normal value,Public
datastructure,WB.DATA360:DS_DATA360(1.3),I,A,COD,WB_WDI_SN_ITK_SVFI_ZS,_T,_T,_T,PT,_Z,_Z,_Z,2022,41.7,_Z,RATIO,2,WB_WDI,P1Y,0,A,PU,Annual,"Congo, Dem. Rep.",Prevalence of severe food insecurity in the population (%),Total,All age ranges or no breakdown by age,Total,Percentage,Not Applicable,Not Applicable,Not Applicable,Not Applicable,Ratio,Two,World Development Indicators (WDI),Annual,Units,Normal value,Public
datastructure,WB.DATA360:DS_DATA360(1.3),I,A,SLV,WB_WDI_SN_ITK_SVFI_ZS,_T,_T,_T,PT,_Z,_Z,_Z,2018,14.6,_Z,RATIO,2,WB_WDI,P1Y,0,A,PU,Annual,El Salvador,Prevalence of severe food insecurity in the population (%),Total,All age ranges or no breakdown by age,Total,Percentage,Not Applicable,Not Applicable,Not Applicable,Not Applicable,Ratio,Two,World Development Indicators (WDI),Annual,Units,Normal value,Public
datastructure,WB.DATA360:DS_DATA360(1.3),I,A,EST,WB_WDI_SN_ITK_SVFI_ZS,_T,_T,_T,PT,_Z,_Z,_Z,2018,0.9,_Z,RATIO,2,WB_WDI,P1Y,0,A,PU,Annual,Estonia,Prevalence of severe food insecurity in the population (%),Total,All age ranges or no breakdown by age,Total,Percentage,Not Applicable,Not Applicable,Not Applicable,Not Applicable,Ratio,Two,World Development Indicators (WDI),Annual,Units,Normal value,Public
datastructure,WB.DATA360:DS_DATA360(1.3),I,A,ETH,WB_WDI_SN_ITK_SVFI_ZS,_T,_T,_T,PT,_Z,_Z,_Z,2018,14.1,_Z,RATIO,2,WB_WDI,P1Y,0,A,PU,Annual,Ethiopia,Prevalence of severe food insecurity in the population (%),Total,All age ranges or no breakdown by age,Total,Percentage,Not Applicable,Not Applicable,Not Applicable,Not Applicable,Ratio,Two,World Development Indicators (WDI),Annual,Units,Normal value,Public
datastructure,WB.DATA360:DS_DATA360(1.3),I,A,FIN,WB_WDI_SN_ITK_SVFI_ZS,_T,_T,_T,PT,_Z,_Z,_Z,2018,2.0,_Z,RATIO,2,WB_WDI,P1Y,0,A,PU,Annual,Finland,Prevalence of severe food insecurity in the population (%),Total,All age ranges or no breakdown by age,Total,Percentage,Not Applicable,Not Applicable,Not Applicable,Not Applicable,Ratio,Two,World Development Indicators (WDI),Annual,Units,Normal value,Public
datastructure,WB.DATA360:DS_DATA360(1.3),I,A,FRA,WB_WDI_SN_ITK_SVFI_ZS,_T,_T,_T,PT,_Z,_Z,_Z,2018,0.7,_Z,RATIO,2,WB_WDI,P1Y,0,A,PU,Annual,France,Prevalence of severe food insecurity in the population (%),Total,All age ranges or no breakdown by age,Total,Percentage,Not Applicable,Not Applicable,Not Applicable,Not Applicable,Ratio,Two,World Development Indicators (WDI),Annual,Units,Normal value,Public
datastructure,WB.DATA360:DS_DATA360(1.3),I,A,GMB,WB_WDI_SN_ITK_SVFI_ZS,_T,_T,_T,PT,_Z,_Z,_Z,2018,24.6,_Z,RATIO,2,WB_WDI,P1Y,0,A,PU,Annual,"Gambia, The",Prevalence of severe food insecurity in the population (%),Total,All age ranges or no breakdown by age,Total,Percentage,Not Applicable,Not Applicable,Not Applicable,Not Applicable,Ratio,Two,World Development Indicators (WDI),Annual,Units,Normal value,Public
datastructure,WB.DATA360:DS_DATA360(1.3),I,A,IBD,WB_WDI_SN_ITK_SVFI_ZS,_T,_T,_T,PT,_Z,_Z,_Z,2017,6.8589684,_Z,RATIO,2,WB_WDI,P1Y,0,A,PU,Annual,IBRD only,Prevalence of severe food insecurity in the population (%),Total,All age ranges or no breakdown by age,Total,Percentage,Not Applicable,Not Applicable,Not Applicable,Not Applicable,Ratio,Two,World Development Indicators (WDI),Annual,Units,Normal value,Public
datastructure,WB.DATA360:DS_DATA360(1.3),I,A,IBT,WB_WDI_SN_ITK_SVFI_ZS,_T,_T,_T,PT,_Z,_Z,_Z,2017,9.1502419,_Z,RATIO,2,WB_WDI,P1Y,0,A,PU,Annual,IDA & IBRD total,Prevalence of severe food insecurity in the population (%),Total,All age ranges or no breakdown by age,Total,Percentage,Not Applicable,Not Applicable,Not Applicable,Not Applicable,Ratio,Two,World Development Indicators (WDI),Annual,Units,Normal value,Public
datastructure,WB.DATA360:DS_DATA360(1.3),I,A,IDA,WB_WDI_SN_ITK_SVFI_ZS,_T,_T,_T,PT,_Z,_Z,_Z,2017,15.7091531,_Z,RATIO,2,WB_WDI,P1Y,0,A,PU,Annual,IDA total,Prevalence of severe food insecurity in the population (%),Total,All age ranges or no breakdown by age,Total,Percentage,Not Applicable,Not Applicable,Not Applicable,Not Applicable,Ratio,Two,World Development Indicators (WDI),Annual,Units,Normal value,Public
datastructure,WB.DATA360:DS_DATA360(1.3),I,A,LCN,WB_WDI_SN_ITK_SVFI_ZS,_T,_T,_T,PT,_Z,_Z,_Z,2017,8.2324589,_Z,RATIO,2,WB_WDI,P1Y,0,A,PU,Annual,Latin America & Caribbean,Prevalence of severe food insecurity in the population (%),Total,All age ranges or no breakdown by age,Total,Percentage,Not Applicable,Not Applicable,Not Applicable,Not Applicable,Ratio,Two,World Development Indicators (WDI),Annual,Units,Normal value,Public
datastructure,WB.DATA360:DS_DATA360(1.3),I,A,TLA,WB_WDI_SN_ITK_SVFI_ZS,_T,_T,_T,PT,_Z,_Z,_Z,2017,7.9092128,_Z,RATIO,2,WB_WDI,P1Y,0,A,PU,Annual,Latin America & Caribbean (IDA & IBRD),Prevalence of severe food insecurity in the population (%),Total,All age ranges or no breakdown by age,Total,Percentage,Not Applicable,Not Applicable,Not Applicable,Not Applicable,Ratio,Two,World Development Indicators (WDI),Annual,Units,Normal value,Public
datastructure,WB.DATA360:DS_DATA360(1.3),I,A,LDC,WB_WDI_SN_ITK_SVFI_ZS,_T,_T,_T,PT,_Z,_Z,_Z,2017,19.5892916,_Z,RATIO,2,WB_WDI,P1Y,0,A,PU,Annual,Least developed countries: UN classification,Prevalence of severe food insecurity in the population (%),Total,All age ranges or no breakdown by age,Total,Percentage,Not Applicable,Not Applicable,Not Applicable,Not Applicable,Ratio,Two,World Development Indicators (WDI),Annual,Units,Normal value,Public
datastructure,WB.DATA360:DS_DATA360(1.3),I,A,LIC,WB_WDI_SN_ITK_SVFI_ZS,_T,_T,_T,PT,_Z,_Z,_Z,2017,23.8906721,_Z,RATIO,2,WB_WDI,P1Y,0,A,PU,Annual,Low income,Prevalence of severe food insecurity in the population (%),Total,All age ranges or no breakdown by age,Total,Percentage,Not Applicable,Not Applicable,Not Applicable,Not Applicable,Ratio,Two,World Development Indicators (WDI),Annual,Units,Normal value,Public
datastructure,WB.DATA360:DS_DATA360(1.3),I,A,BEN,WB_WDI_SN_ITK_SVFI_ZS,_T,_T,_T,PT,_Z,_Z,_Z,2016,13.1,_Z,RATIO,2,WB_WDI,P1Y,0,A,PU,Annual,Benin,Prevalence of severe food insecurity in the population (%),Total,All age ranges or no breakdown by age,Total,Percentage,Not Applicable,Not Applicable,Not Applicable,Not Applicable,Ratio,Two,World Development Indicators (WDI),Annual,Units,Normal value,Public
datastructure,WB.DATA360:DS_DATA360(1.3),I,A,MMR,WB_WDI_SN_ITK_SVFI_ZS,_T,_T,_T,PT,_Z,_Z,_Z,2020,3.7,_Z,RATIO,2,WB_WDI,P1Y,0,A,PU,Annual,Myanmar,Prevalence of severe food insecurity in the population (%),Total,All age ranges or no breakdown by age,Total,Percentage,Not Applicable,Not Applicable,Not Applicable,Not Applicable,Ratio,Two,World Development Indicators (WDI),Annual,Units,Normal value,Public
datastructure,WB.DATA360:DS_DATA360(1.3),I,A,NAM,WB_WDI_SN_ITK_SVFI_ZS,_T,_T,_T,PT,_Z,_Z,_Z,2020,32.6,_Z,RATIO,2,WB_WDI,P1Y,0,A,PU,Annual,Namibia,Prevalence of severe food insecurity in the population (%),Total,All age ranges or no breakdown by age,Total,Percentage,Not Applicable,Not Applicable,Not Applicable,Not Applicable,Ratio,Two,World Development Indicators (WDI),Annual,Units,Normal value,Public
datastructure,WB.DATA360:DS_DATA360(1.3),I,A,NRU,WB_WDI_SN_ITK_SVFI_ZS,_T,_T,_T,PT,_Z,_Z,_Z,2020,9.2,_Z,RATIO,2,WB_WDI,P1Y,0,A,PU,Annual,Nauru,Prevalence of severe food insecurity in the population (%),Total,All age ranges or no breakdown by age,Total,Percentage,Not Applicable,Not Applicable,Not Applicable,Not Applicable,Ratio,Two,World Development Indicators (WDI),Annual,Units,Normal value,Public
datastructure,WB.DATA360:DS_DATA360(1.3),I,A,NPL,WB_WDI_SN_ITK_SVFI_ZS,_T,_T,_T,PT,_Z,_Z,_Z,2020,13.6,_Z,RATIO,2,WB_WDI,P1Y,0,A,PU,Annual,Nepal,Prevalence of severe food insecurity in the population (%),Total,All age ranges or no breakdown by age,Total,Percentage,Not Applicable,Not Applicable,Not Applicable,Not Applicable,Ratio,Two,World Development Indicators (WDI),Annual,Units,Normal value,Public
datastructure,WB.DATA360:DS_DATA360(1.3),I,A,NLD,WB_WDI_SN_ITK_SVFI_ZS,_T,_T,_T,PT,_Z,_Z,_Z,2020,1.4,_Z,RATIO,2,WB_WDI,P1Y,0,A,PU,Annual,Netherlands,Prevalence of severe food insecurity in the population (%),Total,All age ranges or no breakdown by age,Total,Percentage,Not Applicable,Not Applicable,Not Applicable,Not Applicable,Ratio,Two,World Development Indicators (WDI),Annual,Units,Normal value,Public
datastructure,WB.DATA360:DS_DATA360(1.3),I,A,NZL,WB_WDI_SN_ITK_SVFI_ZS,_T,_T,_T,PT,_Z,_Z,_Z,2020,3.5,_Z,RATIO,2,WB_WDI,P1Y,0,A,PU,Annual,New Zealand,Prevalence of severe food insecurity in the population (%),Total,All age ranges or no breakdown by age,Total,Percentage,Not Applicable,Not Applicable,Not Applicable,Not Applicable,Ratio,Two,World Development Indicators (WDI),Annual,Units,Normal value,Public
datastructure,WB.DATA360:DS_DATA360(1.3),I,A,NER,WB_WDI_SN_ITK_SVFI_ZS,_T,_T,_T,PT,_Z,_Z,_Z,2020,8.3,_Z,RATIO,2,WB_WDI,P1Y,0,A,PU,Annual,Niger,Prevalence of severe food insecurity in the population (%),Total,All age ranges or no breakdown by age,Total,Percentage,Not Applicable,Not Applicable,Not Applicable,Not Applicable,Ratio,Two,World Development Indicators (WDI),Annual,Units,Normal value,Public
datastructure,WB.DATA360:DS_DATA360(1.3),I,A,NGA,WB_WDI_SN_ITK_SVFI_ZS,_T,_T,_T,PT,_Z,_Z,_Z,2020,19.8,_Z,RATIO,2,WB_WDI,P1Y,0,A,PU,Annual,Nigeria,Prevalence of severe food insecurity in the population (%),Total,All age ranges or no breakdown by age,Total,Percentage,Not Applicable,Not Applicable,Not Applicable,Not Applicable,Ratio,Two,World Development Indicators (WDI),Annual,Units,Normal value,Public
datastructure,WB.DATA360:DS_DATA360(1.3),I,A,NER,WB_WDI_SN_ITK_SVFI_ZS,_T,_T,_T,PT,_Z,_Z,_Z,2019,9.2,_Z,RATIO,2,WB_WDI,P1Y,0,A,PU,Annual,Niger,Prevalence of severe food insecurity in the population (%),Total,All age ranges or no breakdown by age,Total,Percentage,Not Applicable,Not Applicable,Not Applicable,Not Applicable,Ratio,Two,World Development Indicators (WDI),Annual,Units,Normal value,Public
datastructure,WB.DATA360:DS_DATA360(1.3),I,A,NGA,WB_WDI_SN_ITK_SVFI_ZS,_T,_T,_T,PT,_Z,_Z,_Z,2019,17.3,_Z,RATIO,2,WB_WDI,P1Y,0,A,PU,Annual,Nigeria,Prevalence of severe food insecurity in the population (%),Total,All age ranges or no breakdown by age,Total,Percentage,Not Applicable,Not Applicable,Not Applicable,Not Applicable,Ratio,Two,World Development Indicators (WDI),Annual,Units,Normal value,Public
datastructure,WB.DATA360:DS_DATA360(1.3),I,A,MKD,WB_WDI_SN_ITK_SVFI_ZS,_T,_T,_T,PT,_Z,_Z,_Z,2019,5.0,_Z,RATIO,2,WB_WDI,P1Y,0,A,PU,Annual,North Macedonia,Prevalence of severe food insecurity in the population (%),Total,All age ranges or no breakdown by age,Total,Percentage,Not Applicable,Not Applicable,Not Applicable,Not Applicable,Ratio,Two,World Development Indicators (WDI),Annual,Units,Normal value,Public
datastructure,WB.DATA360:DS_DATA360(1.3),I,A,NOR,WB_WDI_SN_ITK_SVFI_ZS,_T,_T,_T,PT,_Z,_Z,_Z,2019,1.0,_Z,RATIO,2,WB_WDI,P1Y,0,A,PU,Annual,Norway,Prevalence of severe food insecurity in the population (%),Total,All age ranges or no breakdown by age,Total,Percentage,Not Applicable,Not Applicable,Not Applicable,Not Applicable,Ratio,Two,World Development Indicators (WDI),Annual,Units,Normal value,Public
datastructure,WB.DATA360:DS_DATA360(1.3),I,A,PAK,WB_WDI_SN_ITK_SVFI_ZS,_T,_T,_T,PT,_Z,_Z,_Z,2019,4.8,_Z,RATIO,2,WB_WDI,P1Y,0,A,PU,Annual,Pakistan,Prevalence of severe food insecurity in the population (%),Total,All age ranges or no breakdown by age,Total,Percentage,Not Applicable,Not Applicable,Not Applicable,Not Applicable,Ratio,Two,World Development Indicators (WDI),Annual,Units,Normal value,Public
datastructure,WB.DATA360:DS_DATA360(1.3),I,A,PNG,WB_WDI_SN_ITK_SVFI_ZS,_T,_T,_T,PT,_Z,_Z,_Z,2019,27.0,_Z,RATIO,2,WB_WDI,P1Y,0,A,PU,Annual,Papua New Guinea,Prevalence of severe food insecurity in the population (%),Total,All age ranges or no breakdown by age,Total,Percentage,Not Applicable,Not Applicable,Not Applicable,Not Applicable,Ratio,Two,World Development Indicators (WDI),Annual,Units,Normal value,Public
datastructure,WB.DATA360:DS_DATA360(1.3),I,A,PRY,WB_WDI_SN_ITK_SVFI_ZS,_T,_T,_T,PT,_Z,_Z,_Z,2019,5.2,_Z,RATIO,2,WB_WDI,P1Y,0,A,PU,Annual,Paraguay,Prevalence of severe food insecurity in the population (%),Total,All age ranges or no breakdown by age,Total,Percentage,Not Applicable,Not Applicable,Not Applicable,Not Applicable,Ratio,Two,World Development Indicators (WDI),Annual,Units,Normal value,Public
datastructure,WB.DATA360:DS_DATA360(1.3),I,A,LKA,WB_WDI_SN_ITK_SVFI_ZS,_T,_T,_T,PT,_Z,_Z,_Z,2017,0.6,_Z,RATIO,2,WB_WDI,P1Y,0,A,PU,Annual,Sri Lanka,Prevalence of severe food insecurity in the population (%),Total,All age ranges or no breakdown by age,Total,Percentage,Not Applicable,Not Applicable,Not Applicable,Not Applicable,Ratio,Two,World Development Indicators (WDI),Annual,Units,Normal value,Public
datastructure,WB.DATA360:DS_DATA360(1.3),I,A,LCA,WB_WDI_SN_ITK_SVFI_ZS,_T,_T,_T,PT,_Z,_Z,_Z,2017,4.5,_Z,RATIO,2,WB_WDI,P1Y,0,A,PU,Annual,St. Lucia,Prevalence of severe food insecurity in the population (%),Total,All age ranges or no breakdown by age,Total,Percentage,Not Applicable,Not Applicable,Not Applicable,Not Applicable,Ratio,Two,World Development Indicators (WDI),Annual,Units,Normal value,Public
datastructure,WB.DATA360:DS_DATA360(1.3),I,A,VCT,WB_WDI_SN_ITK_SVFI_ZS,_T,_T,_T,PT,_Z,_Z,_Z,2017,10.3,_Z,RATIO,2,WB_WDI,P1Y,0,A,PU,Annual,St. Vincent and the Grenadines,Prevalence of severe food insecurity in the population (%),Total,All age ranges or no breakdown by age,Total,Percentage,Not Applicable,Not Applicable,Not Applicable,Not Applicable,Ratio,Two,World Development Indicators (WDI),Annual,Units,Normal value,Public
datastructure,WB.DATA360:DS_DATA360(1.3),I,A,SWE,WB_WDI_SN_ITK_SVFI_ZS,_T,_T,_T,PT,_Z,_Z,_Z,2017,1.0,_Z,RATIO,2,WB_WDI,P1Y,0,A,PU,Annual,Sweden,Prevalence of severe food insecurity in the population (%),Total,All age ranges or no breakdown by age,Total,Percentage,Not Applicable,Not Applicable,Not Applicable,Not Applicable,Ratio,Two,World Development Indicators (WDI),Annual,Units,Normal value,Public
datastructure,WB.DATA360:DS_DATA360(1.3),I,A,CHE,WB_WDI_SN_ITK_SVFI_ZS,_T,_T,_T,PT,_Z,_Z,_Z,2017,0.8,_Z,RATIO,2,WB_WDI,P1Y,0,A,PU,Annual,Switzerland,Prevalence of severe food insecurity in the population (%),Total,All age ranges or no breakdown by age,Total,Percentage,Not Applicable,Not Applicable,Not Applicable,Not Applicable,Ratio,Two,World Development Indicators (WDI),Annual,Units,Normal value,Public
datastructure,WB.DATA360:DS_DATA360(1.3),I,A,TJK,WB_WDI_SN_ITK_SVFI_ZS,_T,_T,_T,PT,_Z,_Z,_Z,2017,8.6,_Z,RATIO,2,WB_WDI,P1Y,0,A,PU,Annual,Tajikistan,Prevalence of severe food insecurity in the population (%),Total,All age ranges or no breakdown by age,Total,Percentage,Not Applicable,Not Applicable,Not Applicable,Not Applicable,Ratio,Two,World Development Indicators (WDI),Annual,Units,Normal value,Public
datastructure,WB.DATA360:DS_DATA360(1.3),I,A,TZA,WB_WDI_SN_ITK_SVFI_ZS,_T,_T,_T,PT,_Z,_Z,_Z,2017,25.6,_Z,RATIO,2,WB_WDI,P1Y,0,A,PU,Annual,Tanzania,Prevalence of severe food insecurity in the population (%),Total,All age ranges or no breakdown by age,Total,Percentage,Not Applicable,Not Applicable,Not Applicable,Not Applicable,Ratio,Two,World Development Indicators (WDI),Annual,Units,Normal value,Public
datastructure,WB.DATA360:DS_DATA360(1.3),I,A,SEN,WB_WDI_SN_ITK_SVFI_ZS,_T,_T,_T,PT,_Z,_Z,_Z,2018,6.8,_Z,RATIO,2,WB_WDI,P1Y,0,A,PU,Annual,Senegal,Prevalence of severe food insecurity in the population (%),Total,All age ranges or no breakdown by age,Total,Percentage,Not Applicable,Not Applicable,Not Applicable,Not Applicable,Ratio,Two,World Development Indicators (WDI),Annual,Units,Normal value,Public
datastructure,WB.DATA360:DS_DATA360(1.3),I,A,SRB,WB_WDI_SN_ITK_SVFI_ZS,_T,_T,_T,PT,_Z,_Z,_Z,2018,2.0,_Z,RATIO,2,WB_WDI,P1Y,0,A,PU,Annual,Serbia,Prevalence of severe food insecurity in the population (%),Total,All age ranges or no breakdown by age,Total,Percentage,Not Applicable,Not Applicable,Not Applicable,Not Applicable,Ratio,Two,World Development Indicators (WDI),Annual,Units,Normal value,Public
datastructure,WB.DATA360:DS_DATA360(1.3),I,A,SLE,WB_WDI_SN_ITK_SVFI_ZS,_T,_T,_T,PT,_Z,_Z,_Z,2018,32.4,_Z,RATIO,2,WB_WDI,P1Y,0,A,PU,Annual,Sierra Leone,Prevalence of severe food insecurity in the population (%),Total,All age ranges or no breakdown by age,Total,Percentage,Not Applicable,Not Applicable,Not Applicable,Not Applicable,Ratio,Two,World Development Indicators (WDI),Annual,Units,Normal value,Public
datastructure,WB.DATA360:DS_DATA360(1.3),I,A,SGP,WB_WDI_SN_ITK_SVFI_ZS,_T,_T,_T,PT,_Z,_Z,_Z,2018,1.4,_Z,RATIO,2,WB_WDI,P1Y,0,A,PU,Annual,Singapore,Prevalence of severe food insecurity in the population (%),Total,All age ranges or no breakdown by age,Total,Percentage,Not Applicable,Not Applicable,Not Applicable,Not Applicable,Ratio,Two,World Development Indicators (WDI),Annual,Units,Normal value,Public
datastructure,WB.DATA360:DS_DATA360(1.3),I,A,SVK,WB_WDI_SN_ITK_SVFI_ZS,_T,_T,_T,PT,_Z,_Z,_Z,2018,0.8,_Z,RATIO,2,WB_WDI,P1Y,0,A,PU,Annual,Slovak Republic,Prevalence of severe food insecurity in the population (%),Total,All age ranges or no breakdown by age,Total,Percentage,Not Applicable,Not Applicable,Not Applicable,Not Applicable,Ratio,Two,World Development Indicators (WDI),Annual,Units,Normal value,Public
datastructure,WB.DATA360:DS_DATA360(1.3),I,A,SVN,WB_WDI_SN_ITK_SVFI_ZS,_T,_T,_T,PT,_Z,_Z,_Z,2018,0.0,_Z,RATIO,2,WB_WDI,P1Y,0,A,PU,Annual,Slovenia,Prevalence of severe food insecurity in the population (%),Total,All age ranges or no breakdown by age,Total,Percentage,Not Applicable,Not Applicable,Not Applicable,Not Applicable,Ratio,Two,World Development Indicators (WDI),Annual,Units,Normal value,Public
datastructure,WB.DATA360:DS_DATA360(1.3),I,A,BIH,WB_WDI_SN_ITK_SVFI_ZS,_T,_T,_T,PT,_Z,_Z,_Z,2019,1.9,_Z,RATIO,2,WB_WDI,P1Y,0,A,PU,Annual,Bosnia and Herzegovina,Prevalence of severe food insecurity in the population (%),Total,All age ranges or no breakdown by age,Total,Percentage,Not Applicable,Not Applicable,Not Applicable,Not Applicable,Ratio,Two,World Development Indicators (WDI),Annual,Units,Normal value,Public
datastructure,WB.DATA360:DS_DATA360(1.3),I,A,BWA,WB_WDI_SN_ITK_SVFI_ZS,_T,_T,_T,PT,_Z,_Z,_Z,2019,23.7,_Z,RATIO,2,WB_WDI,P1Y,0,A,PU,Annual,Botswana,Prevalence of severe food insecurity in the population (%),Total,All age ranges or no breakdown by age,Total,Percentage,Not Applicable,Not Applicable,Not Applicable,Not Applicable,Ratio,Two,World Development Indicators (WDI),Annual,Units,Normal value,Public
datastructure,WB.DATA360:DS_DATA360(1.3),I,A,BRA,WB_WDI_SN_ITK_SVFI_ZS,_T,_T,_T,PT,_Z,_Z,_Z,2019,3.1,_Z,RATIO,2,WB_WDI,P1Y,0,A,PU,Annual,Brazil,Prevalence of severe food insecurity in the population (%),Total,All age ranges or no breakdown by age,Total,Percentage,Not Applicable,Not Applicable,Not Applicable,Not Applicable,Ratio,Two,World Development Indicators (WDI),Annual,Units,Normal value,Public
datastructure,WB.DATA360:DS_DATA360(1.3),I,A,BGR,WB_WDI_SN_ITK_SVFI_ZS,_T,_T,_T,PT,_Z,_Z,_Z,2019,2.4,_Z,RATIO,2,WB_WDI,P1Y,0,A,PU,Annual,Bulgaria,Prevalence of severe food insecurity in the population (%),Total,All age ranges or no breakdown by age,Total,Percentage,Not Applicable,Not Applicable,Not Applicable,Not Applicable,Ratio,Two,World Development Indicators (WDI),Annual,Units,Normal value,Public
datastructure,WB.DATA360:DS_DATA360(1.3),I,A,BFA,WB_WDI_SN_ITK_SVFI_ZS,_T,_T,_T,PT,_Z,_Z,_Z,2019,6.3,_Z,RATIO,2,WB_WDI,P1Y,0,A,PU,Annual,Burkina Faso,Prevalence of severe food insecurity in the population (%),Total,All age ranges or no breakdown by age,Total,Percentage,Not Applicable,Not Applicable,Not Applicable,Not Applicable,Ratio,Two,World Development Indicators (WDI),Annual,Units,Normal value,Public
datastructure,WB.DATA360:DS_DATA360(1.3),I,A,CPV,WB_WDI_SN_ITK_SVFI_ZS,_T,_T,_T,PT,_Z,_Z,_Z,2019,7.6,_Z,RATIO,2,WB_WDI,P1Y,0,A,PU,Annual,Cabo Verde,Prevalence of severe food insecurity in the population (%),Total,All age ranges or no breakdown by age,Total,Percentage,Not Applicable,Not Applicable,Not Applicable,Not Applicable,Ratio,Two,World Development Indicators (WDI),Annual,Units,Normal value,Public
datastructure,WB.DATA360:DS_DATA360(1.3),I,A,KHM,WB_WDI_SN_ITK_SVFI_ZS,_T,_T,_T,PT,_Z,_Z,_Z,2019,4.0,_Z,RATIO,2,WB_WDI,P1Y,0,A,PU,Annual,Cambodia,Prevalence of severe food insecurity in the population (%),Total,All age ranges or no breakdown by age,Total,Percentage,Not Applicable,Not Applicable,Not Applicable,Not Applicable,Ratio,Two,World Development Indicators (WDI),Annual,Units,Normal value,Public
datastructure,WB.DATA360:DS_DATA360(1.3),I,A,CMR,WB_WDI_SN_ITK_SVFI_ZS,_T,_T,_T,PT,_Z,_Z,_Z,2019,27.3,_Z,RATIO,2,WB_WDI,P1Y,0,A,PU,Annual,Cameroon,Prevalence of severe food insecurity in the population (%),Total,All age ranges or no breakdown by age,Total,Percentage,Not Applicable,Not Applicable,Not Applicable,Not Applicable,Ratio,Two,World Development Indicators (WDI),Annual,Units,Normal value,Public
datastructure,WB.DATA360:DS_DATA360(1.3),I,A,KWT,WB_WDI_SN_ITK_SVFI_ZS,_T,_T,_T,PT,_Z,_Z,_Z,2016,4.9,_Z,RATIO,2,WB_WDI,P1Y,0,A,PU,Annual,Kuwait,Prevalence of severe food insecurity in the population (%),Total,All age ranges or no breakdown by age,Total,Percentage,Not Applicable,Not Applicable,Not Applicable,Not Applicable,Ratio,Two,World Development Indicators (WDI),Annual,Units,Normal value,Public
datastructure,WB.DATA360:DS_DATA360(1.3),I,A,LVA,WB_WDI_SN_ITK_SVFI_ZS,_T,_T,_T,PT,_Z,_Z,_Z,2016,0.6,_Z,RATIO,2,WB_WDI,P1Y,0,A,PU,Annual,Latvia,Prevalence of severe food insecurity in the population (%),Total,All age ranges or no breakdown by age,Total,Percentage,Not Applicable,Not Applicable,Not Applicable,Not Applicable,Ratio,Two,World Development Indicators (WDI),Annual,Units,Normal value,Public
datastructure,WB.DATA360:DS_DATA360(1.3),I,A,LBR,WB_WDI_SN_ITK_SVFI_ZS,_T,_T,_T,PT,_Z,_Z,_Z,2016,38.4,_Z,RATIO,2,WB_WDI,P1Y,0,A,PU,Annual,Liberia,Prevalence of severe food insecurity in the population (%),Total,All age ranges or no breakdown by age,Total,Percentage,Not Applicable,Not Applicable,Not Applicable,Not Applicable,Ratio,Two,World Development Indicators (WDI),Annual,Units,Normal value,Public
datastructure,WB.DATA360:DS_DATA360(1.3),I,A,LBY,WB_WDI_SN_ITK_SVFI_ZS,_T,_T,_T,PT,_Z,_Z,_Z,2016,12.4,_Z,RATIO,2,WB_WDI,P1Y,0,A,PU,Annual,Libya,Prevalence of severe food insecurity in the population (%),Total,All age ranges or no breakdown by age,Total,Percentage,Not Applicable,Not Applicable,Not Applicable,Not Applicable,Ratio,Two,World Development Indicators (WDI),Annual,Units,Normal value,Public
datastructure,WB.DATA360:DS_DATA360(1.3),I,A,LTU,WB_WDI_SN_ITK_SVFI_ZS,_T,_T,_T,PT,_Z,_Z,_Z,2016,2.0,_Z,RATIO,2,WB_WDI,P1Y,0,A,PU,Annual,Lithuania,Prevalence of severe food insecurity in the population (%),Total,All age ranges or no breakdown by age,Total,Percentage,Not Applicable,Not Applicable,Not Applicable,Not Applicable,Ratio,Two,World Development Indicators (WDI),Annual,Units,Normal value,Public
datastructure,WB.DATA360:DS_DATA360(1.3),I,A,LUX,WB_WDI_SN_ITK_SVFI_ZS,_T,_T,_T,PT,_Z,_Z,_Z,2016,1.4,_Z,RATIO,2,WB_WDI,P1Y,0,A,PU,Annual,Luxembourg,Prevalence of severe food insecurity in the population (%),Total,All age ranges or no breakdown by age,Total,Percentage,Not Applicable,Not Applicable,Not Applicable,Not Applicable,Ratio,Two,World Development Indicators (WDI),Annual,Units,Normal value,Public
datastructure,WB.DATA360:DS_DATA360(1.3),I,A,CIV,WB_WDI_SN_ITK_SVFI_ZS,_T,_T,_T,PT,_Z,_Z,_Z,2016,7.5,_Z,RATIO,2,WB_WDI,P1Y,0,A,PU,Annual,Côte d’Ivoire,Prevalence of severe food insecurity in the population (%),Total,All age ranges or no breakdown by age,Total,Percentage,Not Applicable,Not Applicable,Not Applicable,Not Applicable,Ratio,Two,World Development Indicators (WDI),Annual,Units,Normal value,Public
datastructure,WB.DATA360:DS_DATA360(1.3),I,A,HRV,WB_WDI_SN_ITK_SVFI_ZS,_T,_T,_T,PT,_Z,_Z,_Z,2016,0.6,_Z,RATIO,2,WB_WDI,P1Y,0,A,PU,Annual,Croatia,Prevalence of severe food insecurity in the population (%),Total,All age ranges or no breakdown by age,Total,Percentage,Not Applicable,Not Applicable,Not Applicable,Not Applicable,Ratio,Two,World Development Indicators (WDI),Annual,Units,Normal value,Public
datastructure,WB.DATA360:DS_DATA360(1.3),I,A,CZE,WB_WDI_SN_ITK_SVFI_ZS,_T,_T,_T,PT,_Z,_Z,_Z,2016,0.0,_Z,RATIO,2,WB_WDI,P1Y,0,A,PU,Annual,Czechia,Prevalence of severe food insecurity in the population (%),Total,All age ranges or no breakdown by age,Total,Percentage,Not Applicable,Not Applicable,Not Applicable,Not Applicable,Ratio,Two,World Development Indicators (WDI),Annual,Units,Normal value,Public
datastructure,WB.DATA360:DS_DATA360(1.3),I,A,DNK,WB_WDI_SN_ITK_SVFI_ZS,_T,_T,_T,PT,_Z,_Z,_Z,2016,1.1,_Z,RATIO,2,WB_WDI,P1Y,0,A,PU,Annual,Denmark,Prevalence of severe food insecurity in the population (%),Total,All age ranges or no breakdown by age,Total,Percentage,Not Applicable,Not Applicable,Not Applicable,Not Applicable,Ratio,Two,World Development Indicators (WDI),Annual,Units,Normal value,Public
datastructure,WB.DATA360:DS_DATA360(1.3),I,A,DOM,WB_WDI_SN_ITK_SVFI_ZS,_T,_T,_T,PT,_Z,_Z,_Z,2016,23.7,_Z,RATIO,2,WB_WDI,P1Y,0,A,PU,Annual,Dominican Republic,Prevalence of severe food insecurity in the population (%),Total,All age ranges or no breakdown by age,Total,Percentage,Not Applicable,Not Applicable,Not Applicable,Not Applicable,Ratio,Two,World Development Indicators (WDI),Annual,Units,Normal value,Public
datastructure,WB.DATA360:DS_DATA360(1.3),I,A,ECU,WB_WDI_SN_ITK_SVFI_ZS,_T,_T,_T,PT,_Z,_Z,_Z,2016,7.1,_Z,RATIO,2,WB_WDI,P1Y,0,A,PU,Annual,Ecuador,Prevalence of severe food insecurity in the population (%),Total,All age ranges or no breakdown by age,Total,Percentage,Not Applicable,Not Applicable,Not Applicable,Not Applicable,Ratio,Two,World Development Indicators (WDI),Annual,Units,Normal value,Public
datastructure,WB.DATA360:DS_DATA360(1.3),I,A,DZA,WB_WDI_SN_ITK_SVFI_ZS,_T,_T,_T,PT,_Z,_Z,_Z,2018,9.3,_Z,RATIO,2,WB_WDI,P1Y,0,A,PU,Annual,Algeria,Prevalence of severe food insecurity in the population (%),Total,All age ranges or no breakdown by age,Total,Percentage,Not Applicable,Not Applicable,Not Applicable,Not Applicable,Ratio,Two,World Development Indicators (WDI),Annual,Units,Normal value,Public
datastructure,WB.DATA360:DS_DATA360(1.3),I,A,ARG,WB_WDI_SN_ITK_SVFI_ZS,_T,_T,_T,PT,_Z,_Z,_Z,2018,12.9,_Z,RATIO,2,WB_WDI,P1Y,0,A,PU,Annual,Argentina,Prevalence of severe food insecurity in the population (%),Total,All age ranges or no breakdown by age,Total,Percentage,Not Applicable,Not Applicable,Not Applicable,Not Applicable,Ratio,Two,World Development Indicators (WDI),Annual,Units,Normal value,Public
datastructure,WB.DATA360:DS_DATA360(1.3),I,A,ARM,WB_WDI_SN_ITK_SVFI_ZS,_T,_T,_T,PT,_Z,_Z,_Z,2018,1.1,_Z,RATIO,2,WB_WDI,P1Y,0,A,PU,Annual,Armenia,Prevalence of severe food insecurity in the population (%),Total,All age ranges or no breakdown by age,Total,Percentage,Not Applicable,Not Applicable,Not Applicable,Not Applicable,Ratio,Two,World Development Indicators (WDI),Annual,Units,Normal value,Public
datastructure,WB.DATA360:DS_DATA360(1.3),I,A,AUS,WB_WDI_SN_ITK_SVFI_ZS,_T,_T,_T,PT,_Z,_Z,_Z,2018,3.8,_Z,RATIO,2,WB_WDI,P1Y,0,A,PU,Annual,Australia,Prevalence of severe food insecurity in the population (%),Total,All age ranges or no breakdown by age,Total,Percentage,Not Applicable,Not Applicable,Not Applicable,Not Applicable,Ratio,Two,World Development Indicators (WDI),Annual,Units,Normal value,Public
datastructure,WB.DATA360:DS_DATA360(1.3),I,A,AUT,WB_WDI_SN_ITK_SVFI_ZS,_T,_T,_T,PT,_Z,_Z,_Z,2018,1.1,_Z,RATIO,2,WB_WDI,P1Y,0,A,PU,Annual,Austria,Prevalence of severe food insecurity in the population (%),Total,All age ranges or no breakdown by age,Total,Percentage,Not Applicable,Not Applicable,Not Applicable,Not Applicable,Ratio,Two,World Development Indicators (WDI),Annual,Units,Normal value,Public
datastructure,WB.DATA360:DS_DATA360(1.3),I,A,AZE,WB_WDI_SN_ITK_SVFI_ZS,_T,_T,_T,PT,_Z,_Z,_Z,2018,0.0,_Z,RATIO,2,WB_WDI,P1Y,0,A,PU,Annual,Azerbaijan,Prevalence of severe food insecurity in the population (%),Total,All age ranges or no breakdown by age,Total,Percentage,Not Applicable,Not Applicable,Not Applicable,Not Applicable,Ratio,Two,World Development Indicators (WDI),Annual,Units,Normal value,Public
datastructure,WB.DATA360:DS_DATA360(1.3),I,A,FIN,WB_WDI_SN_ITK_SVFI_ZS,_T,_T,_T,PT,_Z,_Z,_Z,2021,2.6,_Z,RATIO,2,WB_WDI,P1Y,0,A,PU,Annual,Finland,Prevalence of severe food insecurity in the population (%),Total,All age ranges or no breakdown by age,Total,Percentage,Not Applicable,Not Applicable,Not Applicable,Not Applicable,Ratio,Two,World Development Indicators (WDI),Annual,Units,Normal value,Public
datastructure,WB.DATA360:DS_DATA360(1.3),I,A,FRA,WB_WDI_SN_ITK_SVFI_ZS,_T,_T,_T,PT,_Z,_Z,_Z,2021,1.6,_Z,RATIO,2,WB_WDI,P1Y,0,A,PU,Annual,France,Prevalence of severe food insecurity in the population (%),Total,All age ranges or no breakdown by age,Total,Percentage,Not Applicable,Not Applicable,Not Applicable,Not Applicable,Ratio,Two,World Development Indicators (WDI),Annual,Units,Normal value,Public
datastructure,WB.DATA360:DS_DATA360(1.3),I,A,GMB,WB_WDI_SN_ITK_SVFI_ZS,_T,_T,_T,PT,_Z,_Z,_Z,2021,27.0,_Z,RATIO,2,WB_WDI,P1Y,0,A,PU,Annual,"Gambia, The",Prevalence of severe food insecurity in the population (%),Total,All age ranges or no breakdown by age,Total,Percentage,Not Applicable,Not Applicable,Not Applicable,Not Applicable,Ratio,Two,World Development Indicators (WDI),Annual,Units,Normal value,Public
datastructure,WB.DATA360:DS_DATA360(1.3),I,A,GEO,WB_WDI_SN_ITK_SVFI_ZS,_T,_T,_T,PT,_Z,_Z,_Z,2021,9.7,_Z,RATIO,2,WB_WDI,P1Y,0,A,PU,Annual,Georgia,Prevalence of severe food insecurity in the population (%),Total,All age ranges or no breakdown by age,Total,Percentage,Not Applicable,Not Applicable,Not Applicable,Not Applicable,Ratio,Two,World Development Indicators (WDI),Annual,Units,Normal value,Public
datastructure,WB.DATA360:DS_DATA360(1.3),I,A,DEU,WB_WDI_SN_ITK_SVFI_ZS,_T,_T,_T,PT,_Z,_Z,_Z,2021,1.4,_Z,RATIO,2,WB_WDI,P1Y,0,A,PU,Annual,Germany,Prevalence of severe food insecurity in the population (%),Total,All age ranges or no breakdown by age,Total,Percentage,Not Applicable,Not Applicable,Not Applicable,Not Applicable,Ratio,Two,World Development Indicators (WDI),Annual,Units,Normal value,Public
datastructure,WB.DATA360:DS_DATA360(1.3),I,A,GHA,WB_WDI_SN_ITK_SVFI_ZS,_T,_T,_T,PT,_Z,_Z,_Z,2021,7.0,_Z,RATIO,2,WB_WDI,P1Y,0,A,PU,Annual,Ghana,Prevalence of severe food insecurity in the population (%),Total,All age ranges or no breakdown by age,Total,Percentage,Not Applicable,Not Applicable,Not Applicable,Not Applicable,Ratio,Two,World Development Indicators (WDI),Annual,Units,Normal value,Public
datastructure,WB.DATA360:DS_DATA360(1.3),I,A,GRC,WB_WDI_SN_ITK_SVFI_ZS,_T,_T,_T,PT,_Z,_Z,_Z,2021,1.5,_Z,RATIO,2,WB_WDI,P1Y,0,A,PU,Annual,Greece,Prevalence of severe food insecurity in the population (%),Total,All age ranges or no breakdown by age,Total,Percentage,Not Applicable,Not Applicable,Not Applicable,Not Applicable,Ratio,Two,World Development Indicators (WDI),Annual,Units,Normal value,Public
datastructure,WB.DATA360:DS_DATA360(1.3),I,A,GRD,WB_WDI_SN_ITK_SVFI_ZS,_T,_T,_T,PT,_Z,_Z,_Z,2021,6.5,_Z,RATIO,2,WB_WDI,P1Y,0,A,PU,Annual,Grenada,Prevalence of severe food insecurity in the population (%),Total,All age ranges or no breakdown by age,Total,Percentage,Not Applicable,Not Applicable,Not Applicable,Not Applicable,Ratio,Two,World Development Indicators (WDI),Annual,Units,Normal value,Public
datastructure,WB.DATA360:DS_DATA360(1.3),I,A,SEN,WB_WDI_SN_ITK_SVFI_ZS,_T,_T,_T,PT,_Z,_Z,_Z,2019,6.0,_Z,RATIO,2,WB_WDI,P1Y,0,A,PU,Annual,Senegal,Prevalence of severe food insecurity in the population (%),Total,All age ranges or no breakdown by age,Total,Percentage,Not Applicable,Not Applicable,Not Applicable,Not Applicable,Ratio,Two,World Development Indicators (WDI),Annual,Units,Normal value,Public
datastructure,WB.DATA360:DS_DATA360(1.3),I,A,SRB,WB_WDI_SN_ITK_SVFI_ZS,_T,_T,_T,PT,_Z,_Z,_Z,2019,2.6,_Z,RATIO,2,WB_WDI,P1Y,0,A,PU,Annual,Serbia,Prevalence of severe food insecurity in the population (%),Total,All age ranges or no breakdown by age,Total,Percentage,Not Applicable,Not Applicable,Not Applicable,Not Applicable,Ratio,Two,World Development Indicators (WDI),Annual,Units,Normal value,Public
datastructure,WB.DATA360:DS_DATA360(1.3),I,A,SLE,WB_WDI_SN_ITK_SVFI_ZS,_T,_T,_T,PT,_Z,_Z,_Z,2019,32.2,_Z,RATIO,2,WB_WDI,P1Y,0,A,PU,Annual,Sierra Leone,Prevalence of severe food insecurity in the population (%),Total,All age ranges or no breakdown by age,Total,Percentage,Not Applicable,Not Applicable,Not Applicable,Not Applicable,Ratio,Two,World Development Indicators (WDI),Annual,Units,Normal value,Public
datastructure,WB.DATA360:DS_DATA360(1.3),I,A,SGP,WB_WDI_SN_ITK_SVFI_ZS,_T,_T,_T,PT,_Z,_Z,_Z,2019,1.0,_Z,RATIO,2,WB_WDI,P1Y,0,A,PU,Annual,Singapore,Prevalence of severe food insecurity in the population (%),Total,All age ranges or no breakdown by age,Total,Percentage,Not Applicable,Not Applicable,Not Applicable,Not Applicable,Ratio,Two,World Development Indicators (WDI),Annual,Units,Normal value,Public
datastructure,WB.DATA360:DS_DATA360(1.3),I,A,SVK,WB_WDI_SN_ITK_SVFI_ZS,_T,_T,_T,PT,_Z,_Z,_Z,2019,1.1,_Z,RATIO,2,WB_WDI,P1Y,0,A,PU,Annual,Slovak Republic,Prevalence of severe food insecurity in the population (%),Total,All age ranges or no breakdown by age,Total,Percentage,Not Applicable,Not Applicable,Not Applicable,Not Applicable,Ratio,Two,World Development Indicators (WDI),Annual,Units,Normal value,Public
datastructure,WB.DATA360:DS_DATA360(1.3),I,A,SVN,WB_WDI_SN_ITK_SVFI_ZS,_T,_T,_T,PT,_Z,_Z,_Z,2019,0.0,_Z,RATIO,2,WB_WDI,P1Y,0,A,PU,Annual,Slovenia,Prevalence of severe food insecurity in the population (%),Total,All age ranges or no breakdown by age,Total,Percentage,Not Applicable,Not Applicable,Not Applicable,Not Applicable,Ratio,Two,World Development Indicators (WDI),Annual,Units,Normal value,Public
datastructure,WB.DATA360:DS_DATA360(1.3),I,A,ZAF,WB_WDI_SN_ITK_SVFI_ZS,_T,_T,_T,PT,_Z,_Z,_Z,2018,6.9,_Z,RATIO,2,WB_WDI,P1Y,0,A,PU,Annual,South Africa,Prevalence of severe food insecurity in the population (%),Total,All age ranges or no breakdown by age,Total,Percentage,Not Applicable,Not Applicable,Not Applicable,Not Applicable,Ratio,Two,World Development Indicators (WDI),Annual,Units,Normal value,Public
datastructure,WB.DATA360:DS_DATA360(1.3),I,A,SSD,WB_WDI_SN_ITK_SVFI_ZS,_T,_T,_T,PT,_Z,_Z,_Z,2018,63.7,_Z,RATIO,2,WB_WDI,P1Y,0,A,PU,Annual,South Sudan,Prevalence of severe food insecurity in the population (%),Total,All age ranges or no breakdown by age,Total,Percentage,Not Applicable,Not Applicable,Not Applicable,Not Applicable,Ratio,Two,World Development Indicators (WDI),Annual,Units,Normal value,Public
datastructure,WB.DATA360:DS_DATA360(1.3),I,A,ESP,WB_WDI_SN_ITK_SVFI_ZS,_T,_T,_T,PT,_Z,_Z,_Z,2018,1.7,_Z,RATIO,2,WB_WDI,P1Y,0,A,PU,Annual,Spain,Prevalence of severe food insecurity in the population (%),Total,All age ranges or no breakdown by age,Total,Percentage,Not Applicable,Not Applicable,Not Applicable,Not Applicable,Ratio,Two,World Development Indicators (WDI),Annual,Units,Normal value,Public
datastructure,WB.DATA360:DS_DATA360(1.3),I,A,LKA,WB_WDI_SN_ITK_SVFI_ZS,_T,_T,_T,PT,_Z,_Z,_Z,2018,0.7,_Z,RATIO,2,WB_WDI,P1Y,0,A,PU,Annual,Sri Lanka,Prevalence of severe food insecurity in the population (%),Total,All age ranges or no breakdown by age,Total,Percentage,Not Applicable,Not Applicable,Not Applicable,Not Applicable,Ratio,Two,World Development Indicators (WDI),Annual,Units,Normal value,Public
datastructure,WB.DATA360:DS_DATA360(1.3),I,A,KNA,WB_WDI_SN_ITK_SVFI_ZS,_T,_T,_T,PT,_Z,_Z,_Z,2018,8.1,_Z,RATIO,2,WB_WDI,P1Y,0,A,PU,Annual,St. Kitts and Nevis,Prevalence of severe food insecurity in the population (%),Total,All age ranges or no breakdown by age,Total,Percentage,Not Applicable,Not Applicable,Not Applicable,Not Applicable,Ratio,Two,World Development Indicators (WDI),Annual,Units,Normal value,Public
datastructure,WB.DATA360:DS_DATA360(1.3),I,A,VCT,WB_WDI_SN_ITK_SVFI_ZS,_T,_T,_T,PT,_Z,_Z,_Z,2018,10.3,_Z,RATIO,2,WB_WDI,P1Y,0,A,PU,Annual,St. Vincent and the Grenadines,Prevalence of severe food insecurity in the population (%),Total,All age ranges or no breakdown by age,Total,Percentage,Not Applicable,Not Applicable,Not Applicable,Not Applicable,Ratio,Two,World Development Indicators (WDI),Annual,Units,Normal value,Public
datastructure,WB.DATA360:DS_DATA360(1.3),I,A,SWE,WB_WDI_SN_ITK_SVFI_ZS,_T,_T,_T,PT,_Z,_Z,_Z,2018,1.2,_Z,RATIO,2,WB_WDI,P1Y,0,A,PU,Annual,Sweden,Prevalence of severe food insecurity in the population (%),Total,All age ranges or no breakdown by age,Total,Percentage,Not Applicable,Not Applicable,Not Applicable,Not Applicable,Ratio,Two,World Development Indicators (WDI),Annual,Units,Normal value,Public
datastructure,WB.DATA360:DS_DATA360(1.3),I,A,CHE,WB_WDI_SN_ITK_SVFI_ZS,_T,_T,_T,PT,_Z,_Z,_Z,2018,0.7,_Z,RATIO,2,WB_WDI,P1Y,0,A,PU,Annual,Switzerland,Prevalence of severe food insecurity in the population (%),Total,All age ranges or no breakdown by age,Total,Percentage,Not Applicable,Not Applicable,Not Applicable,Not Applicable,Ratio,Two,World Development Indicators (WDI),Annual,Units,Normal value,Public
datastructure,WB.DATA360:DS_DATA360(1.3),I,A,THA,WB_WDI_SN_ITK_SVFI_ZS,_T,_T,_T,PT,_Z,_Z,_Z,2020,1.1,_Z,RATIO,2,WB_WDI,P1Y,0,A,PU,Annual,Thailand,Prevalence of severe food insecurity in the population (%),Total,All age ranges or no breakdown by age,Total,Percentage,Not Applicable,Not Applicable,Not Applicable,Not Applicable,Ratio,Two,World Development Indicators (WDI),Annual,Units,Normal value,Public
datastructure,WB.DATA360:DS_DATA360(1.3),I,A,TLS,WB_WDI_SN_ITK_SVFI_ZS,_T,_T,_T,PT,_Z,_Z,_Z,2020,8.9,_Z,RATIO,2,WB_WDI,P1Y,0,A,PU,Annual,Timor-Leste,Prevalence of severe food insecurity in the population (%),Total,All age ranges or no breakdown by age,Total,Percentage,Not Applicable,Not Applicable,Not Applicable,Not Applicable,Ratio,Two,World Development Indicators (WDI),Annual,Units,Normal value,Public
datastructure,WB.DATA360:DS_DATA360(1.3),I,A,TGO,WB_WDI_SN_ITK_SVFI_ZS,_T,_T,_T,PT,_Z,_Z,_Z,2020,13.5,_Z,RATIO,2,WB_WDI,P1Y,0,A,PU,Annual,Togo,Prevalence of severe food insecurity in the population (%),Total,All age ranges or no breakdown by age,Total,Percentage,Not Applicable,Not Applicable,Not Applicable,Not Applicable,Ratio,Two,World Development Indicators (WDI),Annual,Units,Normal value,Public
datastructure,WB.DATA360:DS_DATA360(1.3),I,A,TON,WB_WDI_SN_ITK_SVFI_ZS,_T,_T,_T,PT,_Z,_Z,_Z,2020,4.9,_Z,RATIO,2,WB_WDI,P1Y,0,A,PU,Annual,Tonga,Prevalence of severe food insecurity in the population (%),Total,All age ranges or no breakdown by age,Total,Percentage,Not Applicable,Not Applicable,Not Applicable,Not Applicable,Ratio,Two,World Development Indicators (WDI),Annual,Units,Normal value,Public
datastructure,WB.DATA360:DS_DATA360(1.3),I,A,TUN,WB_WDI_SN_ITK_SVFI_ZS,_T,_T,_T,PT,_Z,_Z,_Z,2020,12.6,_Z,RATIO,2,WB_WDI,P1Y,0,A,PU,Annual,Tunisia,Prevalence of severe food insecurity in the population (%),Total,All age ranges or no breakdown by age,Total,Percentage,Not Applicable,Not Applicable,Not Applicable,Not Applicable,Ratio,Two,World Development Indicators (WDI),Annual,Units,Normal value,Public
datastructure,WB.DATA360:DS_DATA360(1.3),I,A,UGA,WB_WDI_SN_ITK_SVFI_ZS,_T,_T,_T,PT,_Z,_Z,_Z,2020,22.1,_Z,RATIO,2,WB_WDI,P1Y,0,A,PU,Annual,Uganda,Prevalence of severe food insecurity in the population (%),Total,All age ranges or no breakdown by age,Total,Percentage,Not Applicable,Not Applicable,Not Applicable,Not Applicable,Ratio,Two,World Development Indicators (WDI),Annual,Units,Normal value,Public
datastructure,WB.DATA360:DS_DATA360(1.3),I,A,UKR,WB_WDI_SN_ITK_SVFI_ZS,_T,_T,_T,PT,_Z,_Z,_Z,2020,3.2,_Z,RATIO,2,WB_WDI,P1Y,0,A,PU,Annual,Ukraine,Prevalence of severe food insecurity in the population (%),Total,All age ranges or no breakdown by age,Total,Percentage,Not Applicable,Not Applicable,Not Applicable,Not Applicable,Ratio,Two,World Development Indicators (WDI),Annual,Units,Normal value,Public
datastructure,WB.DATA360:DS_DATA360(1.3),I,A,DNK,WB_WDI_SN_ITK_SVFI_ZS,_T,_T,_T,PT,_Z,_Z,_Z,2017,1.1,_Z,RATIO,2,WB_WDI,P1Y,0,A,PU,Annual,Denmark,Prevalence of severe food insecurity in the population (%),Total,All age ranges or no breakdown by age,Total,Percentage,Not Applicable,Not Applicable,Not Applicable,Not Applicable,Ratio,Two,World Development Indicators (WDI),Annual,Units,Normal value,Public
datastructure,WB.DATA360:DS_DATA360(1.3),I,A,DOM,WB_WDI_SN_ITK_SVFI_ZS,_T,_T,_T,PT,_Z,_Z,_Z,2017,23.4,_Z,RATIO,2,WB_WDI,P1Y,0,A,PU,Annual,Dominican Republic,Prevalence of severe food insecurity in the population (%),Total,All age ranges or no breakdown by age,Total,Percentage,Not Applicable,Not Applicable,Not Applicable,Not Applicable,Ratio,Two,World Development Indicators (WDI),Annual,Units,Normal value,Public
datastructure,WB.DATA360:DS_DATA360(1.3),I,A,ECU,WB_WDI_SN_ITK_SVFI_ZS,_T,_T,_T,PT,_Z,_Z,_Z,2017,8.4,_Z,RATIO,2,WB_WDI,P1Y,0,A,PU,Annual,Ecuador,Prevalence of severe food insecurity in the population (%),Total,All age ranges or no breakdown by age,Total,Percentage,Not Applicable,Not Applicable,Not Applicable,Not Applicable,Ratio,Two,World Development Indicators (WDI),Annual,Units,Normal value,Public
datastructure,WB.DATA360:DS_DATA360(1.3),I,A,EGY,WB_WDI_SN_ITK_SVFI_ZS,_T,_T,_T,PT,_Z,_Z,_Z,2017,8.6,_Z,RATIO,2,WB_WDI,P1Y,0,A,PU,Annual,"Egypt, Arab Rep.",Prevalence of severe food insecurity in the population (%),Total,All age ranges or no breakdown by age,Total,Percentage,Not Applicable,Not Applicable,Not Applicable,Not Applicable,Ratio,Two,World Development Indicators (WDI),Annual,Units,Normal value,Public
datastructure,WB.DATA360:DS_DATA360(1.3),I,A,SLV,WB_WDI_SN_ITK_SVFI_ZS,_T,_T,_T,PT,_Z,_Z,_Z,2017,14.0,_Z,RATIO,2,WB_WDI,P1Y,0,A,PU,Annual,El Salvador,Prevalence of severe food insecurity in the population (%),Total,All age ranges or no breakdown by age,Total,Percentage,Not Applicable,Not Applicable,Not Applicable,Not Applicable,Ratio,Two,World Development Indicators (WDI),Annual,Units,Normal value,Public
datastructure,WB.DATA360:DS_DATA360(1.3),I,A,EST,WB_WDI_SN_ITK_SVFI_ZS,_T,_T,_T,PT,_Z,_Z,_Z,2017,1.0,_Z,RATIO,2,WB_WDI,P1Y,0,A,PU,Annual,Estonia,Prevalence of severe food insecurity in the population (%),Total,All age ranges or no breakdown by age,Total,Percentage,Not Applicable,Not Applicable,Not Applicable,Not Applicable,Ratio,Two,World Development Indicators (WDI),Annual,Units,Normal value,Public
datastructure,WB.DATA360:DS_DATA360(1.3),I,A,GMB,WB_WDI_SN_ITK_SVFI_ZS,_T,_T,_T,PT,_Z,_Z,_Z,2019,25.7,_Z,RATIO,2,WB_WDI,P1Y,0,A,PU,Annual,"Gambia, The",Prevalence of severe food insecurity in the population (%),Total,All age ranges or no breakdown by age,Total,Percentage,Not Applicable,Not Applicable,Not Applicable,Not Applicable,Ratio,Two,World Development Indicators (WDI),Annual,Units,Normal value,Public
datastructure,WB.DATA360:DS_DATA360(1.3),I,A,GEO,WB_WDI_SN_ITK_SVFI_ZS,_T,_T,_T,PT,_Z,_Z,_Z,2019,9.5,_Z,RATIO,2,WB_WDI,P1Y,0,A,PU,Annual,Georgia,Prevalence of severe food insecurity in the population (%),Total,All age ranges or no breakdown by age,Total,Percentage,Not Applicable,Not Applicable,Not Applicable,Not Applicable,Ratio,Two,World Development Indicators (WDI),Annual,Units,Normal value,Public
datastructure,WB.DATA360:DS_DATA360(1.3),I,A,DEU,WB_WDI_SN_ITK_SVFI_ZS,_T,_T,_T,PT,_Z,_Z,_Z,2019,0.7,_Z,RATIO,2,WB_WDI,P1Y,0,A,PU,Annual,Germany,Prevalence of severe food insecurity in the population (%),Total,All age ranges or no breakdown by age,Total,Percentage,Not Applicable,Not Applicable,Not Applicable,Not Applicable,Ratio,Two,World Development Indicators (WDI),Annual,Units,Normal value,Public
datastructure,WB.DATA360:DS_DATA360(1.3),I,A,GHA,WB_WDI_SN_ITK_SVFI_ZS,_T,_T,_T,PT,_Z,_Z,_Z,2019,6.0,_Z,RATIO,2,WB_WDI,P1Y,0,A,PU,Annual,Ghana,Prevalence of severe food insecurity in the population (%),Total,All age ranges or no breakdown by age,Total,Percentage,Not Applicable,Not Applicable,Not Applicable,Not Applicable,Ratio,Two,World Development Indicators (WDI),Annual,Units,Normal value,Public
datastructure,WB.DATA360:DS_DATA360(1.3),I,A,GRC,WB_WDI_SN_ITK_SVFI_ZS,_T,_T,_T,PT,_Z,_Z,_Z,2019,1.7,_Z,RATIO,2,WB_WDI,P1Y,0,A,PU,Annual,Greece,Prevalence of severe food insecurity in the population (%),Total,All age ranges or no breakdown by age,Total,Percentage,Not Applicable,Not Applicable,Not Applicable,Not Applicable,Ratio,Two,World Development Indicators (WDI),Annual,Units,Normal value,Public
datastructure,WB.DATA360:DS_DATA360(1.3),I,A,GRD,WB_WDI_SN_ITK_SVFI_ZS,_T,_T,_T,PT,_Z,_Z,_Z,2019,8.3,_Z,RATIO,2,WB_WDI,P1Y,0,A,PU,Annual,Grenada,Prevalence of severe food insecurity in the population (%),Total,All age ranges or no breakdown by age,Total,Percentage,Not Applicable,Not Applicable,Not Applicable,Not Applicable,Ratio,Two,World Development Indicators (WDI),Annual,Units,Normal value,Public
datastructure,WB.DATA360:DS_DATA360(1.3),I,A,GTM,WB_WDI_SN_ITK_SVFI_ZS,_T,_T,_T,PT,_Z,_Z,_Z,2019,19.2,_Z,RATIO,2,WB_WDI,P1Y,0,A,PU,Annual,Guatemala,Prevalence of severe food insecurity in the population (%),Total,All age ranges or no breakdown by age,Total,Percentage,Not Applicable,Not Applicable,Not Applicable,Not Applicable,Ratio,Two,World Development Indicators (WDI),Annual,Units,Normal value,Public
datastructure,WB.DATA360:DS_DATA360(1.3),I,A,GNB,WB_WDI_SN_ITK_SVFI_ZS,_T,_T,_T,PT,_Z,_Z,_Z,2019,8.5,_Z,RATIO,2,WB_WDI,P1Y,0,A,PU,Annual,Guinea-Bissau,Prevalence of severe food insecurity in the population (%),Total,All age ranges or no breakdown by age,Total,Percentage,Not Applicable,Not Applicable,Not Applicable,Not Applicable,Ratio,Two,World Development Indicators (WDI),Annual,Units,Normal value,Public
datastructure,WB.DATA360:DS_DATA360(1.3),I,A,PRT,WB_WDI_SN_ITK_SVFI_ZS,_T,_T,_T,PT,_Z,_Z,_Z,2017,3.2,_Z,RATIO,2,WB_WDI,P1Y,0,A,PU,Annual,Portugal,Prevalence of severe food insecurity in the population (%),Total,All age ranges or no breakdown by age,Total,Percentage,Not Applicable,Not Applicable,Not Applicable,Not Applicable,Ratio,Two,World Development Indicators (WDI),Annual,Units,Normal value,Public
datastructure,WB.DATA360:DS_DATA360(1.3),I,A,ROU,WB_WDI_SN_ITK_SVFI_ZS,_T,_T,_T,PT,_Z,_Z,_Z,2017,4.0,_Z,RATIO,2,WB_WDI,P1Y,0,A,PU,Annual,Romania,Prevalence of severe food insecurity in the population (%),Total,All age ranges or no breakdown by age,Total,Percentage,Not Applicable,Not Applicable,Not Applicable,Not Applicable,Ratio,Two,World Development Indicators (WDI),Annual,Units,Normal value,Public
datastructure,WB.DATA360:DS_DATA360(1.3),I,A,RUS,WB_WDI_SN_ITK_SVFI_ZS,_T,_T,_T,PT,_Z,_Z,_Z,2017,0.6,_Z,RATIO,2,WB_WDI,P1Y,0,A,PU,Annual,Russian Federation,Prevalence of severe food insecurity in the population (%),Total,All age ranges or no breakdown by age,Total,Percentage,Not Applicable,Not Applicable,Not Applicable,Not Applicable,Ratio,Two,World Development Indicators (WDI),Annual,Units,Normal value,Public
datastructure,WB.DATA360:DS_DATA360(1.3),I,A,WSM,WB_WDI_SN_ITK_SVFI_ZS,_T,_T,_T,PT,_Z,_Z,_Z,2017,3.4,_Z,RATIO,2,WB_WDI,P1Y,0,A,PU,Annual,Samoa,Prevalence of severe food insecurity in the population (%),Total,All age ranges or no breakdown by age,Total,Percentage,Not Applicable,Not Applicable,Not Applicable,Not Applicable,Ratio,Two,World Development Indicators (WDI),Annual,Units,Normal value,Public
datastructure,WB.DATA360:DS_DATA360(1.3),I,A,SEN,WB_WDI_SN_ITK_SVFI_ZS,_T,_T,_T,PT,_Z,_Z,_Z,2017,7.0,_Z,RATIO,2,WB_WDI,P1Y,0,A,PU,Annual,Senegal,Prevalence of severe food insecurity in the population (%),Total,All age ranges or no breakdown by age,Total,Percentage,Not Applicable,Not Applicable,Not Applicable,Not Applicable,Ratio,Two,World Development Indicators (WDI),Annual,Units,Normal value,Public
datastructure,WB.DATA360:DS_DATA360(1.3),I,A,PRT,WB_WDI_SN_ITK_SVFI_ZS,_T,_T,_T,PT,_Z,_Z,_Z,2015,4.1,_Z,RATIO,2,WB_WDI,P1Y,0,A,PU,Annual,Portugal,Prevalence of severe food insecurity in the population (%),Total,All age ranges or no breakdown by age,Total,Percentage,Not Applicable,Not Applicable,Not Applicable,Not Applicable,Ratio,Two,World Development Indicators (WDI),Annual,Units,Normal value,Public
datastructure,WB.DATA360:DS_DATA360(1.3),I,A,ROU,WB_WDI_SN_ITK_SVFI_ZS,_T,_T,_T,PT,_Z,_Z,_Z,2015,5.6,_Z,RATIO,2,WB_WDI,P1Y,0,A,PU,Annual,Romania,Prevalence of severe food insecurity in the population (%),Total,All age ranges or no breakdown by age,Total,Percentage,Not Applicable,Not Applicable,Not Applicable,Not Applicable,Ratio,Two,World Development Indicators (WDI),Annual,Units,Normal value,Public
datastructure,WB.DATA360:DS_DATA360(1.3),I,A,RUS,WB_WDI_SN_ITK_SVFI_ZS,_T,_T,_T,PT,_Z,_Z,_Z,2015,0.7,_Z,RATIO,2,WB_WDI,P1Y,0,A,PU,Annual,Russian Federation,Prevalence of severe food insecurity in the population (%),Total,All age ranges or no breakdown by age,Total,Percentage,Not Applicable,Not Applicable,Not Applicable,Not Applicable,Ratio,Two,World Development Indicators (WDI),Annual,Units,Normal value,Public
datastructure,WB.DATA360:DS_DATA360(1.3),I,A,SEN,WB_WDI_SN_ITK_SVFI_ZS,_T,_T,_T,PT,_Z,_Z,_Z,2015,7.5,_Z,RATIO,2,WB_WDI,P1Y,0,A,PU,Annual,Senegal,Prevalence of severe food insecurity in the population (%),Total,All age ranges or no breakdown by age,Total,Percentage,Not Applicable,Not Applicable,Not Applicable,Not Applicable,Ratio,Two,World Development Indicators (WDI),Annual,Units,Normal value,Public
datastructure,WB.DATA360:DS_DATA360(1.3),I,A,BLR,WB_WDI_SN_ITK_SVFI_ZS,_T,_T,_T,PT,_Z,_Z,_Z,2023,0.0,_Z,RATIO,2,WB_WDI,P1Y,0,A,PU,Annual,Belarus,Prevalence of severe food insecurity in the population (%),Total,All age ranges or no breakdown by age,Total,Percentage,Not Applicable,Not Applicable,Not Applicable,Not Applicable,Ratio,Two,World Development Indicators (WDI),Annual,Units,Normal value,Public
datastructure,WB.DATA360:DS_DATA360(1.3),I,A,BEL,WB_WDI_SN_ITK_SVFI_ZS,_T,_T,_T,PT,_Z,_Z,_Z,2023,2.4,_Z,RATIO,2,WB_WDI,P1Y,0,A,PU,Annual,Belgium,Prevalence of severe food insecurity in the population (%),Total,All age ranges or no breakdown by age,Total,Percentage,Not Applicable,Not Applicable,Not Applicable,Not Applicable,Ratio,Two,World Development Indicators (WDI),Annual,Units,Normal value,Public
datastructure,WB.DATA360:DS_DATA360(1.3),I,A,BEN,WB_WDI_SN_ITK_SVFI_ZS,_T,_T,_T,PT,_Z,_Z,_Z,2023,15.0,_Z,RATIO,2,WB_WDI,P1Y,0,A,PU,Annual,Benin,Prevalence of severe food insecurity in the population (%),Total,All age ranges or no breakdown by age,Total,Percentage,Not Applicable,Not Applicable,Not Applicable,Not Applicable,Ratio,Two,World Development Indicators (WDI),Annual,Units,Normal value,Public
datastructure,WB.DATA360:DS_DATA360(1.3),I,A,BIH,WB_WDI_SN_ITK_SVFI_ZS,_T,_T,_T,PT,_Z,_Z,_Z,2023,1.9,_Z,RATIO,2,WB_WDI,P1Y,0,A,PU,Annual,Bosnia and Herzegovina,Prevalence of severe food insecurity in the population (%),Total,All age ranges or no breakdown by age,Total,Percentage,Not Applicable,Not Applicable,Not Applicable,Not Applicable,Ratio,Two,World Development Indicators (WDI),Annual,Units,Normal value,Public
datastructure,WB.DATA360:DS_DATA360(1.3),I,A,BWA,WB_WDI_SN_ITK_SVFI_ZS,_T,_T,_T,PT,_Z,_Z,_Z,2023,26.1,_Z,RATIO,2,WB_WDI,P1Y,0,A,PU,Annual,Botswana,Prevalence of severe food insecurity in the population (%),Total,All age ranges or no breakdown by age,Total,Percentage,Not Applicable,Not Applicable,Not Applicable,Not Applicable,Ratio,Two,World Development Indicators (WDI),Annual,Units,Normal value,Public
datastructure,WB.DATA360:DS_DATA360(1.3),I,A,BRA,WB_WDI_SN_ITK_SVFI_ZS,_T,_T,_T,PT,_Z,_Z,_Z,2023,3.4,_Z,RATIO,2,WB_WDI,P1Y,0,A,PU,Annual,Brazil,Prevalence of severe food insecurity in the population (%),Total,All age ranges or no breakdown by age,Total,Percentage,Not Applicable,Not Applicable,Not Applicable,Not Applicable,Ratio,Two,World Development Indicators (WDI),Annual,Units,Normal value,Public
datastructure,WB.DATA360:DS_DATA360(1.3),I,A,HUN,WB_WDI_SN_ITK_SVFI_ZS,_T,_T,_T,PT,_Z,_Z,_Z,2023,4.5,_Z,RATIO,2,WB_WDI,P1Y,0,A,PU,Annual,Hungary,Prevalence of severe food insecurity in the population (%),Total,All age ranges or no breakdown by age,Total,Percentage,Not Applicable,Not Applicable,Not Applicable,Not Applicable,Ratio,Two,World Development Indicators (WDI),Annual,Units,Normal value,Public
datastructure,WB.DATA360:DS_DATA360(1.3),I,A,ISL,WB_WDI_SN_ITK_SVFI_ZS,_T,_T,_T,PT,_Z,_Z,_Z,2023,2.1,_Z,RATIO,2,WB_WDI,P1Y,0,A,PU,Annual,Iceland,Prevalence of severe food insecurity in the population (%),Total,All age ranges or no breakdown by age,Total,Percentage,Not Applicable,Not Applicable,Not Applicable,Not Applicable,Ratio,Two,World Development Indicators (WDI),Annual,Units,Normal value,Public
datastructure,WB.DATA360:DS_DATA360(1.3),I,A,IDN,WB_WDI_SN_ITK_SVFI_ZS,_T,_T,_T,PT,_Z,_Z,_Z,2023,0.0,_Z,RATIO,2,WB_WDI,P1Y,0,A,PU,Annual,Indonesia,Prevalence of severe food insecurity in the population (%),Total,All age ranges or no breakdown by age,Total,Percentage,Not Applicable,Not Applicable,Not Applicable,Not Applicable,Ratio,Two,World Development Indicators (WDI),Annual,Units,Normal value,Public
datastructure,WB.DATA360:DS_DATA360(1.3),I,A,IRN,WB_WDI_SN_ITK_SVFI_ZS,_T,_T,_T,PT,_Z,_Z,_Z,2023,5.9,_Z,RATIO,2,WB_WDI,P1Y,0,A,PU,Annual,"Iran, Islamic Rep.",Prevalence of severe food insecurity in the population (%),Total,All age ranges or no breakdown by age,Total,Percentage,Not Applicable,Not Applicable,Not Applicable,Not Applicable,Ratio,Two,World Development Indicators (WDI),Annual,Units,Normal value,Public
datastructure,WB.DATA360:DS_DATA360(1.3),I,A,IRL,WB_WDI_SN_ITK_SVFI_ZS,_T,_T,_T,PT,_Z,_Z,_Z,2023,2.1,_Z,RATIO,2,WB_WDI,P1Y,0,A,PU,Annual,Ireland,Prevalence of severe food insecurity in the population (%),Total,All age ranges or no breakdown by age,Total,Percentage,Not Applicable,Not Applicable,Not Applicable,Not Applicable,Ratio,Two,World Development Indicators (WDI),Annual,Units,Normal value,Public
datastructure,WB.DATA360:DS_DATA360(1.3),I,A,ISR,WB_WDI_SN_ITK_SVFI_ZS,_T,_T,_T,PT,_Z,_Z,_Z,2023,0.9,_Z,RATIO,2,WB_WDI,P1Y,0,A,PU,Annual,Israel,Prevalence of severe food insecurity in the population (%),Total,All age ranges or no breakdown by age,Total,Percentage,Not Applicable,Not Applicable,Not Applicable,Not Applicable,Ratio,Two,World Development Indicators (WDI),Annual,Units,Normal value,Public
datastructure,WB.DATA360:DS_DATA360(1.3),I,A,ITA,WB_WDI_SN_ITK_SVFI_ZS,_T,_T,_T,PT,_Z,_Z,_Z,2023,0.0,_Z,RATIO,2,WB_WDI,P1Y,0,A,PU,Annual,Italy,Prevalence of severe food insecurity in the population (%),Total,All age ranges or no breakdown by age,Total,Percentage,Not Applicable,Not Applicable,Not Applicable,Not Applicable,Ratio,Two,World Development Indicators (WDI),Annual,Units,Normal value,Public
datastructure,WB.DATA360:DS_DATA360(1.3),I,A,JAM,WB_WDI_SN_ITK_SVFI_ZS,_T,_T,_T,PT,_Z,_Z,_Z,2023,27.8,_Z,RATIO,2,WB_WDI,P1Y,0,A,PU,Annual,Jamaica,Prevalence of severe food insecurity in the population (%),Total,All age ranges or no breakdown by age,Total,Percentage,Not Applicable,Not Applicable,Not Applicable,Not Applicable,Ratio,Two,World Development Indicators (WDI),Annual,Units,Normal value,Public
datastructure,WB.DATA360:DS_DATA360(1.3),I,A,JPN,WB_WDI_SN_ITK_SVFI_ZS,_T,_T,_T,PT,_Z,_Z,_Z,2023,1.1,_Z,RATIO,2,WB_WDI,P1Y,0,A,PU,Annual,Japan,Prevalence of severe food insecurity in the population (%),Total,All age ranges or no breakdown by age,Total,Percentage,Not Applicable,Not Applicable,Not Applicable,Not Applicable,Ratio,Two,World Development Indicators (WDI),Annual,Units,Normal value,Public
datastructure,WB.DATA360:DS_DATA360(1.3),I,A,GBR,WB_WDI_SN_ITK_SVFI_ZS,_T,_T,_T,PT,_Z,_Z,_Z,2020,1.1,_Z,RATIO,2,WB_WDI,P1Y,0,A,PU,Annual,United Kingdom,Prevalence of severe food insecurity in the population (%),Total,All age ranges or no breakdown by age,Total,Percentage,Not Applicable,Not Applicable,Not Applicable,Not Applicable,Ratio,Two,World Development Indicators (WDI),Annual,Units,Normal value,Public
datastructure,WB.DATA360:DS_DATA360(1.3),I,A,USA,WB_WDI_SN_ITK_SVFI_ZS,_T,_T,_T,PT,_Z,_Z,_Z,2020,0.7,_Z,RATIO,2,WB_WDI,P1Y,0,A,PU,Annual,United States,Prevalence of severe food insecurity in the population (%),Total,All age ranges or no breakdown by age,Total,Percentage,Not Applicable,Not Applicable,Not Applicable,Not Applicable,Ratio,Two,World Development Indicators (WDI),Annual,Units,Normal value,Public
datastructure,WB.DATA360:DS_DATA360(1.3),I,A,URY,WB_WDI_SN_ITK_SVFI_ZS,_T,_T,_T,PT,_Z,_Z,_Z,2020,2.5,_Z,RATIO,2,WB_WDI,P1Y,0,A,PU,Annual,Uruguay,Prevalence of severe food insecurity in the population (%),Total,All age ranges or no breakdown by age,Total,Percentage,Not Applicable,Not Applicable,Not Applicable,Not Applicable,Ratio,Two,World Development Indicators (WDI),Annual,Units,Normal value,Public
datastructure,WB.DATA360:DS_DATA360(1.3),I,A,UZB,WB_WDI_SN_ITK_SVFI_ZS,_T,_T,_T,PT,_Z,_Z,_Z,2020,5.6,_Z,RATIO,2,WB_WDI,P1Y,0,A,PU,Annual,Uzbekistan,Prevalence of severe food insecurity in the population (%),Total,All age ranges or no breakdown by age,Total,Percentage,Not Applicable,Not Applicable,Not Applicable,Not Applicable,Ratio,Two,World Development Indicators (WDI),Annual,Units,Normal value,Public
datastructure,WB.DATA360:DS_DATA360(1.3),I,A,VUT,WB_WDI_SN_ITK_SVFI_ZS,_T,_T,_T,PT,_Z,_Z,_Z,2020,2.4,_Z,RATIO,2,WB_WDI,P1Y,0,A,PU,Annual,Vanuatu,Prevalence of severe food insecurity in the population (%),Total,All age ranges or no breakdown by age,Total,Percentage,Not Applicable,Not Applicable,Not Applicable,Not Applicable,Ratio,Two,World Development Indicators (WDI),Annual,Units,Normal value,Public
datastructure,WB.DATA360:DS_DATA360(1.3),I,A,VNM,WB_WDI_SN_ITK_SVFI_ZS,_T,_T,_T,PT,_Z,_Z,_Z,2020,0.6,_Z,RATIO,2,WB_WDI,P1Y,0,A,PU,Annual,Vietnam,Prevalence of severe food insecurity in the population (%),Total,All age ranges or no breakdown by age,Total,Percentage,Not Applicable,Not Applicable,Not Applicable,Not Applicable,Ratio,Two,World Development Indicators (WDI),Annual,Units,Normal value,Public
datastructure,WB.DATA360:DS_DATA360(1.3),I,A,PSE,WB_WDI_SN_ITK_SVFI_ZS,_T,_T,_T,PT,_Z,_Z,_Z,2020,3.7,_Z,RATIO,2,WB_WDI,P1Y,0,A,PU,Annual,West Bank and Gaza,Prevalence of severe food insecurity in the population (%),Total,All age ranges or no breakdown by age,Total,Percentage,Not Applicable,Not Applicable,Not Applicable,Not Applicable,Ratio,Two,World Development Indicators (WDI),Annual,Units,Normal value,Public
datastructure,WB.DATA360:DS_DATA360(1.3),I,A,ZMB,WB_WDI_SN_ITK_SVFI_ZS,_T,_T,_T,PT,_Z,_Z,_Z,2020,22.4,_Z,RATIO,2,WB_WDI,P1Y,0,A,PU,Annual,Zambia,Prevalence of severe food insecurity in the population (%),Total,All age ranges or no breakdown by age,Total,Percentage,Not Applicable,Not Applicable,Not Applicable,Not Applicable,Ratio,Two,World Development Indicators (WDI),Annual,Units,Normal value,Public
datastructure,WB.DATA360:DS_DATA360(1.3),I,A,ZWE,WB_WDI_SN_ITK_SVFI_ZS,_T,_T,_T,PT,_Z,_Z,_Z,2020,31.3,_Z,RATIO,2,WB_WDI,P1Y,0,A,PU,Annual,Zimbabwe,Prevalence of severe food insecurity in the population (%),Total,All age ranges or no breakdown by age,Total,Percentage,Not Applicable,Not Applicable,Not Applicable,Not Applicable,Ratio,Two,World Development Indicators (WDI),Annual,Units,Normal value,Public
datastructure,WB.DATA360:DS_DATA360(1.3),I,A,GEO,WB_WDI_SN_ITK_SVFI_ZS,_T,_T,_T,PT,_Z,_Z,_Z,2018,7.3,_Z,RATIO,2,WB_WDI,P1Y,0,A,PU,Annual,Georgia,Prevalence of severe food insecurity in the population (%),Total,All age ranges or no breakdown by age,Total,Percentage,Not Applicable,Not Applicable,Not Applicable,Not Applicable,Ratio,Two,World Development Indicators (WDI),Annual,Units,Normal value,Public
datastructure,WB.DATA360:DS_DATA360(1.3),I,A,DEU,WB_WDI_SN_ITK_SVFI_ZS,_T,_T,_T,PT,_Z,_Z,_Z,2018,0.7,_Z,RATIO,2,WB_WDI,P1Y,0,A,PU,Annual,Germany,Prevalence of severe food insecurity in the population (%),Total,All age ranges or no breakdown by age,Total,Percentage,Not Applicable,Not Applicable,Not Applicable,Not Applicable,Ratio,Two,World Development Indicators (WDI),Annual,Units,Normal value,Public
datastructure,WB.DATA360:DS_DATA360(1.3),I,A,GHA,WB_WDI_SN_ITK_SVFI_ZS,_T,_T,_T,PT,_Z,_Z,_Z,2018,6.2,_Z,RATIO,2,WB_WDI,P1Y,0,A,PU,Annual,Ghana,Prevalence of severe food insecurity in the population (%),Total,All age ranges or no breakdown by age,Total,Percentage,Not Applicable,Not Applicable,Not Applicable,Not Applicable,Ratio,Two,World Development Indicators (WDI),Annual,Units,Normal value,Public
datastructure,WB.DATA360:DS_DATA360(1.3),I,A,GRC,WB_WDI_SN_ITK_SVFI_ZS,_T,_T,_T,PT,_Z,_Z,_Z,2018,2.3,_Z,RATIO,2,WB_WDI,P1Y,0,A,PU,Annual,Greece,Prevalence of severe food insecurity in the population (%),Total,All age ranges or no breakdown by age,Total,Percentage,Not Applicable,Not Applicable,Not Applicable,Not Applicable,Ratio,Two,World Development Indicators (WDI),Annual,Units,Normal value,Public
datastructure,WB.DATA360:DS_DATA360(1.3),I,A,GRD,WB_WDI_SN_ITK_SVFI_ZS,_T,_T,_T,PT,_Z,_Z,_Z,2018,8.3,_Z,RATIO,2,WB_WDI,P1Y,0,A,PU,Annual,Grenada,Prevalence of severe food insecurity in the population (%),Total,All age ranges or no breakdown by age,Total,Percentage,Not Applicable,Not Applicable,Not Applicable,Not Applicable,Ratio,Two,World Development Indicators (WDI),Annual,Units,Normal value,Public
datastructure,WB.DATA360:DS_DATA360(1.3),I,A,GTM,WB_WDI_SN_ITK_SVFI_ZS,_T,_T,_T,PT,_Z,_Z,_Z,2018,18.1,_Z,RATIO,2,WB_WDI,P1Y,0,A,PU,Annual,Guatemala,Prevalence of severe food insecurity in the population (%),Total,All age ranges or no breakdown by age,Total,Percentage,Not Applicable,Not Applicable,Not Applicable,Not Applicable,Ratio,Two,World Development Indicators (WDI),Annual,Units,Normal value,Public
datastructure,WB.DATA360:DS_DATA360(1.3),I,A,GNB,WB_WDI_SN_ITK_SVFI_ZS,_T,_T,_T,PT,_Z,_Z,_Z,2018,8.3,_Z,RATIO,2,WB_WDI,P1Y,0,A,PU,Annual,Guinea-Bissau,Prevalence of severe food insecurity in the population (%),Total,All age ranges or no breakdown by age,Total,Percentage,Not Applicable,Not Applicable,Not Applicable,Not Applicable,Ratio,Two,World Development Indicators (WDI),Annual,Units,Normal value,Public
datastructure,WB.DATA360:DS_DATA360(1.3),I,A,GTM,WB_WDI_SN_ITK_SVFI_ZS,_T,_T,_T,PT,_Z,_Z,_Z,2015,16.1,_Z,RATIO,2,WB_WDI,P1Y,0,A,PU,Annual,Guatemala,Prevalence of severe food insecurity in the population (%),Total,All age ranges or no breakdown by age,Total,Percentage,Not Applicable,Not Applicable,Not Applicable,Not Applicable,Ratio,Two,World Development Indicators (WDI),Annual,Units,Normal value,Public
datastructure,WB.DATA360:DS_DATA360(1.3),I,A,HND,WB_WDI_SN_ITK_SVFI_ZS,_T,_T,_T,PT,_Z,_Z,_Z,2015,14.2,_Z,RATIO,2,WB_WDI,P1Y,0,A,PU,Annual,Honduras,Prevalence of severe food insecurity in the population (%),Total,All age ranges or no breakdown by age,Total,Percentage,Not Applicable,Not Applicable,Not Applicable,Not Applicable,Ratio,Two,World Development Indicators (WDI),Annual,Units,Normal value,Public
datastructure,WB.DATA360:DS_DATA360(1.3),I,A,HUN,WB_WDI_SN_ITK_SVFI_ZS,_T,_T,_T,PT,_Z,_Z,_Z,2015,1.4,_Z,RATIO,2,WB_WDI,P1Y,0,A,PU,Annual,Hungary,Prevalence of severe food insecurity in the population (%),Total,All age ranges or no breakdown by age,Total,Percentage,Not Applicable,Not Applicable,Not Applicable,Not Applicable,Ratio,Two,World Development Indicators (WDI),Annual,Units,Normal value,Public
datastructure,WB.DATA360:DS_DATA360(1.3),I,A,ISL,WB_WDI_SN_ITK_SVFI_ZS,_T,_T,_T,PT,_Z,_Z,_Z,2015,1.7,_Z,RATIO,2,WB_WDI,P1Y,0,A,PU,Annual,Iceland,Prevalence of severe food insecurity in the population (%),Total,All age ranges or no breakdown by age,Total,Percentage,Not Applicable,Not Applicable,Not Applicable,Not Applicable,Ratio,Two,World Development Indicators (WDI),Annual,Units,Normal value,Public
datastructure,WB.DATA360:DS_DATA360(1.3),I,A,UGA,WB_WDI_SN_ITK_SVFI_ZS,_T,_T,_T,PT,_Z,_Z,_Z,2018,24.9,_Z,RATIO,2,WB_WDI,P1Y,0,A,PU,Annual,Uganda,Prevalence of severe food insecurity in the population (%),Total,All age ranges or no breakdown by age,Total,Percentage,Not Applicable,Not Applicable,Not Applicable,Not Applicable,Ratio,Two,World Development Indicators (WDI),Annual,Units,Normal value,Public
datastructure,WB.DATA360:DS_DATA360(1.3),I,A,UKR,WB_WDI_SN_ITK_SVFI_ZS,_T,_T,_T,PT,_Z,_Z,_Z,2018,1.6,_Z,RATIO,2,WB_WDI,P1Y,0,A,PU,Annual,Ukraine,Prevalence of severe food insecurity in the population (%),Total,All age ranges or no breakdown by age,Total,Percentage,Not Applicable,Not Applicable,Not Applicable,Not Applicable,Ratio,Two,World Development Indicators (WDI),Annual,Units,Normal value,Public
datastructure,WB.DATA360:DS_DATA360(1.3),I,A,GBR,WB_WDI_SN_ITK_SVFI_ZS,_T,_T,_T,PT,_Z,_Z,_Z,2018,1.3,_Z,RATIO,2,WB_WDI,P1Y,0,A,PU,Annual,United Kingdom,Prevalence of severe food insecurity in the population (%),Total,All age ranges or no breakdown by age,Total,Percentage,Not Applicable,Not Applicable,Not Applicable,Not Applicable,Ratio,Two,World Development Indicators (WDI),Annual,Units,Normal value,Public
datastructure,WB.DATA360:DS_DATA360(1.3),I,A,USA,WB_WDI_SN_ITK_SVFI_ZS,_T,_T,_T,PT,_Z,_Z,_Z,2018,0.8,_Z,RATIO,2,WB_WDI,P1Y,0,A,PU,Annual,United States,Prevalence of severe food insecurity in the population (%),Total,All age ranges or no breakdown by age,Total,Percentage,Not Applicable,Not Applicable,Not Applicable,Not Applicable,Ratio,Two,World Development Indicators (WDI),Annual,Units,Normal value,Public
datastructure,WB.DATA360:DS_DATA360(1.3),I,A,URY,WB_WDI_SN_ITK_SVFI_ZS,_T,_T,_T,PT,_Z,_Z,_Z,2018,1.7,_Z,RATIO,2,WB_WDI,P1Y,0,A,PU,Annual,Uruguay,Prevalence of severe food insecurity in the population (%),Total,All age ranges or no breakdown by age,Total,Percentage,Not Applicable,Not Applicable,Not Applicable,Not Applicable,Ratio,Two,World Development Indicators (WDI),Annual,Units,Normal value,Public
datastructure,WB.DATA360:DS_DATA360(1.3),I,A,UZB,WB_WDI_SN_ITK_SVFI_ZS,_T,_T,_T,PT,_Z,_Z,_Z,2018,2.8,_Z,RATIO,2,WB_WDI,P1Y,0,A,PU,Annual,Uzbekistan,Prevalence of severe food insecurity in the population (%),Total,All age ranges or no breakdown by age,Total,Percentage,Not Applicable,Not Applicable,Not Applicable,Not Applicable,Ratio,Two,World Development Indicators (WDI),Annual,Units,Normal value,Public
datastructure,WB.DATA360:DS_DATA360(1.3),I,A,VUT,WB_WDI_SN_ITK_SVFI_ZS,_T,_T,_T,PT,_Z,_Z,_Z,2018,2.4,_Z,RATIO,2,WB_WDI,P1Y,0,A,PU,Annual,Vanuatu,Prevalence of severe food insecurity in the population (%),Total,All age ranges or no breakdown by age,Total,Percentage,Not Applicable,Not Applicable,Not Applicable,Not Applicable,Ratio,Two,World Development Indicators (WDI),Annual,Units,Normal value,Public
datastructure,WB.DATA360:DS_DATA360(1.3),I,A,VNM,WB_WDI_SN_ITK_SVFI_ZS,_T,_T,_T,PT,_Z,_Z,_Z,2018,0.0,_Z,RATIO,2,WB_WDI,P1Y,0,A,PU,Annual,Vietnam,Prevalence of severe food insecurity in the population (%),Total,All age ranges or no breakdown by age,Total,Percentage,Not Applicable,Not Applicable,Not Applicable,Not Applicable,Ratio,Two,World Development Indicators (WDI),Annual,Units,Normal value,Public
datastructure,WB.DATA360:DS_DATA360(1.3),I,A,TGO,WB_WDI_SN_ITK_SVFI_ZS,_T,_T,_T,PT,_Z,_Z,_Z,2017,15.8,_Z,RATIO,2,WB_WDI,P1Y,0,A,PU,Annual,Togo,Prevalence of severe food insecurity in the population (%),Total,All age ranges or no breakdown by age,Total,Percentage,Not Applicable,Not Applicable,Not Applicable,Not Applicable,Ratio,Two,World Development Indicators (WDI),Annual,Units,Normal value,Public
datastructure,WB.DATA360:DS_DATA360(1.3),I,A,TUN,WB_WDI_SN_ITK_SVFI_ZS,_T,_T,_T,PT,_Z,_Z,_Z,2017,9.1,_Z,RATIO,2,WB_WDI,P1Y,0,A,PU,Annual,Tunisia,Prevalence of severe food insecurity in the population (%),Total,All age ranges or no breakdown by age,Total,Percentage,Not Applicable,Not Applicable,Not Applicable,Not Applicable,Ratio,Two,World Development Indicators (WDI),Annual,Units,Normal value,Public
datastructure,WB.DATA360:DS_DATA360(1.3),I,A,UGA,WB_WDI_SN_ITK_SVFI_ZS,_T,_T,_T,PT,_Z,_Z,_Z,2017,25.6,_Z,RATIO,2,WB_WDI,P1Y,0,A,PU,Annual,Uganda,Prevalence of severe food insecurity in the population (%),Total,All age ranges or no breakdown by age,Total,Percentage,Not Applicable,Not Applicable,Not Applicable,Not Applicable,Ratio,Two,World Development Indicators (WDI),Annual,Units,Normal value,Public
datastructure,WB.DATA360:DS_DATA360(1.3),I,A,UKR,WB_WDI_SN_ITK_SVFI_ZS,_T,_T,_T,PT,_Z,_Z,_Z,2017,2.0,_Z,RATIO,2,WB_WDI,P1Y,0,A,PU,Annual,Ukraine,Prevalence of severe food insecurity in the population (%),Total,All age ranges or no breakdown by age,Total,Percentage,Not Applicable,Not Applicable,Not Applicable,Not Applicable,Ratio,Two,World Development Indicators (WDI),Annual,Units,Normal value,Public
datastructure,WB.DATA360:DS_DATA360(1.3),I,A,MLT,WB_WDI_SN_ITK_SVFI_ZS,_T,_T,_T,PT,_Z,_Z,_Z,2017,1.0,_Z,RATIO,2,WB_WDI,P1Y,0,A,PU,Annual,Malta,Prevalence of severe food insecurity in the population (%),Total,All age ranges or no breakdown by age,Total,Percentage,Not Applicable,Not Applicable,Not Applicable,Not Applicable,Ratio,Two,World Development Indicators (WDI),Annual,Units,Normal value,Public
datastructure,WB.DATA360:DS_DATA360(1.3),I,A,MRT,WB_WDI_SN_ITK_SVFI_ZS,_T,_T,_T,PT,_Z,_Z,_Z,2017,5.5,_Z,RATIO,2,WB_WDI,P1Y,0,A,PU,Annual,Mauritania,Prevalence of severe food insecurity in the population (%),Total,All age ranges or no breakdown by age,Total,Percentage,Not Applicable,Not Applicable,Not Applicable,Not Applicable,Ratio,Two,World Development Indicators (WDI),Annual,Units,Normal value,Public
datastructure,WB.DATA360:DS_DATA360(1.3),I,A,MUS,WB_WDI_SN_ITK_SVFI_ZS,_T,_T,_T,PT,_Z,_Z,_Z,2017,6.2,_Z,RATIO,2,WB_WDI,P1Y,0,A,PU,Annual,Mauritius,Prevalence of severe food insecurity in the population (%),Total,All age ranges or no breakdown by age,Total,Percentage,Not Applicable,Not Applicable,Not Applicable,Not Applicable,Ratio,Two,World Development Indicators (WDI),Annual,Units,Normal value,Public
datastructure,WB.DATA360:DS_DATA360(1.3),I,A,MEX,WB_WDI_SN_ITK_SVFI_ZS,_T,_T,_T,PT,_Z,_Z,_Z,2017,3.5,_Z,RATIO,2,WB_WDI,P1Y,0,A,PU,Annual,Mexico,Prevalence of severe food insecurity in the population (%),Total,All age ranges or no breakdown by age,Total,Percentage,Not Applicable,Not Applicable,Not Applicable,Not Applicable,Ratio,Two,World Development Indicators (WDI),Annual,Units,Normal value,Public
datastructure,WB.DATA360:DS_DATA360(1.3),I,A,MDA,WB_WDI_SN_ITK_SVFI_ZS,_T,_T,_T,PT,_Z,_Z,_Z,2017,2.9,_Z,RATIO,2,WB_WDI,P1Y,0,A,PU,Annual,Moldova,Prevalence of severe food insecurity in the population (%),Total,All age ranges or no breakdown by age,Total,Percentage,Not Applicable,Not Applicable,Not Applicable,Not Applicable,Ratio,Two,World Development Indicators (WDI),Annual,Units,Normal value,Public
datastructure,WB.DATA360:DS_DATA360(1.3),I,A,MNE,WB_WDI_SN_ITK_SVFI_ZS,_T,_T,_T,PT,_Z,_Z,_Z,2017,2.3,_Z,RATIO,2,WB_WDI,P1Y,0,A,PU,Annual,Montenegro,Prevalence of severe food insecurity in the population (%),Total,All age ranges or no breakdown by age,Total,Percentage,Not Applicable,Not Applicable,Not Applicable,Not Applicable,Ratio,Two,World Development Indicators (WDI),Annual,Units,Normal value,Public
datastructure,WB.DATA360:DS_DATA360(1.3),I,A,JPN,WB_WDI_SN_ITK_SVFI_ZS,_T,_T,_T,PT,_Z,_Z,_Z,2020,0.9,_Z,RATIO,2,WB_WDI,P1Y,0,A,PU,Annual,Japan,Prevalence of severe food insecurity in the population (%),Total,All age ranges or no breakdown by age,Total,Percentage,Not Applicable,Not Applicable,Not Applicable,Not Applicable,Ratio,Two,World Development Indicators (WDI),Annual,Units,Normal value,Public
datastructure,WB.DATA360:DS_DATA360(1.3),I,A,KAZ,WB_WDI_SN_ITK_SVFI_ZS,_T,_T,_T,PT,_Z,_Z,_Z,2020,0.0,_Z,RATIO,2,WB_WDI,P1Y,0,A,PU,Annual,Kazakhstan,Prevalence of severe food insecurity in the population (%),Total,All age ranges or no breakdown by age,Total,Percentage,Not Applicable,Not Applicable,Not Applicable,Not Applicable,Ratio,Two,World Development Indicators (WDI),Annual,Units,Normal value,Public
datastructure,WB.DATA360:DS_DATA360(1.3),I,A,KEN,WB_WDI_SN_ITK_SVFI_ZS,_T,_T,_T,PT,_Z,_Z,_Z,2020,26.1,_Z,RATIO,2,WB_WDI,P1Y,0,A,PU,Annual,Kenya,Prevalence of severe food insecurity in the population (%),Total,All age ranges or no breakdown by age,Total,Percentage,Not Applicable,Not Applicable,Not Applicable,Not Applicable,Ratio,Two,World Development Indicators (WDI),Annual,Units,Normal value,Public
datastructure,WB.DATA360:DS_DATA360(1.3),I,A,KIR,WB_WDI_SN_ITK_SVFI_ZS,_T,_T,_T,PT,_Z,_Z,_Z,2020,8.0,_Z,RATIO,2,WB_WDI,P1Y,0,A,PU,Annual,Kiribati,Prevalence of severe food insecurity in the population (%),Total,All age ranges or no breakdown by age,Total,Percentage,Not Applicable,Not Applicable,Not Applicable,Not Applicable,Ratio,Two,World Development Indicators (WDI),Annual,Units,Normal value,Public
datastructure,WB.DATA360:DS_DATA360(1.3),I,A,KOR,WB_WDI_SN_ITK_SVFI_ZS,_T,_T,_T,PT,_Z,_Z,_Z,2020,0.7,_Z,RATIO,2,WB_WDI,P1Y,0,A,PU,Annual,"Korea, Rep.",Prevalence of severe food insecurity in the population (%),Total,All age ranges or no breakdown by age,Total,Percentage,Not Applicable,Not Applicable,Not Applicable,Not Applicable,Ratio,Two,World Development Indicators (WDI),Annual,Units,Normal value,Public
datastructure,WB.DATA360:DS_DATA360(1.3),I,A,KWT,WB_WDI_SN_ITK_SVFI_ZS,_T,_T,_T,PT,_Z,_Z,_Z,2020,4.9,_Z,RATIO,2,WB_WDI,P1Y,0,A,PU,Annual,Kuwait,Prevalence of severe food insecurity in the population (%),Total,All age ranges or no breakdown by age,Total,Percentage,Not Applicable,Not Applicable,Not Applicable,Not Applicable,Ratio,Two,World Development Indicators (WDI),Annual,Units,Normal value,Public
datastructure,WB.DATA360:DS_DATA360(1.3),I,A,KGZ,WB_WDI_SN_ITK_SVFI_ZS,_T,_T,_T,PT,_Z,_Z,_Z,2020,1.0,_Z,RATIO,2,WB_WDI,P1Y,0,A,PU,Annual,Kyrgyz Republic,Prevalence of severe food insecurity in the population (%),Total,All age ranges or no breakdown by age,Total,Percentage,Not Applicable,Not Applicable,Not Applicable,Not Applicable,Ratio,Two,World Development Indicators (WDI),Annual,Units,Normal value,Public
datastructure,WB.DATA360:DS_DATA360(1.3),I,A,LAO,WB_WDI_SN_ITK_SVFI_ZS,_T,_T,_T,PT,_Z,_Z,_Z,2020,8.3,_Z,RATIO,2,WB_WDI,P1Y,0,A,PU,Annual,Lao PDR,Prevalence of severe food insecurity in the population (%),Total,All age ranges or no breakdown by age,Total,Percentage,Not Applicable,Not Applicable,Not Applicable,Not Applicable,Ratio,Two,World Development Indicators (WDI),Annual,Units,Normal value,Public
datastructure,WB.DATA360:DS_DATA360(1.3),I,A,NOR,WB_WDI_SN_ITK_SVFI_ZS,_T,_T,_T,PT,_Z,_Z,_Z,2015,1.1,_Z,RATIO,2,WB_WDI,P1Y,0,A,PU,Annual,Norway,Prevalence of severe food insecurity in the population (%),Total,All age ranges or no breakdown by age,Total,Percentage,Not Applicable,Not Applicable,Not Applicable,Not Applicable,Ratio,Two,World Development Indicators (WDI),Annual,Units,Normal value,Public
datastructure,WB.DATA360:DS_DATA360(1.3),I,A,PAK,WB_WDI_SN_ITK_SVFI_ZS,_T,_T,_T,PT,_Z,_Z,_Z,2015,0.9,_Z,RATIO,2,WB_WDI,P1Y,0,A,PU,Annual,Pakistan,Prevalence of severe food insecurity in the population (%),Total,All age ranges or no breakdown by age,Total,Percentage,Not Applicable,Not Applicable,Not Applicable,Not Applicable,Ratio,Two,World Development Indicators (WDI),Annual,Units,Normal value,Public
datastructure,WB.DATA360:DS_DATA360(1.3),I,A,PRY,WB_WDI_SN_ITK_SVFI_ZS,_T,_T,_T,PT,_Z,_Z,_Z,2015,1.2,_Z,RATIO,2,WB_WDI,P1Y,0,A,PU,Annual,Paraguay,Prevalence of severe food insecurity in the population (%),Total,All age ranges or no breakdown by age,Total,Percentage,Not Applicable,Not Applicable,Not Applicable,Not Applicable,Ratio,Two,World Development Indicators (WDI),Annual,Units,Normal value,Public
datastructure,WB.DATA360:DS_DATA360(1.3),I,A,PER,WB_WDI_SN_ITK_SVFI_ZS,_T,_T,_T,PT,_Z,_Z,_Z,2015,9.9,_Z,RATIO,2,WB_WDI,P1Y,0,A,PU,Annual,Peru,Prevalence of severe food insecurity in the population (%),Total,All age ranges or no breakdown by age,Total,Percentage,Not Applicable,Not Applicable,Not Applicable,Not Applicable,Ratio,Two,World Development Indicators (WDI),Annual,Units,Normal value,Public
datastructure,WB.DATA360:DS_DATA360(1.3),I,A,POL,WB_WDI_SN_ITK_SVFI_ZS,_T,_T,_T,PT,_Z,_Z,_Z,2015,1.8,_Z,RATIO,2,WB_WDI,P1Y,0,A,PU,Annual,Poland,Prevalence of severe food insecurity in the population (%),Total,All age ranges or no breakdown by age,Total,Percentage,Not Applicable,Not Applicable,Not Applicable,Not Applicable,Ratio,Two,World Development Indicators (WDI),Annual,Units,Normal value,Public
datastructure,WB.DATA360:DS_DATA360(1.3),I,A,LVA,WB_WDI_SN_ITK_SVFI_ZS,_T,_T,_T,PT,_Z,_Z,_Z,2020,0.7,_Z,RATIO,2,WB_WDI,P1Y,0,A,PU,Annual,Latvia,Prevalence of severe food insecurity in the population (%),Total,All age ranges or no breakdown by age,Total,Percentage,Not Applicable,Not Applicable,Not Applicable,Not Applicable,Ratio,Two,World Development Indicators (WDI),Annual,Units,Normal value,Public
datastructure,WB.DATA360:DS_DATA360(1.3),I,A,LBN,WB_WDI_SN_ITK_SVFI_ZS,_T,_T,_T,PT,_Z,_Z,_Z,2020,10.2,_Z,RATIO,2,WB_WDI,P1Y,0,A,PU,Annual,Lebanon,Prevalence of severe food insecurity in the population (%),Total,All age ranges or no breakdown by age,Total,Percentage,Not Applicable,Not Applicable,Not Applicable,Not Applicable,Ratio,Two,World Development Indicators (WDI),Annual,Units,Normal value,Public
datastructure,WB.DATA360:DS_DATA360(1.3),I,A,LSO,WB_WDI_SN_ITK_SVFI_ZS,_T,_T,_T,PT,_Z,_Z,_Z,2020,26.4,_Z,RATIO,2,WB_WDI,P1Y,0,A,PU,Annual,Lesotho,Prevalence of severe food insecurity in the population (%),Total,All age ranges or no breakdown by age,Total,Percentage,Not Applicable,Not Applicable,Not Applicable,Not Applicable,Ratio,Two,World Development Indicators (WDI),Annual,Units,Normal value,Public
datastructure,WB.DATA360:DS_DATA360(1.3),I,A,LBR,WB_WDI_SN_ITK_SVFI_ZS,_T,_T,_T,PT,_Z,_Z,_Z,2020,37.3,_Z,RATIO,2,WB_WDI,P1Y,0,A,PU,Annual,Liberia,Prevalence of severe food insecurity in the population (%),Total,All age ranges or no breakdown by age,Total,Percentage,Not Applicable,Not Applicable,Not Applicable,Not Applicable,Ratio,Two,World Development Indicators (WDI),Annual,Units,Normal value,Public
datastructure,WB.DATA360:DS_DATA360(1.3),I,A,LBY,WB_WDI_SN_ITK_SVFI_ZS,_T,_T,_T,PT,_Z,_Z,_Z,2020,20.7,_Z,RATIO,2,WB_WDI,P1Y,0,A,PU,Annual,Libya,Prevalence of severe food insecurity in the population (%),Total,All age ranges or no breakdown by age,Total,Percentage,Not Applicable,Not Applicable,Not Applicable,Not Applicable,Ratio,Two,World Development Indicators (WDI),Annual,Units,Normal value,Public
datastructure,WB.DATA360:DS_DATA360(1.3),I,A,LTU,WB_WDI_SN_ITK_SVFI_ZS,_T,_T,_T,PT,_Z,_Z,_Z,2020,1.9,_Z,RATIO,2,WB_WDI,P1Y,0,A,PU,Annual,Lithuania,Prevalence of severe food insecurity in the population (%),Total,All age ranges or no breakdown by age,Total,Percentage,Not Applicable,Not Applicable,Not Applicable,Not Applicable,Ratio,Two,World Development Indicators (WDI),Annual,Units,Normal value,Public
datastructure,WB.DATA360:DS_DATA360(1.3),I,A,LUX,WB_WDI_SN_ITK_SVFI_ZS,_T,_T,_T,PT,_Z,_Z,_Z,2020,0.7,_Z,RATIO,2,WB_WDI,P1Y,0,A,PU,Annual,Luxembourg,Prevalence of severe food insecurity in the population (%),Total,All age ranges or no breakdown by age,Total,Percentage,Not Applicable,Not Applicable,Not Applicable,Not Applicable,Ratio,Two,World Development Indicators (WDI),Annual,Units,Normal value,Public
datastructure,WB.DATA360:DS_DATA360(1.3),I,A,MDG,WB_WDI_SN_ITK_SVFI_ZS,_T,_T,_T,PT,_Z,_Z,_Z,2020,10.3,_Z,RATIO,2,WB_WDI,P1Y,0,A,PU,Annual,Madagascar,Prevalence of severe food insecurity in the population (%),Total,All age ranges or no breakdown by age,Total,Percentage,Not Applicable,Not Applicable,Not Applicable,Not Applicable,Ratio,Two,World Development Indicators (WDI),Annual,Units,Normal value,Public
datastructure,WB.DATA360:DS_DATA360(1.3),I,A,MWI,WB_WDI_SN_ITK_SVFI_ZS,_T,_T,_T,PT,_Z,_Z,_Z,2020,51.0,_Z,RATIO,2,WB_WDI,P1Y,0,A,PU,Annual,Malawi,Prevalence of severe food insecurity in the population (%),Total,All age ranges or no breakdown by age,Total,Percentage,Not Applicable,Not Applicable,Not Applicable,Not Applicable,Ratio,Two,World Development Indicators (WDI),Annual,Units,Normal value,Public
datastructure,WB.DATA360:DS_DATA360(1.3),I,A,MYS,WB_WDI_SN_ITK_SVFI_ZS,_T,_T,_T,PT,_Z,_Z,_Z,2020,6.3,_Z,RATIO,2,WB_WDI,P1Y,0,A,PU,Annual,Malaysia,Prevalence of severe food insecurity in the population (%),Total,All age ranges or no breakdown by age,Total,Percentage,Not Applicable,Not Applicable,Not Applicable,Not Applicable,Ratio,Two,World Development Indicators (WDI),Annual,Units,Normal value,Public
datastructure,WB.DATA360:DS_DATA360(1.3),I,A,DEU,WB_WDI_SN_ITK_SVFI_ZS,_T,_T,_T,PT,_Z,_Z,_Z,2020,1.1,_Z,RATIO,2,WB_WDI,P1Y,0,A,PU,Annual,Germany,Prevalence of severe food insecurity in the population (%),Total,All age ranges or no breakdown by age,Total,Percentage,Not Applicable,Not Applicable,Not Applicable,Not Applicable,Ratio,Two,World Development Indicators (WDI),Annual,Units,Normal value,Public
datastructure,WB.DATA360:DS_DATA360(1.3),I,A,GHA,WB_WDI_SN_ITK_SVFI_ZS,_T,_T,_T,PT,_Z,_Z,_Z,2020,5.6,_Z,RATIO,2,WB_WDI,P1Y,0,A,PU,Annual,Ghana,Prevalence of severe food insecurity in the population (%),Total,All age ranges or no breakdown by age,Total,Percentage,Not Applicable,Not Applicable,Not Applicable,Not Applicable,Ratio,Two,World Development Indicators (WDI),Annual,Units,Normal value,Public
datastructure,WB.DATA360:DS_DATA360(1.3),I,A,GRC,WB_WDI_SN_ITK_SVFI_ZS,_T,_T,_T,PT,_Z,_Z,_Z,2020,1.5,_Z,RATIO,2,WB_WDI,P1Y,0,A,PU,Annual,Greece,Prevalence of severe food insecurity in the population (%),Total,All age ranges or no breakdown by age,Total,Percentage,Not Applicable,Not Applicable,Not Applicable,Not Applicable,Ratio,Two,World Development Indicators (WDI),Annual,Units,Normal value,Public
datastructure,WB.DATA360:DS_DATA360(1.3),I,A,GRD,WB_WDI_SN_ITK_SVFI_ZS,_T,_T,_T,PT,_Z,_Z,_Z,2020,7.5,_Z,RATIO,2,WB_WDI,P1Y,0,A,PU,Annual,Grenada,Prevalence of severe food insecurity in the population (%),Total,All age ranges or no breakdown by age,Total,Percentage,Not Applicable,Not Applicable,Not Applicable,Not Applicable,Ratio,Two,World Development Indicators (WDI),Annual,Units,Normal value,Public
datastructure,WB.DATA360:DS_DATA360(1.3),I,A,GTM,WB_WDI_SN_ITK_SVFI_ZS,_T,_T,_T,PT,_Z,_Z,_Z,2020,20.7,_Z,RATIO,2,WB_WDI,P1Y,0,A,PU,Annual,Guatemala,Prevalence of severe food insecurity in the population (%),Total,All age ranges or no breakdown by age,Total,Percentage,Not Applicable,Not Applicable,Not Applicable,Not Applicable,Ratio,Two,World Development Indicators (WDI),Annual,Units,Normal value,Public
datastructure,WB.DATA360:DS_DATA360(1.3),I,A,GNB,WB_WDI_SN_ITK_SVFI_ZS,_T,_T,_T,PT,_Z,_Z,_Z,2020,8.7,_Z,RATIO,2,WB_WDI,P1Y,0,A,PU,Annual,Guinea-Bissau,Prevalence of severe food insecurity in the population (%),Total,All age ranges or no breakdown by age,Total,Percentage,Not Applicable,Not Applicable,Not Applicable,Not Applicable,Ratio,Two,World Development Indicators (WDI),Annual,Units,Normal value,Public
datastructure,WB.DATA360:DS_DATA360(1.3),I,A,HTI,WB_WDI_SN_ITK_SVFI_ZS,_T,_T,_T,PT,_Z,_Z,_Z,2020,45.2,_Z,RATIO,2,WB_WDI,P1Y,0,A,PU,Annual,Haiti,Prevalence of severe food insecurity in the population (%),Total,All age ranges or no breakdown by age,Total,Percentage,Not Applicable,Not Applicable,Not Applicable,Not Applicable,Ratio,Two,World Development Indicators (WDI),Annual,Units,Normal value,Public
datastructure,WB.DATA360:DS_DATA360(1.3),I,A,HND,WB_WDI_SN_ITK_SVFI_ZS,_T,_T,_T,PT,_Z,_Z,_Z,2020,15.1,_Z,RATIO,2,WB_WDI,P1Y,0,A,PU,Annual,Honduras,Prevalence of severe food insecurity in the population (%),Total,All age ranges or no breakdown by age,Total,Percentage,Not Applicable,Not Applicable,Not Applicable,Not Applicable,Ratio,Two,World Development Indicators (WDI),Annual,Units,Normal value,Public
datastructure,WB.DATA360:DS_DATA360(1.3),I,A,ALB,WB_WDI_SN_ITK_SVFI_ZS,_T,_T,_T,PT,_Z,_Z,_Z,2023,8.4,_Z,RATIO,2,WB_WDI,P1Y,0,A,PU,Annual,Albania,Prevalence of severe food insecurity in the population (%),Total,All age ranges or no breakdown by age,Total,Percentage,Not Applicable,Not Applicable,Not Applicable,Not Applicable,Ratio,Two,World Development Indicators (WDI),Annual,Units,Normal value,Public
datastructure,WB.DATA360:DS_DATA360(1.3),I,A,DZA,WB_WDI_SN_ITK_SVFI_ZS,_T,_T,_T,PT,_Z,_Z,_Z,2023,4.9,_Z,RATIO,2,WB_WDI,P1Y,0,A,PU,Annual,Algeria,Prevalence of severe food insecurity in the population (%),Total,All age ranges or no breakdown by age,Total,Percentage,Not Applicable,Not Applicable,Not Applicable,Not Applicable,Ratio,Two,World Development Indicators (WDI),Annual,Units,Normal value,Public
datastructure,WB.DATA360:DS_DATA360(1.3),I,A,ATG,WB_WDI_SN_ITK_SVFI_ZS,_T,_T,_T,PT,_Z,_Z,_Z,2023,3.4,_Z,RATIO,2,WB_WDI,P1Y,0,A,PU,Annual,Antigua and Barbuda,Prevalence of severe food insecurity in the population (%),Total,All age ranges or no breakdown by age,Total,Percentage,Not Applicable,Not Applicable,Not Applicable,Not Applicable,Ratio,Two,World Development Indicators (WDI),Annual,Units,Normal value,Public
datastructure,WB.DATA360:DS_DATA360(1.3),I,A,ARG,WB_WDI_SN_ITK_SVFI_ZS,_T,_T,_T,PT,_Z,_Z,_Z,2023,12.3,_Z,RATIO,2,WB_WDI,P1Y,0,A,PU,Annual,Argentina,Prevalence of severe food insecurity in the population (%),Total,All age ranges or no breakdown by age,Total,Percentage,Not Applicable,Not Applicable,Not Applicable,Not Applicable,Ratio,Two,World Development Indicators (WDI),Annual,Units,Normal value,Public
datastructure,WB.DATA360:DS_DATA360(1.3),I,A,ARM,WB_WDI_SN_ITK_SVFI_ZS,_T,_T,_T,PT,_Z,_Z,_Z,2023,0.0,_Z,RATIO,2,WB_WDI,P1Y,0,A,PU,Annual,Armenia,Prevalence of severe food insecurity in the population (%),Total,All age ranges or no breakdown by age,Total,Percentage,Not Applicable,Not Applicable,Not Applicable,Not Applicable,Ratio,Two,World Development Indicators (WDI),Annual,Units,Normal value,Public
datastructure,WB.DATA360:DS_DATA360(1.3),I,A,AUS,WB_WDI_SN_ITK_SVFI_ZS,_T,_T,_T,PT,_Z,_Z,_Z,2023,3.7,_Z,RATIO,2,WB_WDI,P1Y,0,A,PU,Annual,Australia,Prevalence of severe food insecurity in the population (%),Total,All age ranges or no breakdown by age,Total,Percentage,Not Applicable,Not Applicable,Not Applicable,Not Applicable,Ratio,Two,World Development Indicators (WDI),Annual,Units,Normal value,Public
datastructure,WB.DATA360:DS_DATA360(1.3),I,A,AUT,WB_WDI_SN_ITK_SVFI_ZS,_T,_T,_T,PT,_Z,_Z,_Z,2023,1.5,_Z,RATIO,2,WB_WDI,P1Y,0,A,PU,Annual,Austria,Prevalence of severe food insecurity in the population (%),Total,All age ranges or no breakdown by age,Total,Percentage,Not Applicable,Not Applicable,Not Applicable,Not Applicable,Ratio,Two,World Development Indicators (WDI),Annual,Units,Normal value,Public
datastructure,WB.DATA360:DS_DATA360(1.3),I,A,AZE,WB_WDI_SN_ITK_SVFI_ZS,_T,_T,_T,PT,_Z,_Z,_Z,2023,1.3,_Z,RATIO,2,WB_WDI,P1Y,0,A,PU,Annual,Azerbaijan,Prevalence of severe food insecurity in the population (%),Total,All age ranges or no breakdown by age,Total,Percentage,Not Applicable,Not Applicable,Not Applicable,Not Applicable,Ratio,Two,World Development Indicators (WDI),Annual,Units,Normal value,Public
datastructure,WB.DATA360:DS_DATA360(1.3),I,A,PRY,WB_WDI_SN_ITK_SVFI_ZS,_T,_T,_T,PT,_Z,_Z,_Z,2021,6.1,_Z,RATIO,2,WB_WDI,P1Y,0,A,PU,Annual,Paraguay,Prevalence of severe food insecurity in the population (%),Total,All age ranges or no breakdown by age,Total,Percentage,Not Applicable,Not Applicable,Not Applicable,Not Applicable,Ratio,Two,World Development Indicators (WDI),Annual,Units,Normal value,Public
datastructure,WB.DATA360:DS_DATA360(1.3),I,A,PER,WB_WDI_SN_ITK_SVFI_ZS,_T,_T,_T,PT,_Z,_Z,_Z,2021,14.9,_Z,RATIO,2,WB_WDI,P1Y,0,A,PU,Annual,Peru,Prevalence of severe food insecurity in the population (%),Total,All age ranges or no breakdown by age,Total,Percentage,Not Applicable,Not Applicable,Not Applicable,Not Applicable,Ratio,Two,World Development Indicators (WDI),Annual,Units,Normal value,Public
datastructure,WB.DATA360:DS_DATA360(1.3),I,A,PHL,WB_WDI_SN_ITK_SVFI_ZS,_T,_T,_T,PT,_Z,_Z,_Z,2021,3.2,_Z,RATIO,2,WB_WDI,P1Y,0,A,PU,Annual,Philippines,Prevalence of severe food insecurity in the population (%),Total,All age ranges or no breakdown by age,Total,Percentage,Not Applicable,Not Applicable,Not Applicable,Not Applicable,Ratio,Two,World Development Indicators (WDI),Annual,Units,Normal value,Public
datastructure,WB.DATA360:DS_DATA360(1.3),I,A,POL,WB_WDI_SN_ITK_SVFI_ZS,_T,_T,_T,PT,_Z,_Z,_Z,2021,1.0,_Z,RATIO,2,WB_WDI,P1Y,0,A,PU,Annual,Poland,Prevalence of severe food insecurity in the population (%),Total,All age ranges or no breakdown by age,Total,Percentage,Not Applicable,Not Applicable,Not Applicable,Not Applicable,Ratio,Two,World Development Indicators (WDI),Annual,Units,Normal value,Public
datastructure,WB.DATA360:DS_DATA360(1.3),I,A,PRT,WB_WDI_SN_ITK_SVFI_ZS,_T,_T,_T,PT,_Z,_Z,_Z,2021,3.9,_Z,RATIO,2,WB_WDI,P1Y,0,A,PU,Annual,Portugal,Prevalence of severe food insecurity in the population (%),Total,All age ranges or no breakdown by age,Total,Percentage,Not Applicable,Not Applicable,Not Applicable,Not Applicable,Ratio,Two,World Development Indicators (WDI),Annual,Units,Normal value,Public
datastructure,WB.DATA360:DS_DATA360(1.3),I,A,ROU,WB_WDI_SN_ITK_SVFI_ZS,_T,_T,_T,PT,_Z,_Z,_Z,2021,5.7,_Z,RATIO,2,WB_WDI,P1Y,0,A,PU,Annual,Romania,Prevalence of severe food insecurity in the population (%),Total,All age ranges or no breakdown by age,Total,Percentage,Not Applicable,Not Applicable,Not Applicable,Not Applicable,Ratio,Two,World Development Indicators (WDI),Annual,Units,Normal value,Public
datastructure,WB.DATA360:DS_DATA360(1.3),I,A,RUS,WB_WDI_SN_ITK_SVFI_ZS,_T,_T,_T,PT,_Z,_Z,_Z,2021,0.0,_Z,RATIO,2,WB_WDI,P1Y,0,A,PU,Annual,Russian Federation,Prevalence of severe food insecurity in the population (%),Total,All age ranges or no breakdown by age,Total,Percentage,Not Applicable,Not Applicable,Not Applicable,Not Applicable,Ratio,Two,World Development Indicators (WDI),Annual,Units,Normal value,Public
datastructure,WB.DATA360:DS_DATA360(1.3),I,A,WSM,WB_WDI_SN_ITK_SVFI_ZS,_T,_T,_T,PT,_Z,_Z,_Z,2021,4.1,_Z,RATIO,2,WB_WDI,P1Y,0,A,PU,Annual,Samoa,Prevalence of severe food insecurity in the population (%),Total,All age ranges or no breakdown by age,Total,Percentage,Not Applicable,Not Applicable,Not Applicable,Not Applicable,Ratio,Two,World Development Indicators (WDI),Annual,Units,Normal value,Public
datastructure,WB.DATA360:DS_DATA360(1.3),I,A,HIC,WB_WDI_SN_ITK_SVFI_ZS,_T,_T,_T,PT,_Z,_Z,_Z,2021,1.611487,_Z,RATIO,2,WB_WDI,P1Y,0,A,PU,Annual,High income,Prevalence of severe food insecurity in the population (%),Total,All age ranges or no breakdown by age,Total,Percentage,Not Applicable,Not Applicable,Not Applicable,Not Applicable,Ratio,Two,World Development Indicators (WDI),Annual,Units,Normal value,Public
datastructure,WB.DATA360:DS_DATA360(1.3),I,A,IBD,WB_WDI_SN_ITK_SVFI_ZS,_T,_T,_T,PT,_Z,_Z,_Z,2021,9.825758,_Z,RATIO,2,WB_WDI,P1Y,0,A,PU,Annual,IBRD only,Prevalence of severe food insecurity in the population (%),Total,All age ranges or no breakdown by age,Total,Percentage,Not Applicable,Not Applicable,Not Applicable,Not Applicable,Ratio,Two,World Development Indicators (WDI),Annual,Units,Normal value,Public
datastructure,WB.DATA360:DS_DATA360(1.3),I,A,IBT,WB_WDI_SN_ITK_SVFI_ZS,_T,_T,_T,PT,_Z,_Z,_Z,2021,12.5946745,_Z,RATIO,2,WB_WDI,P1Y,0,A,PU,Annual,IDA & IBRD total,Prevalence of severe food insecurity in the population (%),Total,All age ranges or no breakdown by age,Total,Percentage,Not Applicable,Not Applicable,Not Applicable,Not Applicable,Ratio,Two,World Development Indicators (WDI),Annual,Units,Normal value,Public
datastructure,WB.DATA360:DS_DATA360(1.3),I,A,IDA,WB_WDI_SN_ITK_SVFI_ZS,_T,_T,_T,PT,_Z,_Z,_Z,2021,20.0655024,_Z,RATIO,2,WB_WDI,P1Y,0,A,PU,Annual,IDA total,Prevalence of severe food insecurity in the population (%),Total,All age ranges or no breakdown by age,Total,Percentage,Not Applicable,Not Applicable,Not Applicable,Not Applicable,Ratio,Two,World Development Indicators (WDI),Annual,Units,Normal value,Public
datastructure,WB.DATA360:DS_DATA360(1.3),I,A,LCN,WB_WDI_SN_ITK_SVFI_ZS,_T,_T,_T,PT,_Z,_Z,_Z,2021,11.5225313,_Z,RATIO,2,WB_WDI,P1Y,0,A,PU,Annual,Latin America & Caribbean,Prevalence of severe food insecurity in the population (%),Total,All age ranges or no breakdown by age,Total,Percentage,Not Applicable,Not Applicable,Not Applicable,Not Applicable,Ratio,Two,World Development Indicators (WDI),Annual,Units,Normal value,Public
datastructure,WB.DATA360:DS_DATA360(1.3),I,A,TLA,WB_WDI_SN_ITK_SVFI_ZS,_T,_T,_T,PT,_Z,_Z,_Z,2021,11.3608067,_Z,RATIO,2,WB_WDI,P1Y,0,A,PU,Annual,Latin America & Caribbean (IDA & IBRD),Prevalence of severe food insecurity in the population (%),Total,All age ranges or no breakdown by age,Total,Percentage,Not Applicable,Not Applicable,Not Applicable,Not Applicable,Ratio,Two,World Development Indicators (WDI),Annual,Units,Normal value,Public
datastructure,WB.DATA360:DS_DATA360(1.3),I,A,LDC,WB_WDI_SN_ITK_SVFI_ZS,_T,_T,_T,PT,_Z,_Z,_Z,2021,21.7675902,_Z,RATIO,2,WB_WDI,P1Y,0,A,PU,Annual,Least developed countries: UN classification,Prevalence of severe food insecurity in the population (%),Total,All age ranges or no breakdown by age,Total,Percentage,Not Applicable,Not Applicable,Not Applicable,Not Applicable,Ratio,Two,World Development Indicators (WDI),Annual,Units,Normal value,Public
datastructure,WB.DATA360:DS_DATA360(1.3),I,A,ECU,WB_WDI_SN_ITK_SVFI_ZS,_T,_T,_T,PT,_Z,_Z,_Z,2023,11.9,_Z,RATIO,2,WB_WDI,P1Y,0,A,PU,Annual,Ecuador,Prevalence of severe food insecurity in the population (%),Total,All age ranges or no breakdown by age,Total,Percentage,Not Applicable,Not Applicable,Not Applicable,Not Applicable,Ratio,Two,World Development Indicators (WDI),Annual,Units,Normal value,Public
datastructure,WB.DATA360:DS_DATA360(1.3),I,A,EGY,WB_WDI_SN_ITK_SVFI_ZS,_T,_T,_T,PT,_Z,_Z,_Z,2023,12.0,_Z,RATIO,2,WB_WDI,P1Y,0,A,PU,Annual,"Egypt, Arab Rep.",Prevalence of severe food insecurity in the population (%),Total,All age ranges or no breakdown by age,Total,Percentage,Not Applicable,Not Applicable,Not Applicable,Not Applicable,Ratio,Two,World Development Indicators (WDI),Annual,Units,Normal value,Public
datastructure,WB.DATA360:DS_DATA360(1.3),I,A,SLV,WB_WDI_SN_ITK_SVFI_ZS,_T,_T,_T,PT,_Z,_Z,_Z,2023,15.4,_Z,RATIO,2,WB_WDI,P1Y,0,A,PU,Annual,El Salvador,Prevalence of severe food insecurity in the population (%),Total,All age ranges or no breakdown by age,Total,Percentage,Not Applicable,Not Applicable,Not Applicable,Not Applicable,Ratio,Two,World Development Indicators (WDI),Annual,Units,Normal value,Public
datastructure,WB.DATA360:DS_DATA360(1.3),I,A,EST,WB_WDI_SN_ITK_SVFI_ZS,_T,_T,_T,PT,_Z,_Z,_Z,2023,1.1,_Z,RATIO,2,WB_WDI,P1Y,0,A,PU,Annual,Estonia,Prevalence of severe food insecurity in the population (%),Total,All age ranges or no breakdown by age,Total,Percentage,Not Applicable,Not Applicable,Not Applicable,Not Applicable,Ratio,Two,World Development Indicators (WDI),Annual,Units,Normal value,Public
datastructure,WB.DATA360:DS_DATA360(1.3),I,A,SWZ,WB_WDI_SN_ITK_SVFI_ZS,_T,_T,_T,PT,_Z,_Z,_Z,2023,22.2,_Z,RATIO,2,WB_WDI,P1Y,0,A,PU,Annual,Eswatini,Prevalence of severe food insecurity in the population (%),Total,All age ranges or no breakdown by age,Total,Percentage,Not Applicable,Not Applicable,Not Applicable,Not Applicable,Ratio,Two,World Development Indicators (WDI),Annual,Units,Normal value,Public
datastructure,WB.DATA360:DS_DATA360(1.3),I,A,ETH,WB_WDI_SN_ITK_SVFI_ZS,_T,_T,_T,PT,_Z,_Z,_Z,2023,19.0,_Z,RATIO,2,WB_WDI,P1Y,0,A,PU,Annual,Ethiopia,Prevalence of severe food insecurity in the population (%),Total,All age ranges or no breakdown by age,Total,Percentage,Not Applicable,Not Applicable,Not Applicable,Not Applicable,Ratio,Two,World Development Indicators (WDI),Annual,Units,Normal value,Public
datastructure,WB.DATA360:DS_DATA360(1.3),I,A,FIN,WB_WDI_SN_ITK_SVFI_ZS,_T,_T,_T,PT,_Z,_Z,_Z,2023,2.9,_Z,RATIO,2,WB_WDI,P1Y,0,A,PU,Annual,Finland,Prevalence of severe food insecurity in the population (%),Total,All age ranges or no breakdown by age,Total,Percentage,Not Applicable,Not Applicable,Not Applicable,Not Applicable,Ratio,Two,World Development Indicators (WDI),Annual,Units,Normal value,Public
datastructure,WB.DATA360:DS_DATA360(1.3),I,A,FRA,WB_WDI_SN_ITK_SVFI_ZS,_T,_T,_T,PT,_Z,_Z,_Z,2023,2.7,_Z,RATIO,2,WB_WDI,P1Y,0,A,PU,Annual,France,Prevalence of severe food insecurity in the population (%),Total,All age ranges or no breakdown by age,Total,Percentage,Not Applicable,Not Applicable,Not Applicable,Not Applicable,Ratio,Two,World Development Indicators (WDI),Annual,Units,Normal value,Public
datastructure,WB.DATA360:DS_DATA360(1.3),I,A,NER,WB_WDI_SN_ITK_SVFI_ZS,_T,_T,_T,PT,_Z,_Z,_Z,2018,9.7,_Z,RATIO,2,WB_WDI,P1Y,0,A,PU,Annual,Niger,Prevalence of severe food insecurity in the population (%),Total,All age ranges or no breakdown by age,Total,Percentage,Not Applicable,Not Applicable,Not Applicable,Not Applicable,Ratio,Two,World Development Indicators (WDI),Annual,Units,Normal value,Public
datastructure,WB.DATA360:DS_DATA360(1.3),I,A,NGA,WB_WDI_SN_ITK_SVFI_ZS,_T,_T,_T,PT,_Z,_Z,_Z,2018,15.1,_Z,RATIO,2,WB_WDI,P1Y,0,A,PU,Annual,Nigeria,Prevalence of severe food insecurity in the population (%),Total,All age ranges or no breakdown by age,Total,Percentage,Not Applicable,Not Applicable,Not Applicable,Not Applicable,Ratio,Two,World Development Indicators (WDI),Annual,Units,Normal value,Public
datastructure,WB.DATA360:DS_DATA360(1.3),I,A,MKD,WB_WDI_SN_ITK_SVFI_ZS,_T,_T,_T,PT,_Z,_Z,_Z,2018,3.2,_Z,RATIO,2,WB_WDI,P1Y,0,A,PU,Annual,North Macedonia,Prevalence of severe food insecurity in the population (%),Total,All age ranges or no breakdown by age,Total,Percentage,Not Applicable,Not Applicable,Not Applicable,Not Applicable,Ratio,Two,World Development Indicators (WDI),Annual,Units,Normal value,Public
datastructure,WB.DATA360:DS_DATA360(1.3),I,A,NOR,WB_WDI_SN_ITK_SVFI_ZS,_T,_T,_T,PT,_Z,_Z,_Z,2018,1.1,_Z,RATIO,2,WB_WDI,P1Y,0,A,PU,Annual,Norway,Prevalence of severe food insecurity in the population (%),Total,All age ranges or no breakdown by age,Total,Percentage,Not Applicable,Not Applicable,Not Applicable,Not Applicable,Ratio,Two,World Development Indicators (WDI),Annual,Units,Normal value,Public
datastructure,WB.DATA360:DS_DATA360(1.3),I,A,PAK,WB_WDI_SN_ITK_SVFI_ZS,_T,_T,_T,PT,_Z,_Z,_Z,2018,1.6,_Z,RATIO,2,WB_WDI,P1Y,0,A,PU,Annual,Pakistan,Prevalence of severe food insecurity in the population (%),Total,All age ranges or no breakdown by age,Total,Percentage,Not Applicable,Not Applicable,Not Applicable,Not Applicable,Ratio,Two,World Development Indicators (WDI),Annual,Units,Normal value,Public
datastructure,WB.DATA360:DS_DATA360(1.3),I,A,PNG,WB_WDI_SN_ITK_SVFI_ZS,_T,_T,_T,PT,_Z,_Z,_Z,2018,27.0,_Z,RATIO,2,WB_WDI,P1Y,0,A,PU,Annual,Papua New Guinea,Prevalence of severe food insecurity in the population (%),Total,All age ranges or no breakdown by age,Total,Percentage,Not Applicable,Not Applicable,Not Applicable,Not Applicable,Ratio,Two,World Development Indicators (WDI),Annual,Units,Normal value,Public
datastructure,WB.DATA360:DS_DATA360(1.3),I,A,PRY,WB_WDI_SN_ITK_SVFI_ZS,_T,_T,_T,PT,_Z,_Z,_Z,2018,4.1,_Z,RATIO,2,WB_WDI,P1Y,0,A,PU,Annual,Paraguay,Prevalence of severe food insecurity in the population (%),Total,All age ranges or no breakdown by age,Total,Percentage,Not Applicable,Not Applicable,Not Applicable,Not Applicable,Ratio,Two,World Development Indicators (WDI),Annual,Units,Normal value,Public
datastructure,WB.DATA360:DS_DATA360(1.3),I,A,ZAF,WB_WDI_SN_ITK_SVFI_ZS,_T,_T,_T,PT,_Z,_Z,_Z,2021,8.4,_Z,RATIO,2,WB_WDI,P1Y,0,A,PU,Annual,South Africa,Prevalence of severe food insecurity in the population (%),Total,All age ranges or no breakdown by age,Total,Percentage,Not Applicable,Not Applicable,Not Applicable,Not Applicable,Ratio,Two,World Development Indicators (WDI),Annual,Units,Normal value,Public
datastructure,WB.DATA360:DS_DATA360(1.3),I,A,SSD,WB_WDI_SN_ITK_SVFI_ZS,_T,_T,_T,PT,_Z,_Z,_Z,2021,63.2,_Z,RATIO,2,WB_WDI,P1Y,0,A,PU,Annual,South Sudan,Prevalence of severe food insecurity in the population (%),Total,All age ranges or no breakdown by age,Total,Percentage,Not Applicable,Not Applicable,Not Applicable,Not Applicable,Ratio,Two,World Development Indicators (WDI),Annual,Units,Normal value,Public
datastructure,WB.DATA360:DS_DATA360(1.3),I,A,ESP,WB_WDI_SN_ITK_SVFI_ZS,_T,_T,_T,PT,_Z,_Z,_Z,2021,1.8,_Z,RATIO,2,WB_WDI,P1Y,0,A,PU,Annual,Spain,Prevalence of severe food insecurity in the population (%),Total,All age ranges or no breakdown by age,Total,Percentage,Not Applicable,Not Applicable,Not Applicable,Not Applicable,Ratio,Two,World Development Indicators (WDI),Annual,Units,Normal value,Public
datastructure,WB.DATA360:DS_DATA360(1.3),I,A,LKA,WB_WDI_SN_ITK_SVFI_ZS,_T,_T,_T,PT,_Z,_Z,_Z,2021,1.2,_Z,RATIO,2,WB_WDI,P1Y,0,A,PU,Annual,Sri Lanka,Prevalence of severe food insecurity in the population (%),Total,All age ranges or no breakdown by age,Total,Percentage,Not Applicable,Not Applicable,Not Applicable,Not Applicable,Ratio,Two,World Development Indicators (WDI),Annual,Units,Normal value,Public
datastructure,WB.DATA360:DS_DATA360(1.3),I,A,SUR,WB_WDI_SN_ITK_SVFI_ZS,_T,_T,_T,PT,_Z,_Z,_Z,2021,7.2,_Z,RATIO,2,WB_WDI,P1Y,0,A,PU,Annual,Suriname,Prevalence of severe food insecurity in the population (%),Total,All age ranges or no breakdown by age,Total,Percentage,Not Applicable,Not Applicable,Not Applicable,Not Applicable,Ratio,Two,World Development Indicators (WDI),Annual,Units,Normal value,Public
datastructure,WB.DATA360:DS_DATA360(1.3),I,A,SWE,WB_WDI_SN_ITK_SVFI_ZS,_T,_T,_T,PT,_Z,_Z,_Z,2021,1.4,_Z,RATIO,2,WB_WDI,P1Y,0,A,PU,Annual,Sweden,Prevalence of severe food insecurity in the population (%),Total,All age ranges or no breakdown by age,Total,Percentage,Not Applicable,Not Applicable,Not Applicable,Not Applicable,Ratio,Two,World Development Indicators (WDI),Annual,Units,Normal value,Public
datastructure,WB.DATA360:DS_DATA360(1.3),I,A,CHE,WB_WDI_SN_ITK_SVFI_ZS,_T,_T,_T,PT,_Z,_Z,_Z,2021,0.6,_Z,RATIO,2,WB_WDI,P1Y,0,A,PU,Annual,Switzerland,Prevalence of severe food insecurity in the population (%),Total,All age ranges or no breakdown by age,Total,Percentage,Not Applicable,Not Applicable,Not Applicable,Not Applicable,Ratio,Two,World Development Indicators (WDI),Annual,Units,Normal value,Public
datastructure,WB.DATA360:DS_DATA360(1.3),I,A,MWI,WB_WDI_SN_ITK_SVFI_ZS,_T,_T,_T,PT,_Z,_Z,_Z,2018,48.3,_Z,RATIO,2,WB_WDI,P1Y,0,A,PU,Annual,Malawi,Prevalence of severe food insecurity in the population (%),Total,All age ranges or no breakdown by age,Total,Percentage,Not Applicable,Not Applicable,Not Applicable,Not Applicable,Ratio,Two,World Development Indicators (WDI),Annual,Units,Normal value,Public
datastructure,WB.DATA360:DS_DATA360(1.3),I,A,MYS,WB_WDI_SN_ITK_SVFI_ZS,_T,_T,_T,PT,_Z,_Z,_Z,2018,6.7,_Z,RATIO,2,WB_WDI,P1Y,0,A,PU,Annual,Malaysia,Prevalence of severe food insecurity in the population (%),Total,All age ranges or no breakdown by age,Total,Percentage,Not Applicable,Not Applicable,Not Applicable,Not Applicable,Ratio,Two,World Development Indicators (WDI),Annual,Units,Normal value,Public
datastructure,WB.DATA360:DS_DATA360(1.3),I,A,MLI,WB_WDI_SN_ITK_SVFI_ZS,_T,_T,_T,PT,_Z,_Z,_Z,2018,3.1,_Z,RATIO,2,WB_WDI,P1Y,0,A,PU,Annual,Mali,Prevalence of severe food insecurity in the population (%),Total,All age ranges or no breakdown by age,Total,Percentage,Not Applicable,Not Applicable,Not Applicable,Not Applicable,Ratio,Two,World Development Indicators (WDI),Annual,Units,Normal value,Public
datastructure,WB.DATA360:DS_DATA360(1.3),I,A,MLT,WB_WDI_SN_ITK_SVFI_ZS,_T,_T,_T,PT,_Z,_Z,_Z,2018,0.8,_Z,RATIO,2,WB_WDI,P1Y,0,A,PU,Annual,Malta,Prevalence of severe food insecurity in the population (%),Total,All age ranges or no breakdown by age,Total,Percentage,Not Applicable,Not Applicable,Not Applicable,Not Applicable,Ratio,Two,World Development Indicators (WDI),Annual,Units,Normal value,Public
datastructure,WB.DATA360:DS_DATA360(1.3),I,A,MRT,WB_WDI_SN_ITK_SVFI_ZS,_T,_T,_T,PT,_Z,_Z,_Z,2018,5.9,_Z,RATIO,2,WB_WDI,P1Y,0,A,PU,Annual,Mauritania,Prevalence of severe food insecurity in the population (%),Total,All age ranges or no breakdown by age,Total,Percentage,Not Applicable,Not Applicable,Not Applicable,Not Applicable,Ratio,Two,World Development Indicators (WDI),Annual,Units,Normal value,Public
datastructure,WB.DATA360:DS_DATA360(1.3),I,A,MUS,WB_WDI_SN_ITK_SVFI_ZS,_T,_T,_T,PT,_Z,_Z,_Z,2018,6.8,_Z,RATIO,2,WB_WDI,P1Y,0,A,PU,Annual,Mauritius,Prevalence of severe food insecurity in the population (%),Total,All age ranges or no breakdown by age,Total,Percentage,Not Applicable,Not Applicable,Not Applicable,Not Applicable,Ratio,Two,World Development Indicators (WDI),Annual,Units,Normal value,Public
datastructure,WB.DATA360:DS_DATA360(1.3),I,A,MEX,WB_WDI_SN_ITK_SVFI_ZS,_T,_T,_T,PT,_Z,_Z,_Z,2018,3.8,_Z,RATIO,2,WB_WDI,P1Y,0,A,PU,Annual,Mexico,Prevalence of severe food insecurity in the population (%),Total,All age ranges or no breakdown by age,Total,Percentage,Not Applicable,Not Applicable,Not Applicable,Not Applicable,Ratio,Two,World Development Indicators (WDI),Annual,Units,Normal value,Public
datastructure,WB.DATA360:DS_DATA360(1.3),I,A,MDA,WB_WDI_SN_ITK_SVFI_ZS,_T,_T,_T,PT,_Z,_Z,_Z,2018,4.0,_Z,RATIO,2,WB_WDI,P1Y,0,A,PU,Annual,Moldova,Prevalence of severe food insecurity in the population (%),Total,All age ranges or no breakdown by age,Total,Percentage,Not Applicable,Not Applicable,Not Applicable,Not Applicable,Ratio,Two,World Development Indicators (WDI),Annual,Units,Normal value,Public
datastructure,WB.DATA360:DS_DATA360(1.3),I,A,STP,WB_WDI_SN_ITK_SVFI_ZS,_T,_T,_T,PT,_Z,_Z,_Z,2021,14.1,_Z,RATIO,2,WB_WDI,P1Y,0,A,PU,Annual,São Tomé and Príncipe,Prevalence of severe food insecurity in the population (%),Total,All age ranges or no breakdown by age,Total,Percentage,Not Applicable,Not Applicable,Not Applicable,Not Applicable,Ratio,Two,World Development Indicators (WDI),Annual,Units,Normal value,Public
datastructure,WB.DATA360:DS_DATA360(1.3),I,A,SEN,WB_WDI_SN_ITK_SVFI_ZS,_T,_T,_T,PT,_Z,_Z,_Z,2021,4.5,_Z,RATIO,2,WB_WDI,P1Y,0,A,PU,Annual,Senegal,Prevalence of severe food insecurity in the population (%),Total,All age ranges or no breakdown by age,Total,Percentage,Not Applicable,Not Applicable,Not Applicable,Not Applicable,Ratio,Two,World Development Indicators (WDI),Annual,Units,Normal value,Public
datastructure,WB.DATA360:DS_DATA360(1.3),I,A,SRB,WB_WDI_SN_ITK_SVFI_ZS,_T,_T,_T,PT,_Z,_Z,_Z,2021,4.1,_Z,RATIO,2,WB_WDI,P1Y,0,A,PU,Annual,Serbia,Prevalence of severe food insecurity in the population (%),Total,All age ranges or no breakdown by age,Total,Percentage,Not Applicable,Not Applicable,Not Applicable,Not Applicable,Ratio,Two,World Development Indicators (WDI),Annual,Units,Normal value,Public
datastructure,WB.DATA360:DS_DATA360(1.3),I,A,SLE,WB_WDI_SN_ITK_SVFI_ZS,_T,_T,_T,PT,_Z,_Z,_Z,2021,31.9,_Z,RATIO,2,WB_WDI,P1Y,0,A,PU,Annual,Sierra Leone,Prevalence of severe food insecurity in the population (%),Total,All age ranges or no breakdown by age,Total,Percentage,Not Applicable,Not Applicable,Not Applicable,Not Applicable,Ratio,Two,World Development Indicators (WDI),Annual,Units,Normal value,Public
datastructure,WB.DATA360:DS_DATA360(1.3),I,A,SGP,WB_WDI_SN_ITK_SVFI_ZS,_T,_T,_T,PT,_Z,_Z,_Z,2021,1.7,_Z,RATIO,2,WB_WDI,P1Y,0,A,PU,Annual,Singapore,Prevalence of severe food insecurity in the population (%),Total,All age ranges or no breakdown by age,Total,Percentage,Not Applicable,Not Applicable,Not Applicable,Not Applicable,Ratio,Two,World Development Indicators (WDI),Annual,Units,Normal value,Public
datastructure,WB.DATA360:DS_DATA360(1.3),I,A,SVK,WB_WDI_SN_ITK_SVFI_ZS,_T,_T,_T,PT,_Z,_Z,_Z,2021,1.8,_Z,RATIO,2,WB_WDI,P1Y,0,A,PU,Annual,Slovak Republic,Prevalence of severe food insecurity in the population (%),Total,All age ranges or no breakdown by age,Total,Percentage,Not Applicable,Not Applicable,Not Applicable,Not Applicable,Ratio,Two,World Development Indicators (WDI),Annual,Units,Normal value,Public
datastructure,WB.DATA360:DS_DATA360(1.3),I,A,SVN,WB_WDI_SN_ITK_SVFI_ZS,_T,_T,_T,PT,_Z,_Z,_Z,2021,0.9,_Z,RATIO,2,WB_WDI,P1Y,0,A,PU,Annual,Slovenia,Prevalence of severe food insecurity in the population (%),Total,All age ranges or no breakdown by age,Total,Percentage,Not Applicable,Not Applicable,Not Applicable,Not Applicable,Ratio,Two,World Development Indicators (WDI),Annual,Units,Normal value,Public
datastructure,WB.DATA360:DS_DATA360(1.3),I,A,SOM,WB_WDI_SN_ITK_SVFI_ZS,_T,_T,_T,PT,_Z,_Z,_Z,2021,43.4,_Z,RATIO,2,WB_WDI,P1Y,0,A,PU,Annual,"Somalia, Federal Republic of",Prevalence of severe food insecurity in the population (%),Total,All age ranges or no breakdown by age,Total,Percentage,Not Applicable,Not Applicable,Not Applicable,Not Applicable,Ratio,Two,World Development Indicators (WDI),Annual,Units,Normal value,Public
datastructure,WB.DATA360:DS_DATA360(1.3),I,A,MDG,WB_WDI_SN_ITK_SVFI_ZS,_T,_T,_T,PT,_Z,_Z,_Z,2021,12.2,_Z,RATIO,2,WB_WDI,P1Y,0,A,PU,Annual,Madagascar,Prevalence of severe food insecurity in the population (%),Total,All age ranges or no breakdown by age,Total,Percentage,Not Applicable,Not Applicable,Not Applicable,Not Applicable,Ratio,Two,World Development Indicators (WDI),Annual,Units,Normal value,Public
datastructure,WB.DATA360:DS_DATA360(1.3),I,A,MWI,WB_WDI_SN_ITK_SVFI_ZS,_T,_T,_T,PT,_Z,_Z,_Z,2021,52.2,_Z,RATIO,2,WB_WDI,P1Y,0,A,PU,Annual,Malawi,Prevalence of severe food insecurity in the population (%),Total,All age ranges or no breakdown by age,Total,Percentage,Not Applicable,Not Applicable,Not Applicable,Not Applicable,Ratio,Two,World Development Indicators (WDI),Annual,Units,Normal value,Public
datastructure,WB.DATA360:DS_DATA360(1.3),I,A,MYS,WB_WDI_SN_ITK_SVFI_ZS,_T,_T,_T,PT,_Z,_Z,_Z,2021,6.0,_Z,RATIO,2,WB_WDI,P1Y,0,A,PU,Annual,Malaysia,Prevalence of severe food insecurity in the population (%),Total,All age ranges or no breakdown by age,Total,Percentage,Not Applicable,Not Applicable,Not Applicable,Not Applicable,Ratio,Two,World Development Indicators (WDI),Annual,Units,Normal value,Public
datastructure,WB.DATA360:DS_DATA360(1.3),I,A,MDV,WB_WDI_SN_ITK_SVFI_ZS,_T,_T,_T,PT,_Z,_Z,_Z,2021,2.2,_Z,RATIO,2,WB_WDI,P1Y,0,A,PU,Annual,Maldives,Prevalence of severe food insecurity in the population (%),Total,All age ranges or no breakdown by age,Total,Percentage,Not Applicable,Not Applicable,Not Applicable,Not Applicable,Ratio,Two,World Development Indicators (WDI),Annual,Units,Normal value,Public
datastructure,WB.DATA360:DS_DATA360(1.3),I,A,MLI,WB_WDI_SN_ITK_SVFI_ZS,_T,_T,_T,PT,_Z,_Z,_Z,2021,2.7,_Z,RATIO,2,WB_WDI,P1Y,0,A,PU,Annual,Mali,Prevalence of severe food insecurity in the population (%),Total,All age ranges or no breakdown by age,Total,Percentage,Not Applicable,Not Applicable,Not Applicable,Not Applicable,Ratio,Two,World Development Indicators (WDI),Annual,Units,Normal value,Public
datastructure,WB.DATA360:DS_DATA360(1.3),I,A,MLT,WB_WDI_SN_ITK_SVFI_ZS,_T,_T,_T,PT,_Z,_Z,_Z,2021,1.9,_Z,RATIO,2,WB_WDI,P1Y,0,A,PU,Annual,Malta,Prevalence of severe food insecurity in the population (%),Total,All age ranges or no breakdown by age,Total,Percentage,Not Applicable,Not Applicable,Not Applicable,Not Applicable,Ratio,Two,World Development Indicators (WDI),Annual,Units,Normal value,Public
datastructure,WB.DATA360:DS_DATA360(1.3),I,A,MRT,WB_WDI_SN_ITK_SVFI_ZS,_T,_T,_T,PT,_Z,_Z,_Z,2021,9.5,_Z,RATIO,2,WB_WDI,P1Y,0,A,PU,Annual,Mauritania,Prevalence of severe food insecurity in the population (%),Total,All age ranges or no breakdown by age,Total,Percentage,Not Applicable,Not Applicable,Not Applicable,Not Applicable,Ratio,Two,World Development Indicators (WDI),Annual,Units,Normal value,Public
datastructure,WB.DATA360:DS_DATA360(1.3),I,A,MUS,WB_WDI_SN_ITK_SVFI_ZS,_T,_T,_T,PT,_Z,_Z,_Z,2021,10.5,_Z,RATIO,2,WB_WDI,P1Y,0,A,PU,Annual,Mauritius,Prevalence of severe food insecurity in the population (%),Total,All age ranges or no breakdown by age,Total,Percentage,Not Applicable,Not Applicable,Not Applicable,Not Applicable,Ratio,Two,World Development Indicators (WDI),Annual,Units,Normal value,Public
datastructure,WB.DATA360:DS_DATA360(1.3),I,A,MEX,WB_WDI_SN_ITK_SVFI_ZS,_T,_T,_T,PT,_Z,_Z,_Z,2021,3.2,_Z,RATIO,2,WB_WDI,P1Y,0,A,PU,Annual,Mexico,Prevalence of severe food insecurity in the population (%),Total,All age ranges or no breakdown by age,Total,Percentage,Not Applicable,Not Applicable,Not Applicable,Not Applicable,Ratio,Two,World Development Indicators (WDI),Annual,Units,Normal value,Public
datastructure,WB.DATA360:DS_DATA360(1.3),I,A,BIH,WB_WDI_SN_ITK_SVFI_ZS,_T,_T,_T,PT,_Z,_Z,_Z,2015,1.5,_Z,RATIO,2,WB_WDI,P1Y,0,A,PU,Annual,Bosnia and Herzegovina,Prevalence of severe food insecurity in the population (%),Total,All age ranges or no breakdown by age,Total,Percentage,Not Applicable,Not Applicable,Not Applicable,Not Applicable,Ratio,Two,World Development Indicators (WDI),Annual,Units,Normal value,Public
datastructure,WB.DATA360:DS_DATA360(1.3),I,A,BWA,WB_WDI_SN_ITK_SVFI_ZS,_T,_T,_T,PT,_Z,_Z,_Z,2015,18.4,_Z,RATIO,2,WB_WDI,P1Y,0,A,PU,Annual,Botswana,Prevalence of severe food insecurity in the population (%),Total,All age ranges or no breakdown by age,Total,Percentage,Not Applicable,Not Applicable,Not Applicable,Not Applicable,Ratio,Two,World Development Indicators (WDI),Annual,Units,Normal value,Public
datastructure,WB.DATA360:DS_DATA360(1.3),I,A,BRA,WB_WDI_SN_ITK_SVFI_ZS,_T,_T,_T,PT,_Z,_Z,_Z,2015,0.7,_Z,RATIO,2,WB_WDI,P1Y,0,A,PU,Annual,Brazil,Prevalence of severe food insecurity in the population (%),Total,All age ranges or no breakdown by age,Total,Percentage,Not Applicable,Not Applicable,Not Applicable,Not Applicable,Ratio,Two,World Development Indicators (WDI),Annual,Units,Normal value,Public
datastructure,WB.DATA360:DS_DATA360(1.3),I,A,BGR,WB_WDI_SN_ITK_SVFI_ZS,_T,_T,_T,PT,_Z,_Z,_Z,2015,1.9,_Z,RATIO,2,WB_WDI,P1Y,0,A,PU,Annual,Bulgaria,Prevalence of severe food insecurity in the population (%),Total,All age ranges or no breakdown by age,Total,Percentage,Not Applicable,Not Applicable,Not Applicable,Not Applicable,Ratio,Two,World Development Indicators (WDI),Annual,Units,Normal value,Public
datastructure,WB.DATA360:DS_DATA360(1.3),I,A,KGZ,WB_WDI_SN_ITK_SVFI_ZS,_T,_T,_T,PT,_Z,_Z,_Z,2019,0.9,_Z,RATIO,2,WB_WDI,P1Y,0,A,PU,Annual,Kyrgyz Republic,Prevalence of severe food insecurity in the population (%),Total,All age ranges or no breakdown by age,Total,Percentage,Not Applicable,Not Applicable,Not Applicable,Not Applicable,Ratio,Two,World Development Indicators (WDI),Annual,Units,Normal value,Public
datastructure,WB.DATA360:DS_DATA360(1.3),I,A,LAO,WB_WDI_SN_ITK_SVFI_ZS,_T,_T,_T,PT,_Z,_Z,_Z,2019,8.9,_Z,RATIO,2,WB_WDI,P1Y,0,A,PU,Annual,Lao PDR,Prevalence of severe food insecurity in the population (%),Total,All age ranges or no breakdown by age,Total,Percentage,Not Applicable,Not Applicable,Not Applicable,Not Applicable,Ratio,Two,World Development Indicators (WDI),Annual,Units,Normal value,Public
datastructure,WB.DATA360:DS_DATA360(1.3),I,A,LVA,WB_WDI_SN_ITK_SVFI_ZS,_T,_T,_T,PT,_Z,_Z,_Z,2019,0.7,_Z,RATIO,2,WB_WDI,P1Y,0,A,PU,Annual,Latvia,Prevalence of severe food insecurity in the population (%),Total,All age ranges or no breakdown by age,Total,Percentage,Not Applicable,Not Applicable,Not Applicable,Not Applicable,Ratio,Two,World Development Indicators (WDI),Annual,Units,Normal value,Public
datastructure,WB.DATA360:DS_DATA360(1.3),I,A,LBN,WB_WDI_SN_ITK_SVFI_ZS,_T,_T,_T,PT,_Z,_Z,_Z,2019,6.8,_Z,RATIO,2,WB_WDI,P1Y,0,A,PU,Annual,Lebanon,Prevalence of severe food insecurity in the population (%),Total,All age ranges or no breakdown by age,Total,Percentage,Not Applicable,Not Applicable,Not Applicable,Not Applicable,Ratio,Two,World Development Indicators (WDI),Annual,Units,Normal value,Public
datastructure,WB.DATA360:DS_DATA360(1.3),I,A,LSO,WB_WDI_SN_ITK_SVFI_ZS,_T,_T,_T,PT,_Z,_Z,_Z,2019,26.8,_Z,RATIO,2,WB_WDI,P1Y,0,A,PU,Annual,Lesotho,Prevalence of severe food insecurity in the population (%),Total,All age ranges or no breakdown by age,Total,Percentage,Not Applicable,Not Applicable,Not Applicable,Not Applicable,Ratio,Two,World Development Indicators (WDI),Annual,Units,Normal value,Public
datastructure,WB.DATA360:DS_DATA360(1.3),I,A,LBR,WB_WDI_SN_ITK_SVFI_ZS,_T,_T,_T,PT,_Z,_Z,_Z,2019,37.3,_Z,RATIO,2,WB_WDI,P1Y,0,A,PU,Annual,Liberia,Prevalence of severe food insecurity in the population (%),Total,All age ranges or no breakdown by age,Total,Percentage,Not Applicable,Not Applicable,Not Applicable,Not Applicable,Ratio,Two,World Development Indicators (WDI),Annual,Units,Normal value,Public
datastructure,WB.DATA360:DS_DATA360(1.3),I,A,LBY,WB_WDI_SN_ITK_SVFI_ZS,_T,_T,_T,PT,_Z,_Z,_Z,2019,18.6,_Z,RATIO,2,WB_WDI,P1Y,0,A,PU,Annual,Libya,Prevalence of severe food insecurity in the population (%),Total,All age ranges or no breakdown by age,Total,Percentage,Not Applicable,Not Applicable,Not Applicable,Not Applicable,Ratio,Two,World Development Indicators (WDI),Annual,Units,Normal value,Public
datastructure,WB.DATA360:DS_DATA360(1.3),I,A,LTU,WB_WDI_SN_ITK_SVFI_ZS,_T,_T,_T,PT,_Z,_Z,_Z,2019,1.7,_Z,RATIO,2,WB_WDI,P1Y,0,A,PU,Annual,Lithuania,Prevalence of severe food insecurity in the population (%),Total,All age ranges or no breakdown by age,Total,Percentage,Not Applicable,Not Applicable,Not Applicable,Not Applicable,Ratio,Two,World Development Indicators (WDI),Annual,Units,Normal value,Public
datastructure,WB.DATA360:DS_DATA360(1.3),I,A,LUX,WB_WDI_SN_ITK_SVFI_ZS,_T,_T,_T,PT,_Z,_Z,_Z,2019,0.8,_Z,RATIO,2,WB_WDI,P1Y,0,A,PU,Annual,Luxembourg,Prevalence of severe food insecurity in the population (%),Total,All age ranges or no breakdown by age,Total,Percentage,Not Applicable,Not Applicable,Not Applicable,Not Applicable,Ratio,Two,World Development Indicators (WDI),Annual,Units,Normal value,Public
datastructure,WB.DATA360:DS_DATA360(1.3),I,A,MDG,WB_WDI_SN_ITK_SVFI_ZS,_T,_T,_T,PT,_Z,_Z,_Z,2019,9.9,_Z,RATIO,2,WB_WDI,P1Y,0,A,PU,Annual,Madagascar,Prevalence of severe food insecurity in the population (%),Total,All age ranges or no breakdown by age,Total,Percentage,Not Applicable,Not Applicable,Not Applicable,Not Applicable,Ratio,Two,World Development Indicators (WDI),Annual,Units,Normal value,Public
datastructure,WB.DATA360:DS_DATA360(1.3),I,A,LBR,WB_WDI_SN_ITK_SVFI_ZS,_T,_T,_T,PT,_Z,_Z,_Z,2015,38.6,_Z,RATIO,2,WB_WDI,P1Y,0,A,PU,Annual,Liberia,Prevalence of severe food insecurity in the population (%),Total,All age ranges or no breakdown by age,Total,Percentage,Not Applicable,Not Applicable,Not Applicable,Not Applicable,Ratio,Two,World Development Indicators (WDI),Annual,Units,Normal value,Public
datastructure,WB.DATA360:DS_DATA360(1.3),I,A,LBY,WB_WDI_SN_ITK_SVFI_ZS,_T,_T,_T,PT,_Z,_Z,_Z,2015,11.2,_Z,RATIO,2,WB_WDI,P1Y,0,A,PU,Annual,Libya,Prevalence of severe food insecurity in the population (%),Total,All age ranges or no breakdown by age,Total,Percentage,Not Applicable,Not Applicable,Not Applicable,Not Applicable,Ratio,Two,World Development Indicators (WDI),Annual,Units,Normal value,Public
datastructure,WB.DATA360:DS_DATA360(1.3),I,A,LTU,WB_WDI_SN_ITK_SVFI_ZS,_T,_T,_T,PT,_Z,_Z,_Z,2015,2.5,_Z,RATIO,2,WB_WDI,P1Y,0,A,PU,Annual,Lithuania,Prevalence of severe food insecurity in the population (%),Total,All age ranges or no breakdown by age,Total,Percentage,Not Applicable,Not Applicable,Not Applicable,Not Applicable,Ratio,Two,World Development Indicators (WDI),Annual,Units,Normal value,Public
datastructure,WB.DATA360:DS_DATA360(1.3),I,A,LUX,WB_WDI_SN_ITK_SVFI_ZS,_T,_T,_T,PT,_Z,_Z,_Z,2015,1.8,_Z,RATIO,2,WB_WDI,P1Y,0,A,PU,Annual,Luxembourg,Prevalence of severe food insecurity in the population (%),Total,All age ranges or no breakdown by age,Total,Percentage,Not Applicable,Not Applicable,Not Applicable,Not Applicable,Ratio,Two,World Development Indicators (WDI),Annual,Units,Normal value,Public
datastructure,WB.DATA360:DS_DATA360(1.3),I,A,MWI,WB_WDI_SN_ITK_SVFI_ZS,_T,_T,_T,PT,_Z,_Z,_Z,2015,47.7,_Z,RATIO,2,WB_WDI,P1Y,0,A,PU,Annual,Malawi,Prevalence of severe food insecurity in the population (%),Total,All age ranges or no breakdown by age,Total,Percentage,Not Applicable,Not Applicable,Not Applicable,Not Applicable,Ratio,Two,World Development Indicators (WDI),Annual,Units,Normal value,Public
datastructure,WB.DATA360:DS_DATA360(1.3),I,A,MYS,WB_WDI_SN_ITK_SVFI_ZS,_T,_T,_T,PT,_Z,_Z,_Z,2015,7.8,_Z,RATIO,2,WB_WDI,P1Y,0,A,PU,Annual,Malaysia,Prevalence of severe food insecurity in the population (%),Total,All age ranges or no breakdown by age,Total,Percentage,Not Applicable,Not Applicable,Not Applicable,Not Applicable,Ratio,Two,World Development Indicators (WDI),Annual,Units,Normal value,Public
datastructure,WB.DATA360:DS_DATA360(1.3),I,A,MLT,WB_WDI_SN_ITK_SVFI_ZS,_T,_T,_T,PT,_Z,_Z,_Z,2015,1.5,_Z,RATIO,2,WB_WDI,P1Y,0,A,PU,Annual,Malta,Prevalence of severe food insecurity in the population (%),Total,All age ranges or no breakdown by age,Total,Percentage,Not Applicable,Not Applicable,Not Applicable,Not Applicable,Ratio,Two,World Development Indicators (WDI),Annual,Units,Normal value,Public
datastructure,WB.DATA360:DS_DATA360(1.3),I,A,BLZ,WB_WDI_SN_ITK_SVFI_ZS,_T,_T,_T,PT,_Z,_Z,_Z,2021,5.9,_Z,RATIO,2,WB_WDI,P1Y,0,A,PU,Annual,Belize,Prevalence of severe food insecurity in the population (%),Total,All age ranges or no breakdown by age,Total,Percentage,Not Applicable,Not Applicable,Not Applicable,Not Applicable,Ratio,Two,World Development Indicators (WDI),Annual,Units,Normal value,Public
datastructure,WB.DATA360:DS_DATA360(1.3),I,A,BEN,WB_WDI_SN_ITK_SVFI_ZS,_T,_T,_T,PT,_Z,_Z,_Z,2021,15.4,_Z,RATIO,2,WB_WDI,P1Y,0,A,PU,Annual,Benin,Prevalence of severe food insecurity in the population (%),Total,All age ranges or no breakdown by age,Total,Percentage,Not Applicable,Not Applicable,Not Applicable,Not Applicable,Ratio,Two,World Development Indicators (WDI),Annual,Units,Normal value,Public
datastructure,WB.DATA360:DS_DATA360(1.3),I,A,BIH,WB_WDI_SN_ITK_SVFI_ZS,_T,_T,_T,PT,_Z,_Z,_Z,2021,3.1,_Z,RATIO,2,WB_WDI,P1Y,0,A,PU,Annual,Bosnia and Herzegovina,Prevalence of severe food insecurity in the population (%),Total,All age ranges or no breakdown by age,Total,Percentage,Not Applicable,Not Applicable,Not Applicable,Not Applicable,Ratio,Two,World Development Indicators (WDI),Annual,Units,Normal value,Public
datastructure,WB.DATA360:DS_DATA360(1.3),I,A,BWA,WB_WDI_SN_ITK_SVFI_ZS,_T,_T,_T,PT,_Z,_Z,_Z,2021,26.7,_Z,RATIO,2,WB_WDI,P1Y,0,A,PU,Annual,Botswana,Prevalence of severe food insecurity in the population (%),Total,All age ranges or no breakdown by age,Total,Percentage,Not Applicable,Not Applicable,Not Applicable,Not Applicable,Ratio,Two,World Development Indicators (WDI),Annual,Units,Normal value,Public
datastructure,WB.DATA360:DS_DATA360(1.3),I,A,BRA,WB_WDI_SN_ITK_SVFI_ZS,_T,_T,_T,PT,_Z,_Z,_Z,2021,8.5,_Z,RATIO,2,WB_WDI,P1Y,0,A,PU,Annual,Brazil,Prevalence of severe food insecurity in the population (%),Total,All age ranges or no breakdown by age,Total,Percentage,Not Applicable,Not Applicable,Not Applicable,Not Applicable,Ratio,Two,World Development Indicators (WDI),Annual,Units,Normal value,Public
datastructure,WB.DATA360:DS_DATA360(1.3),I,A,BGR,WB_WDI_SN_ITK_SVFI_ZS,_T,_T,_T,PT,_Z,_Z,_Z,2021,3.5,_Z,RATIO,2,WB_WDI,P1Y,0,A,PU,Annual,Bulgaria,Prevalence of severe food insecurity in the population (%),Total,All age ranges or no breakdown by age,Total,Percentage,Not Applicable,Not Applicable,Not Applicable,Not Applicable,Ratio,Two,World Development Indicators (WDI),Annual,Units,Normal value,Public
datastructure,WB.DATA360:DS_DATA360(1.3),I,A,BFA,WB_WDI_SN_ITK_SVFI_ZS,_T,_T,_T,PT,_Z,_Z,_Z,2021,7.1,_Z,RATIO,2,WB_WDI,P1Y,0,A,PU,Annual,Burkina Faso,Prevalence of severe food insecurity in the population (%),Total,All age ranges or no breakdown by age,Total,Percentage,Not Applicable,Not Applicable,Not Applicable,Not Applicable,Ratio,Two,World Development Indicators (WDI),Annual,Units,Normal value,Public
datastructure,WB.DATA360:DS_DATA360(1.3),I,A,DMA,WB_WDI_SN_ITK_SVFI_ZS,_T,_T,_T,PT,_Z,_Z,_Z,2021,5.8,_Z,RATIO,2,WB_WDI,P1Y,0,A,PU,Annual,Dominica,Prevalence of severe food insecurity in the population (%),Total,All age ranges or no breakdown by age,Total,Percentage,Not Applicable,Not Applicable,Not Applicable,Not Applicable,Ratio,Two,World Development Indicators (WDI),Annual,Units,Normal value,Public
datastructure,WB.DATA360:DS_DATA360(1.3),I,A,DOM,WB_WDI_SN_ITK_SVFI_ZS,_T,_T,_T,PT,_Z,_Z,_Z,2021,22.0,_Z,RATIO,2,WB_WDI,P1Y,0,A,PU,Annual,Dominican Republic,Prevalence of severe food insecurity in the population (%),Total,All age ranges or no breakdown by age,Total,Percentage,Not Applicable,Not Applicable,Not Applicable,Not Applicable,Ratio,Two,World Development Indicators (WDI),Annual,Units,Normal value,Public
datastructure,WB.DATA360:DS_DATA360(1.3),I,A,ECU,WB_WDI_SN_ITK_SVFI_ZS,_T,_T,_T,PT,_Z,_Z,_Z,2021,13.0,_Z,RATIO,2,WB_WDI,P1Y,0,A,PU,Annual,Ecuador,Prevalence of severe food insecurity in the population (%),Total,All age ranges or no breakdown by age,Total,Percentage,Not Applicable,Not Applicable,Not Applicable,Not Applicable,Ratio,Two,World Development Indicators (WDI),Annual,Units,Normal value,Public
datastructure,WB.DATA360:DS_DATA360(1.3),I,A,EGY,WB_WDI_SN_ITK_SVFI_ZS,_T,_T,_T,PT,_Z,_Z,_Z,2021,8.8,_Z,RATIO,2,WB_WDI,P1Y,0,A,PU,Annual,"Egypt, Arab Rep.",Prevalence of severe food insecurity in the population (%),Total,All age ranges or no breakdown by age,Total,Percentage,Not Applicable,Not Applicable,Not Applicable,Not Applicable,Ratio,Two,World Development Indicators (WDI),Annual,Units,Normal value,Public
datastructure,WB.DATA360:DS_DATA360(1.3),I,A,SLV,WB_WDI_SN_ITK_SVFI_ZS,_T,_T,_T,PT,_Z,_Z,_Z,2021,16.2,_Z,RATIO,2,WB_WDI,P1Y,0,A,PU,Annual,El Salvador,Prevalence of severe food insecurity in the population (%),Total,All age ranges or no breakdown by age,Total,Percentage,Not Applicable,Not Applicable,Not Applicable,Not Applicable,Ratio,Two,World Development Indicators (WDI),Annual,Units,Normal value,Public
datastructure,WB.DATA360:DS_DATA360(1.3),I,A,EST,WB_WDI_SN_ITK_SVFI_ZS,_T,_T,_T,PT,_Z,_Z,_Z,2021,0.7,_Z,RATIO,2,WB_WDI,P1Y,0,A,PU,Annual,Estonia,Prevalence of severe food insecurity in the population (%),Total,All age ranges or no breakdown by age,Total,Percentage,Not Applicable,Not Applicable,Not Applicable,Not Applicable,Ratio,Two,World Development Indicators (WDI),Annual,Units,Normal value,Public
datastructure,WB.DATA360:DS_DATA360(1.3),I,A,SWZ,WB_WDI_SN_ITK_SVFI_ZS,_T,_T,_T,PT,_Z,_Z,_Z,2021,15.6,_Z,RATIO,2,WB_WDI,P1Y,0,A,PU,Annual,Eswatini,Prevalence of severe food insecurity in the population (%),Total,All age ranges or no breakdown by age,Total,Percentage,Not Applicable,Not Applicable,Not Applicable,Not Applicable,Ratio,Two,World Development Indicators (WDI),Annual,Units,Normal value,Public
datastructure,WB.DATA360:DS_DATA360(1.3),I,A,ETH,WB_WDI_SN_ITK_SVFI_ZS,_T,_T,_T,PT,_Z,_Z,_Z,2021,21.1,_Z,RATIO,2,WB_WDI,P1Y,0,A,PU,Annual,Ethiopia,Prevalence of severe food insecurity in the population (%),Total,All age ranges or no breakdown by age,Total,Percentage,Not Applicable,Not Applicable,Not Applicable,Not Applicable,Ratio,Two,World Development Indicators (WDI),Annual,Units,Normal value,Public
datastructure,WB.DATA360:DS_DATA360(1.3),I,A,FJI,WB_WDI_SN_ITK_SVFI_ZS,_T,_T,_T,PT,_Z,_Z,_Z,2021,6.3,_Z,RATIO,2,WB_WDI,P1Y,0,A,PU,Annual,Fiji,Prevalence of severe food insecurity in the population (%),Total,All age ranges or no breakdown by age,Total,Percentage,Not Applicable,Not Applicable,Not Applicable,Not Applicable,Ratio,Two,World Development Indicators (WDI),Annual,Units,Normal value,Public
datastructure,WB.DATA360:DS_DATA360(1.3),I,A,CIV,WB_WDI_SN_ITK_SVFI_ZS,_T,_T,_T,PT,_Z,_Z,_Z,2019,9.0,_Z,RATIO,2,WB_WDI,P1Y,0,A,PU,Annual,Côte d’Ivoire,Prevalence of severe food insecurity in the population (%),Total,All age ranges or no breakdown by age,Total,Percentage,Not Applicable,Not Applicable,Not Applicable,Not Applicable,Ratio,Two,World Development Indicators (WDI),Annual,Units,Normal value,Public
datastructure,WB.DATA360:DS_DATA360(1.3),I,A,HRV,WB_WDI_SN_ITK_SVFI_ZS,_T,_T,_T,PT,_Z,_Z,_Z,2019,1.3,_Z,RATIO,2,WB_WDI,P1Y,0,A,PU,Annual,Croatia,Prevalence of severe food insecurity in the population (%),Total,All age ranges or no breakdown by age,Total,Percentage,Not Applicable,Not Applicable,Not Applicable,Not Applicable,Ratio,Two,World Development Indicators (WDI),Annual,Units,Normal value,Public
datastructure,WB.DATA360:DS_DATA360(1.3),I,A,CZE,WB_WDI_SN_ITK_SVFI_ZS,_T,_T,_T,PT,_Z,_Z,_Z,2019,0.8,_Z,RATIO,2,WB_WDI,P1Y,0,A,PU,Annual,Czechia,Prevalence of severe food insecurity in the population (%),Total,All age ranges or no breakdown by age,Total,Percentage,Not Applicable,Not Applicable,Not Applicable,Not Applicable,Ratio,Two,World Development Indicators (WDI),Annual,Units,Normal value,Public
datastructure,WB.DATA360:DS_DATA360(1.3),I,A,DNK,WB_WDI_SN_ITK_SVFI_ZS,_T,_T,_T,PT,_Z,_Z,_Z,2019,1.1,_Z,RATIO,2,WB_WDI,P1Y,0,A,PU,Annual,Denmark,Prevalence of severe food insecurity in the population (%),Total,All age ranges or no breakdown by age,Total,Percentage,Not Applicable,Not Applicable,Not Applicable,Not Applicable,Ratio,Two,World Development Indicators (WDI),Annual,Units,Normal value,Public
datastructure,WB.DATA360:DS_DATA360(1.3),I,A,DOM,WB_WDI_SN_ITK_SVFI_ZS,_T,_T,_T,PT,_Z,_Z,_Z,2019,23.2,_Z,RATIO,2,WB_WDI,P1Y,0,A,PU,Annual,Dominican Republic,Prevalence of severe food insecurity in the population (%),Total,All age ranges or no breakdown by age,Total,Percentage,Not Applicable,Not Applicable,Not Applicable,Not Applicable,Ratio,Two,World Development Indicators (WDI),Annual,Units,Normal value,Public
datastructure,WB.DATA360:DS_DATA360(1.3),I,A,ECU,WB_WDI_SN_ITK_SVFI_ZS,_T,_T,_T,PT,_Z,_Z,_Z,2019,11.5,_Z,RATIO,2,WB_WDI,P1Y,0,A,PU,Annual,Ecuador,Prevalence of severe food insecurity in the population (%),Total,All age ranges or no breakdown by age,Total,Percentage,Not Applicable,Not Applicable,Not Applicable,Not Applicable,Ratio,Two,World Development Indicators (WDI),Annual,Units,Normal value,Public
datastructure,WB.DATA360:DS_DATA360(1.3),I,A,SLV,WB_WDI_SN_ITK_SVFI_ZS,_T,_T,_T,PT,_Z,_Z,_Z,2022,15.8,_Z,RATIO,2,WB_WDI,P1Y,0,A,PU,Annual,El Salvador,Prevalence of severe food insecurity in the population (%),Total,All age ranges or no breakdown by age,Total,Percentage,Not Applicable,Not Applicable,Not Applicable,Not Applicable,Ratio,Two,World Development Indicators (WDI),Annual,Units,Normal value,Public
datastructure,WB.DATA360:DS_DATA360(1.3),I,A,EST,WB_WDI_SN_ITK_SVFI_ZS,_T,_T,_T,PT,_Z,_Z,_Z,2022,1.0,_Z,RATIO,2,WB_WDI,P1Y,0,A,PU,Annual,Estonia,Prevalence of severe food insecurity in the population (%),Total,All age ranges or no breakdown by age,Total,Percentage,Not Applicable,Not Applicable,Not Applicable,Not Applicable,Ratio,Two,World Development Indicators (WDI),Annual,Units,Normal value,Public
datastructure,WB.DATA360:DS_DATA360(1.3),I,A,SWZ,WB_WDI_SN_ITK_SVFI_ZS,_T,_T,_T,PT,_Z,_Z,_Z,2022,18.6,_Z,RATIO,2,WB_WDI,P1Y,0,A,PU,Annual,Eswatini,Prevalence of severe food insecurity in the population (%),Total,All age ranges or no breakdown by age,Total,Percentage,Not Applicable,Not Applicable,Not Applicable,Not Applicable,Ratio,Two,World Development Indicators (WDI),Annual,Units,Normal value,Public
datastructure,WB.DATA360:DS_DATA360(1.3),I,A,ETH,WB_WDI_SN_ITK_SVFI_ZS,_T,_T,_T,PT,_Z,_Z,_Z,2022,19.7,_Z,RATIO,2,WB_WDI,P1Y,0,A,PU,Annual,Ethiopia,Prevalence of severe food insecurity in the population (%),Total,All age ranges or no breakdown by age,Total,Percentage,Not Applicable,Not Applicable,Not Applicable,Not Applicable,Ratio,Two,World Development Indicators (WDI),Annual,Units,Normal value,Public
datastructure,WB.DATA360:DS_DATA360(1.3),I,A,FJI,WB_WDI_SN_ITK_SVFI_ZS,_T,_T,_T,PT,_Z,_Z,_Z,2022,8.5,_Z,RATIO,2,WB_WDI,P1Y,0,A,PU,Annual,Fiji,Prevalence of severe food insecurity in the population (%),Total,All age ranges or no breakdown by age,Total,Percentage,Not Applicable,Not Applicable,Not Applicable,Not Applicable,Ratio,Two,World Development Indicators (WDI),Annual,Units,Normal value,Public
datastructure,WB.DATA360:DS_DATA360(1.3),I,A,FIN,WB_WDI_SN_ITK_SVFI_ZS,_T,_T,_T,PT,_Z,_Z,_Z,2022,3.0,_Z,RATIO,2,WB_WDI,P1Y,0,A,PU,Annual,Finland,Prevalence of severe food insecurity in the population (%),Total,All age ranges or no breakdown by age,Total,Percentage,Not Applicable,Not Applicable,Not Applicable,Not Applicable,Ratio,Two,World Development Indicators (WDI),Annual,Units,Normal value,Public
datastructure,WB.DATA360:DS_DATA360(1.3),I,A,FRA,WB_WDI_SN_ITK_SVFI_ZS,_T,_T,_T,PT,_Z,_Z,_Z,2022,2.3,_Z,RATIO,2,WB_WDI,P1Y,0,A,PU,Annual,France,Prevalence of severe food insecurity in the population (%),Total,All age ranges or no breakdown by age,Total,Percentage,Not Applicable,Not Applicable,Not Applicable,Not Applicable,Ratio,Two,World Development Indicators (WDI),Annual,Units,Normal value,Public
datastructure,WB.DATA360:DS_DATA360(1.3),I,A,GMB,WB_WDI_SN_ITK_SVFI_ZS,_T,_T,_T,PT,_Z,_Z,_Z,2022,25.5,_Z,RATIO,2,WB_WDI,P1Y,0,A,PU,Annual,"Gambia, The",Prevalence of severe food insecurity in the population (%),Total,All age ranges or no breakdown by age,Total,Percentage,Not Applicable,Not Applicable,Not Applicable,Not Applicable,Ratio,Two,World Development Indicators (WDI),Annual,Units,Normal value,Public
datastructure,WB.DATA360:DS_DATA360(1.3),I,A,GEO,WB_WDI_SN_ITK_SVFI_ZS,_T,_T,_T,PT,_Z,_Z,_Z,2022,7.5,_Z,RATIO,2,WB_WDI,P1Y,0,A,PU,Annual,Georgia,Prevalence of severe food insecurity in the population (%),Total,All age ranges or no breakdown by age,Total,Percentage,Not Applicable,Not Applicable,Not Applicable,Not Applicable,Ratio,Two,World Development Indicators (WDI),Annual,Units,Normal value,Public
datastructure,WB.DATA360:DS_DATA360(1.3),I,A,FIN,WB_WDI_SN_ITK_SVFI_ZS,_T,_T,_T,PT,_Z,_Z,_Z,2015,2.4,_Z,RATIO,2,WB_WDI,P1Y,0,A,PU,Annual,Finland,Prevalence of severe food insecurity in the population (%),Total,All age ranges or no breakdown by age,Total,Percentage,Not Applicable,Not Applicable,Not Applicable,Not Applicable,Ratio,Two,World Development Indicators (WDI),Annual,Units,Normal value,Public
datastructure,WB.DATA360:DS_DATA360(1.3),I,A,FRA,WB_WDI_SN_ITK_SVFI_ZS,_T,_T,_T,PT,_Z,_Z,_Z,2015,1.6,_Z,RATIO,2,WB_WDI,P1Y,0,A,PU,Annual,France,Prevalence of severe food insecurity in the population (%),Total,All age ranges or no breakdown by age,Total,Percentage,Not Applicable,Not Applicable,Not Applicable,Not Applicable,Ratio,Two,World Development Indicators (WDI),Annual,Units,Normal value,Public
datastructure,WB.DATA360:DS_DATA360(1.3),I,A,GEO,WB_WDI_SN_ITK_SVFI_ZS,_T,_T,_T,PT,_Z,_Z,_Z,2015,7.0,_Z,RATIO,2,WB_WDI,P1Y,0,A,PU,Annual,Georgia,Prevalence of severe food insecurity in the population (%),Total,All age ranges or no breakdown by age,Total,Percentage,Not Applicable,Not Applicable,Not Applicable,Not Applicable,Ratio,Two,World Development Indicators (WDI),Annual,Units,Normal value,Public
datastructure,WB.DATA360:DS_DATA360(1.3),I,A,DEU,WB_WDI_SN_ITK_SVFI_ZS,_T,_T,_T,PT,_Z,_Z,_Z,2015,1.0,_Z,RATIO,2,WB_WDI,P1Y,0,A,PU,Annual,Germany,Prevalence of severe food insecurity in the population (%),Total,All age ranges or no breakdown by age,Total,Percentage,Not Applicable,Not Applicable,Not Applicable,Not Applicable,Ratio,Two,World Development Indicators (WDI),Annual,Units,Normal value,Public
datastructure,WB.DATA360:DS_DATA360(1.3),I,A,GHA,WB_WDI_SN_ITK_SVFI_ZS,_T,_T,_T,PT,_Z,_Z,_Z,2015,5.1,_Z,RATIO,2,WB_WDI,P1Y,0,A,PU,Annual,Ghana,Prevalence of severe food insecurity in the population (%),Total,All age ranges or no breakdown by age,Total,Percentage,Not Applicable,Not Applicable,Not Applicable,Not Applicable,Ratio,Two,World Development Indicators (WDI),Annual,Units,Normal value,Public
datastructure,WB.DATA360:DS_DATA360(1.3),I,A,GRC,WB_WDI_SN_ITK_SVFI_ZS,_T,_T,_T,PT,_Z,_Z,_Z,2015,2.6,_Z,RATIO,2,WB_WDI,P1Y,0,A,PU,Annual,Greece,Prevalence of severe food insecurity in the population (%),Total,All age ranges or no breakdown by age,Total,Percentage,Not Applicable,Not Applicable,Not Applicable,Not Applicable,Ratio,Two,World Development Indicators (WDI),Annual,Units,Normal value,Public
datastructure,WB.DATA360:DS_DATA360(1.3),I,A,AZE,WB_WDI_SN_ITK_SVFI_ZS,_T,_T,_T,PT,_Z,_Z,_Z,2015,0.0,_Z,RATIO,2,WB_WDI,P1Y,0,A,PU,Annual,Azerbaijan,Prevalence of severe food insecurity in the population (%),Total,All age ranges or no breakdown by age,Total,Percentage,Not Applicable,Not Applicable,Not Applicable,Not Applicable,Ratio,Two,World Development Indicators (WDI),Annual,Units,Normal value,Public
datastructure,WB.DATA360:DS_DATA360(1.3),I,A,BEN,WB_WDI_SN_ITK_SVFI_ZS,_T,_T,_T,PT,_Z,_Z,_Z,2015,10.4,_Z,RATIO,2,WB_WDI,P1Y,0,A,PU,Annual,Benin,Prevalence of severe food insecurity in the population (%),Total,All age ranges or no breakdown by age,Total,Percentage,Not Applicable,Not Applicable,Not Applicable,Not Applicable,Ratio,Two,World Development Indicators (WDI),Annual,Units,Normal value,Public
datastructure,WB.DATA360:DS_DATA360(1.3),I,A,PRY,WB_WDI_SN_ITK_SVFI_ZS,_T,_T,_T,PT,_Z,_Z,_Z,2022,6.6,_Z,RATIO,2,WB_WDI,P1Y,0,A,PU,Annual,Paraguay,Prevalence of severe food insecurity in the population (%),Total,All age ranges or no breakdown by age,Total,Percentage,Not Applicable,Not Applicable,Not Applicable,Not Applicable,Ratio,Two,World Development Indicators (WDI),Annual,Units,Normal value,Public
datastructure,WB.DATA360:DS_DATA360(1.3),I,A,PER,WB_WDI_SN_ITK_SVFI_ZS,_T,_T,_T,PT,_Z,_Z,_Z,2022,14.8,_Z,RATIO,2,WB_WDI,P1Y,0,A,PU,Annual,Peru,Prevalence of severe food insecurity in the population (%),Total,All age ranges or no breakdown by age,Total,Percentage,Not Applicable,Not Applicable,Not Applicable,Not Applicable,Ratio,Two,World Development Indicators (WDI),Annual,Units,Normal value,Public
datastructure,WB.DATA360:DS_DATA360(1.3),I,A,PHL,WB_WDI_SN_ITK_SVFI_ZS,_T,_T,_T,PT,_Z,_Z,_Z,2022,2.5,_Z,RATIO,2,WB_WDI,P1Y,0,A,PU,Annual,Philippines,Prevalence of severe food insecurity in the population (%),Total,All age ranges or no breakdown by age,Total,Percentage,Not Applicable,Not Applicable,Not Applicable,Not Applicable,Ratio,Two,World Development Indicators (WDI),Annual,Units,Normal value,Public
datastructure,WB.DATA360:DS_DATA360(1.3),I,A,POL,WB_WDI_SN_ITK_SVFI_ZS,_T,_T,_T,PT,_Z,_Z,_Z,2022,0.9,_Z,RATIO,2,WB_WDI,P1Y,0,A,PU,Annual,Poland,Prevalence of severe food insecurity in the population (%),Total,All age ranges or no breakdown by age,Total,Percentage,Not Applicable,Not Applicable,Not Applicable,Not Applicable,Ratio,Two,World Development Indicators (WDI),Annual,Units,Normal value,Public
datastructure,WB.DATA360:DS_DATA360(1.3),I,A,PRT,WB_WDI_SN_ITK_SVFI_ZS,_T,_T,_T,PT,_Z,_Z,_Z,2022,3.3,_Z,RATIO,2,WB_WDI,P1Y,0,A,PU,Annual,Portugal,Prevalence of severe food insecurity in the population (%),Total,All age ranges or no breakdown by age,Total,Percentage,Not Applicable,Not Applicable,Not Applicable,Not Applicable,Ratio,Two,World Development Indicators (WDI),Annual,Units,Normal value,Public
datastructure,WB.DATA360:DS_DATA360(1.3),I,A,ROU,WB_WDI_SN_ITK_SVFI_ZS,_T,_T,_T,PT,_Z,_Z,_Z,2022,7.1,_Z,RATIO,2,WB_WDI,P1Y,0,A,PU,Annual,Romania,Prevalence of severe food insecurity in the population (%),Total,All age ranges or no breakdown by age,Total,Percentage,Not Applicable,Not Applicable,Not Applicable,Not Applicable,Ratio,Two,World Development Indicators (WDI),Annual,Units,Normal value,Public
datastructure,WB.DATA360:DS_DATA360(1.3),I,A,RUS,WB_WDI_SN_ITK_SVFI_ZS,_T,_T,_T,PT,_Z,_Z,_Z,2022,0.0,_Z,RATIO,2,WB_WDI,P1Y,0,A,PU,Annual,Russian Federation,Prevalence of severe food insecurity in the population (%),Total,All age ranges or no breakdown by age,Total,Percentage,Not Applicable,Not Applicable,Not Applicable,Not Applicable,Ratio,Two,World Development Indicators (WDI),Annual,Units,Normal value,Public
datastructure,WB.DATA360:DS_DATA360(1.3),I,A,WSM,WB_WDI_SN_ITK_SVFI_ZS,_T,_T,_T,PT,_Z,_Z,_Z,2022,4.3,_Z,RATIO,2,WB_WDI,P1Y,0,A,PU,Annual,Samoa,Prevalence of severe food insecurity in the population (%),Total,All age ranges or no breakdown by age,Total,Percentage,Not Applicable,Not Applicable,Not Applicable,Not Applicable,Ratio,Two,World Development Indicators (WDI),Annual,Units,Normal value,Public
datastructure,WB.DATA360:DS_DATA360(1.3),I,A,POL,WB_WDI_SN_ITK_SVFI_ZS,_T,_T,_T,PT,_Z,_Z,_Z,2020,0.9,_Z,RATIO,2,WB_WDI,P1Y,0,A,PU,Annual,Poland,Prevalence of severe food insecurity in the population (%),Total,All age ranges or no breakdown by age,Total,Percentage,Not Applicable,Not Applicable,Not Applicable,Not Applicable,Ratio,Two,World Development Indicators (WDI),Annual,Units,Normal value,Public
datastructure,WB.DATA360:DS_DATA360(1.3),I,A,PRT,WB_WDI_SN_ITK_SVFI_ZS,_T,_T,_T,PT,_Z,_Z,_Z,2020,3.2,_Z,RATIO,2,WB_WDI,P1Y,0,A,PU,Annual,Portugal,Prevalence of severe food insecurity in the population (%),Total,All age ranges or no breakdown by age,Total,Percentage,Not Applicable,Not Applicable,Not Applicable,Not Applicable,Ratio,Two,World Development Indicators (WDI),Annual,Units,Normal value,Public
datastructure,WB.DATA360:DS_DATA360(1.3),I,A,ROU,WB_WDI_SN_ITK_SVFI_ZS,_T,_T,_T,PT,_Z,_Z,_Z,2020,3.7,_Z,RATIO,2,WB_WDI,P1Y,0,A,PU,Annual,Romania,Prevalence of severe food insecurity in the population (%),Total,All age ranges or no breakdown by age,Total,Percentage,Not Applicable,Not Applicable,Not Applicable,Not Applicable,Ratio,Two,World Development Indicators (WDI),Annual,Units,Normal value,Public
datastructure,WB.DATA360:DS_DATA360(1.3),I,A,RUS,WB_WDI_SN_ITK_SVFI_ZS,_T,_T,_T,PT,_Z,_Z,_Z,2020,0.0,_Z,RATIO,2,WB_WDI,P1Y,0,A,PU,Annual,Russian Federation,Prevalence of severe food insecurity in the population (%),Total,All age ranges or no breakdown by age,Total,Percentage,Not Applicable,Not Applicable,Not Applicable,Not Applicable,Ratio,Two,World Development Indicators (WDI),Annual,Units,Normal value,Public
datastructure,WB.DATA360:DS_DATA360(1.3),I,A,WSM,WB_WDI_SN_ITK_SVFI_ZS,_T,_T,_T,PT,_Z,_Z,_Z,2020,3.9,_Z,RATIO,2,WB_WDI,P1Y,0,A,PU,Annual,Samoa,Prevalence of severe food insecurity in the population (%),Total,All age ranges or no breakdown by age,Total,Percentage,Not Applicable,Not Applicable,Not Applicable,Not Applicable,Ratio,Two,World Development Indicators (WDI),Annual,Units,Normal value,Public
datastructure,WB.DATA360:DS_DATA360(1.3),I,A,STP,WB_WDI_SN_ITK_SVFI_ZS,_T,_T,_T,PT,_Z,_Z,_Z,2020,14.1,_Z,RATIO,2,WB_WDI,P1Y,0,A,PU,Annual,São Tomé and Príncipe,Prevalence of severe food insecurity in the population (%),Total,All age ranges or no breakdown by age,Total,Percentage,Not Applicable,Not Applicable,Not Applicable,Not Applicable,Ratio,Two,World Development Indicators (WDI),Annual,Units,Normal value,Public
datastructure,WB.DATA360:DS_DATA360(1.3),I,A,SEN,WB_WDI_SN_ITK_SVFI_ZS,_T,_T,_T,PT,_Z,_Z,_Z,2020,5.1,_Z,RATIO,2,WB_WDI,P1Y,0,A,PU,Annual,Senegal,Prevalence of severe food insecurity in the population (%),Total,All age ranges or no breakdown by age,Total,Percentage,Not Applicable,Not Applicable,Not Applicable,Not Applicable,Ratio,Two,World Development Indicators (WDI),Annual,Units,Normal value,Public
datastructure,WB.DATA360:DS_DATA360(1.3),I,A,MUS,WB_WDI_SN_ITK_SVFI_ZS,_T,_T,_T,PT,_Z,_Z,_Z,2022,10.2,_Z,RATIO,2,WB_WDI,P1Y,0,A,PU,Annual,Mauritius,Prevalence of severe food insecurity in the population (%),Total,All age ranges or no breakdown by age,Total,Percentage,Not Applicable,Not Applicable,Not Applicable,Not Applicable,Ratio,Two,World Development Indicators (WDI),Annual,Units,Normal value,Public
datastructure,WB.DATA360:DS_DATA360(1.3),I,A,MEX,WB_WDI_SN_ITK_SVFI_ZS,_T,_T,_T,PT,_Z,_Z,_Z,2022,3.0,_Z,RATIO,2,WB_WDI,P1Y,0,A,PU,Annual,Mexico,Prevalence of severe food insecurity in the population (%),Total,All age ranges or no breakdown by age,Total,Percentage,Not Applicable,Not Applicable,Not Applicable,Not Applicable,Ratio,Two,World Development Indicators (WDI),Annual,Units,Normal value,Public
datastructure,WB.DATA360:DS_DATA360(1.3),I,A,MDA,WB_WDI_SN_ITK_SVFI_ZS,_T,_T,_T,PT,_Z,_Z,_Z,2022,5.3,_Z,RATIO,2,WB_WDI,P1Y,0,A,PU,Annual,Moldova,Prevalence of severe food insecurity in the population (%),Total,All age ranges or no breakdown by age,Total,Percentage,Not Applicable,Not Applicable,Not Applicable,Not Applicable,Ratio,Two,World Development Indicators (WDI),Annual,Units,Normal value,Public
datastructure,WB.DATA360:DS_DATA360(1.3),I,A,MNG,WB_WDI_SN_ITK_SVFI_ZS,_T,_T,_T,PT,_Z,_Z,_Z,2022,0.6,_Z,RATIO,2,WB_WDI,P1Y,0,A,PU,Annual,Mongolia,Prevalence of severe food insecurity in the population (%),Total,All age ranges or no breakdown by age,Total,Percentage,Not Applicable,Not Applicable,Not Applicable,Not Applicable,Ratio,Two,World Development Indicators (WDI),Annual,Units,Normal value,Public
datastructure,WB.DATA360:DS_DATA360(1.3),I,A,MNE,WB_WDI_SN_ITK_SVFI_ZS,_T,_T,_T,PT,_Z,_Z,_Z,2022,2.5,_Z,RATIO,2,WB_WDI,P1Y,0,A,PU,Annual,Montenegro,Prevalence of severe food insecurity in the population (%),Total,All age ranges or no breakdown by age,Total,Percentage,Not Applicable,Not Applicable,Not Applicable,Not Applicable,Ratio,Two,World Development Indicators (WDI),Annual,Units,Normal value,Public
datastructure,WB.DATA360:DS_DATA360(1.3),I,A,MMR,WB_WDI_SN_ITK_SVFI_ZS,_T,_T,_T,PT,_Z,_Z,_Z,2022,6.9,_Z,RATIO,2,WB_WDI,P1Y,0,A,PU,Annual,Myanmar,Prevalence of severe food insecurity in the population (%),Total,All age ranges or no breakdown by age,Total,Percentage,Not Applicable,Not Applicable,Not Applicable,Not Applicable,Ratio,Two,World Development Indicators (WDI),Annual,Units,Normal value,Public
datastructure,WB.DATA360:DS_DATA360(1.3),I,A,NAM,WB_WDI_SN_ITK_SVFI_ZS,_T,_T,_T,PT,_Z,_Z,_Z,2022,31.8,_Z,RATIO,2,WB_WDI,P1Y,0,A,PU,Annual,Namibia,Prevalence of severe food insecurity in the population (%),Total,All age ranges or no breakdown by age,Total,Percentage,Not Applicable,Not Applicable,Not Applicable,Not Applicable,Ratio,Two,World Development Indicators (WDI),Annual,Units,Normal value,Public
datastructure,WB.DATA360:DS_DATA360(1.3),I,A,NRU,WB_WDI_SN_ITK_SVFI_ZS,_T,_T,_T,PT,_Z,_Z,_Z,2022,9.2,_Z,RATIO,2,WB_WDI,P1Y,0,A,PU,Annual,Nauru,Prevalence of severe food insecurity in the population (%),Total,All age ranges or no breakdown by age,Total,Percentage,Not Applicable,Not Applicable,Not Applicable,Not Applicable,Ratio,Two,World Development Indicators (WDI),Annual,Units,Normal value,Public
datastructure,WB.DATA360:DS_DATA360(1.3),I,A,NPL,WB_WDI_SN_ITK_SVFI_ZS,_T,_T,_T,PT,_Z,_Z,_Z,2022,13.5,_Z,RATIO,2,WB_WDI,P1Y,0,A,PU,Annual,Nepal,Prevalence of severe food insecurity in the population (%),Total,All age ranges or no breakdown by age,Total,Percentage,Not Applicable,Not Applicable,Not Applicable,Not Applicable,Ratio,Two,World Development Indicators (WDI),Annual,Units,Normal value,Public
datastructure,WB.DATA360:DS_DATA360(1.3),I,A,MDV,WB_WDI_SN_ITK_SVFI_ZS,_T,_T,_T,PT,_Z,_Z,_Z,2020,2.2,_Z,RATIO,2,WB_WDI,P1Y,0,A,PU,Annual,Maldives,Prevalence of severe food insecurity in the population (%),Total,All age ranges or no breakdown by age,Total,Percentage,Not Applicable,Not Applicable,Not Applicable,Not Applicable,Ratio,Two,World Development Indicators (WDI),Annual,Units,Normal value,Public
datastructure,WB.DATA360:DS_DATA360(1.3),I,A,MLI,WB_WDI_SN_ITK_SVFI_ZS,_T,_T,_T,PT,_Z,_Z,_Z,2020,2.8,_Z,RATIO,2,WB_WDI,P1Y,0,A,PU,Annual,Mali,Prevalence of severe food insecurity in the population (%),Total,All age ranges or no breakdown by age,Total,Percentage,Not Applicable,Not Applicable,Not Applicable,Not Applicable,Ratio,Two,World Development Indicators (WDI),Annual,Units,Normal value,Public
datastructure,WB.DATA360:DS_DATA360(1.3),I,A,MLT,WB_WDI_SN_ITK_SVFI_ZS,_T,_T,_T,PT,_Z,_Z,_Z,2020,1.4,_Z,RATIO,2,WB_WDI,P1Y,0,A,PU,Annual,Malta,Prevalence of severe food insecurity in the population (%),Total,All age ranges or no breakdown by age,Total,Percentage,Not Applicable,Not Applicable,Not Applicable,Not Applicable,Ratio,Two,World Development Indicators (WDI),Annual,Units,Normal value,Public
datastructure,WB.DATA360:DS_DATA360(1.3),I,A,MRT,WB_WDI_SN_ITK_SVFI_ZS,_T,_T,_T,PT,_Z,_Z,_Z,2020,7.2,_Z,RATIO,2,WB_WDI,P1Y,0,A,PU,Annual,Mauritania,Prevalence of severe food insecurity in the population (%),Total,All age ranges or no breakdown by age,Total,Percentage,Not Applicable,Not Applicable,Not Applicable,Not Applicable,Ratio,Two,World Development Indicators (WDI),Annual,Units,Normal value,Public
datastructure,WB.DATA360:DS_DATA360(1.3),I,A,MUS,WB_WDI_SN_ITK_SVFI_ZS,_T,_T,_T,PT,_Z,_Z,_Z,2020,9.1,_Z,RATIO,2,WB_WDI,P1Y,0,A,PU,Annual,Mauritius,Prevalence of severe food insecurity in the population (%),Total,All age ranges or no breakdown by age,Total,Percentage,Not Applicable,Not Applicable,Not Applicable,Not Applicable,Ratio,Two,World Development Indicators (WDI),Annual,Units,Normal value,Public
datastructure,WB.DATA360:DS_DATA360(1.3),I,A,MEX,WB_WDI_SN_ITK_SVFI_ZS,_T,_T,_T,PT,_Z,_Z,_Z,2020,3.5,_Z,RATIO,2,WB_WDI,P1Y,0,A,PU,Annual,Mexico,Prevalence of severe food insecurity in the population (%),Total,All age ranges or no breakdown by age,Total,Percentage,Not Applicable,Not Applicable,Not Applicable,Not Applicable,Ratio,Two,World Development Indicators (WDI),Annual,Units,Normal value,Public
datastructure,WB.DATA360:DS_DATA360(1.3),I,A,MDA,WB_WDI_SN_ITK_SVFI_ZS,_T,_T,_T,PT,_Z,_Z,_Z,2020,4.9,_Z,RATIO,2,WB_WDI,P1Y,0,A,PU,Annual,Moldova,Prevalence of severe food insecurity in the population (%),Total,All age ranges or no breakdown by age,Total,Percentage,Not Applicable,Not Applicable,Not Applicable,Not Applicable,Ratio,Two,World Development Indicators (WDI),Annual,Units,Normal value,Public
datastructure,WB.DATA360:DS_DATA360(1.3),I,A,MNG,WB_WDI_SN_ITK_SVFI_ZS,_T,_T,_T,PT,_Z,_Z,_Z,2020,0.0,_Z,RATIO,2,WB_WDI,P1Y,0,A,PU,Annual,Mongolia,Prevalence of severe food insecurity in the population (%),Total,All age ranges or no breakdown by age,Total,Percentage,Not Applicable,Not Applicable,Not Applicable,Not Applicable,Ratio,Two,World Development Indicators (WDI),Annual,Units,Normal value,Public
datastructure,WB.DATA360:DS_DATA360(1.3),I,A,MNE,WB_WDI_SN_ITK_SVFI_ZS,_T,_T,_T,PT,_Z,_Z,_Z,2020,3.4,_Z,RATIO,2,WB_WDI,P1Y,0,A,PU,Annual,Montenegro,Prevalence of severe food insecurity in the population (%),Total,All age ranges or no breakdown by age,Total,Percentage,Not Applicable,Not Applicable,Not Applicable,Not Applicable,Ratio,Two,World Development Indicators (WDI),Annual,Units,Normal value,Public
datastructure,WB.DATA360:DS_DATA360(1.3),I,A,KAZ,WB_WDI_SN_ITK_SVFI_ZS,_T,_T,_T,PT,_Z,_Z,_Z,2022,0.6,_Z,RATIO,2,WB_WDI,P1Y,0,A,PU,Annual,Kazakhstan,Prevalence of severe food insecurity in the population (%),Total,All age ranges or no breakdown by age,Total,Percentage,Not Applicable,Not Applicable,Not Applicable,Not Applicable,Ratio,Two,World Development Indicators (WDI),Annual,Units,Normal value,Public
datastructure,WB.DATA360:DS_DATA360(1.3),I,A,KEN,WB_WDI_SN_ITK_SVFI_ZS,_T,_T,_T,PT,_Z,_Z,_Z,2022,28.0,_Z,RATIO,2,WB_WDI,P1Y,0,A,PU,Annual,Kenya,Prevalence of severe food insecurity in the population (%),Total,All age ranges or no breakdown by age,Total,Percentage,Not Applicable,Not Applicable,Not Applicable,Not Applicable,Ratio,Two,World Development Indicators (WDI),Annual,Units,Normal value,Public
datastructure,WB.DATA360:DS_DATA360(1.3),I,A,KIR,WB_WDI_SN_ITK_SVFI_ZS,_T,_T,_T,PT,_Z,_Z,_Z,2022,6.9,_Z,RATIO,2,WB_WDI,P1Y,0,A,PU,Annual,Kiribati,Prevalence of severe food insecurity in the population (%),Total,All age ranges or no breakdown by age,Total,Percentage,Not Applicable,Not Applicable,Not Applicable,Not Applicable,Ratio,Two,World Development Indicators (WDI),Annual,Units,Normal value,Public
datastructure,WB.DATA360:DS_DATA360(1.3),I,A,KOR,WB_WDI_SN_ITK_SVFI_ZS,_T,_T,_T,PT,_Z,_Z,_Z,2022,0.9,_Z,RATIO,2,WB_WDI,P1Y,0,A,PU,Annual,"Korea, Rep.",Prevalence of severe food insecurity in the population (%),Total,All age ranges or no breakdown by age,Total,Percentage,Not Applicable,Not Applicable,Not Applicable,Not Applicable,Ratio,Two,World Development Indicators (WDI),Annual,Units,Normal value,Public
datastructure,WB.DATA360:DS_DATA360(1.3),I,A,KWT,WB_WDI_SN_ITK_SVFI_ZS,_T,_T,_T,PT,_Z,_Z,_Z,2022,3.4,_Z,RATIO,2,WB_WDI,P1Y,0,A,PU,Annual,Kuwait,Prevalence of severe food insecurity in the population (%),Total,All age ranges or no breakdown by age,Total,Percentage,Not Applicable,Not Applicable,Not Applicable,Not Applicable,Ratio,Two,World Development Indicators (WDI),Annual,Units,Normal value,Public
datastructure,WB.DATA360:DS_DATA360(1.3),I,A,KGZ,WB_WDI_SN_ITK_SVFI_ZS,_T,_T,_T,PT,_Z,_Z,_Z,2022,1.1,_Z,RATIO,2,WB_WDI,P1Y,0,A,PU,Annual,Kyrgyz Republic,Prevalence of severe food insecurity in the population (%),Total,All age ranges or no breakdown by age,Total,Percentage,Not Applicable,Not Applicable,Not Applicable,Not Applicable,Ratio,Two,World Development Indicators (WDI),Annual,Units,Normal value,Public
datastructure,WB.DATA360:DS_DATA360(1.3),I,A,LAO,WB_WDI_SN_ITK_SVFI_ZS,_T,_T,_T,PT,_Z,_Z,_Z,2022,6.2,_Z,RATIO,2,WB_WDI,P1Y,0,A,PU,Annual,Lao PDR,Prevalence of severe food insecurity in the population (%),Total,All age ranges or no breakdown by age,Total,Percentage,Not Applicable,Not Applicable,Not Applicable,Not Applicable,Ratio,Two,World Development Indicators (WDI),Annual,Units,Normal value,Public
datastructure,WB.DATA360:DS_DATA360(1.3),I,A,LVA,WB_WDI_SN_ITK_SVFI_ZS,_T,_T,_T,PT,_Z,_Z,_Z,2022,1.6,_Z,RATIO,2,WB_WDI,P1Y,0,A,PU,Annual,Latvia,Prevalence of severe food insecurity in the population (%),Total,All age ranges or no breakdown by age,Total,Percentage,Not Applicable,Not Applicable,Not Applicable,Not Applicable,Ratio,Two,World Development Indicators (WDI),Annual,Units,Normal value,Public
datastructure,WB.DATA360:DS_DATA360(1.3),I,A,LBN,WB_WDI_SN_ITK_SVFI_ZS,_T,_T,_T,PT,_Z,_Z,_Z,2022,11.7,_Z,RATIO,2,WB_WDI,P1Y,0,A,PU,Annual,Lebanon,Prevalence of severe food insecurity in the population (%),Total,All age ranges or no breakdown by age,Total,Percentage,Not Applicable,Not Applicable,Not Applicable,Not Applicable,Ratio,Two,World Development Indicators (WDI),Annual,Units,Normal value,Public
datastructure,WB.DATA360:DS_DATA360(1.3),I,A,LSO,WB_WDI_SN_ITK_SVFI_ZS,_T,_T,_T,PT,_Z,_Z,_Z,2022,25.3,_Z,RATIO,2,WB_WDI,P1Y,0,A,PU,Annual,Lesotho,Prevalence of severe food insecurity in the population (%),Total,All age ranges or no breakdown by age,Total,Percentage,Not Applicable,Not Applicable,Not Applicable,Not Applicable,Ratio,Two,World Development Indicators (WDI),Annual,Units,Normal value,Public
datastructure,WB.DATA360:DS_DATA360(1.3),I,A,ARM,WB_WDI_SN_ITK_SVFI_ZS,_T,_T,_T,PT,_Z,_Z,_Z,2022,0.0,_Z,RATIO,2,WB_WDI,P1Y,0,A,PU,Annual,Armenia,Prevalence of severe food insecurity in the population (%),Total,All age ranges or no breakdown by age,Total,Percentage,Not Applicable,Not Applicable,Not Applicable,Not Applicable,Ratio,Two,World Development Indicators (WDI),Annual,Units,Normal value,Public
datastructure,WB.DATA360:DS_DATA360(1.3),I,A,AUS,WB_WDI_SN_ITK_SVFI_ZS,_T,_T,_T,PT,_Z,_Z,_Z,2022,4.2,_Z,RATIO,2,WB_WDI,P1Y,0,A,PU,Annual,Australia,Prevalence of severe food insecurity in the population (%),Total,All age ranges or no breakdown by age,Total,Percentage,Not Applicable,Not Applicable,Not Applicable,Not Applicable,Ratio,Two,World Development Indicators (WDI),Annual,Units,Normal value,Public
datastructure,WB.DATA360:DS_DATA360(1.3),I,A,AUT,WB_WDI_SN_ITK_SVFI_ZS,_T,_T,_T,PT,_Z,_Z,_Z,2022,1.8,_Z,RATIO,2,WB_WDI,P1Y,0,A,PU,Annual,Austria,Prevalence of severe food insecurity in the population (%),Total,All age ranges or no breakdown by age,Total,Percentage,Not Applicable,Not Applicable,Not Applicable,Not Applicable,Ratio,Two,World Development Indicators (WDI),Annual,Units,Normal value,Public
datastructure,WB.DATA360:DS_DATA360(1.3),I,A,AZE,WB_WDI_SN_ITK_SVFI_ZS,_T,_T,_T,PT,_Z,_Z,_Z,2022,0.7,_Z,RATIO,2,WB_WDI,P1Y,0,A,PU,Annual,Azerbaijan,Prevalence of severe food insecurity in the population (%),Total,All age ranges or no breakdown by age,Total,Percentage,Not Applicable,Not Applicable,Not Applicable,Not Applicable,Ratio,Two,World Development Indicators (WDI),Annual,Units,Normal value,Public
datastructure,WB.DATA360:DS_DATA360(1.3),I,A,BHS,WB_WDI_SN_ITK_SVFI_ZS,_T,_T,_T,PT,_Z,_Z,_Z,2022,3.4,_Z,RATIO,2,WB_WDI,P1Y,0,A,PU,Annual,"Bahamas, The",Prevalence of severe food insecurity in the population (%),Total,All age ranges or no breakdown by age,Total,Percentage,Not Applicable,Not Applicable,Not Applicable,Not Applicable,Ratio,Two,World Development Indicators (WDI),Annual,Units,Normal value,Public
datastructure,WB.DATA360:DS_DATA360(1.3),I,A,BRB,WB_WDI_SN_ITK_SVFI_ZS,_T,_T,_T,PT,_Z,_Z,_Z,2022,7.4,_Z,RATIO,2,WB_WDI,P1Y,0,A,PU,Annual,Barbados,Prevalence of severe food insecurity in the population (%),Total,All age ranges or no breakdown by age,Total,Percentage,Not Applicable,Not Applicable,Not Applicable,Not Applicable,Ratio,Two,World Development Indicators (WDI),Annual,Units,Normal value,Public
datastructure,WB.DATA360:DS_DATA360(1.3),I,A,BLR,WB_WDI_SN_ITK_SVFI_ZS,_T,_T,_T,PT,_Z,_Z,_Z,2022,0.0,_Z,RATIO,2,WB_WDI,P1Y,0,A,PU,Annual,Belarus,Prevalence of severe food insecurity in the population (%),Total,All age ranges or no breakdown by age,Total,Percentage,Not Applicable,Not Applicable,Not Applicable,Not Applicable,Ratio,Two,World Development Indicators (WDI),Annual,Units,Normal value,Public
datastructure,WB.DATA360:DS_DATA360(1.3),I,A,BEL,WB_WDI_SN_ITK_SVFI_ZS,_T,_T,_T,PT,_Z,_Z,_Z,2022,2.0,_Z,RATIO,2,WB_WDI,P1Y,0,A,PU,Annual,Belgium,Prevalence of severe food insecurity in the population (%),Total,All age ranges or no breakdown by age,Total,Percentage,Not Applicable,Not Applicable,Not Applicable,Not Applicable,Ratio,Two,World Development Indicators (WDI),Annual,Units,Normal value,Public
datastructure,WB.DATA360:DS_DATA360(1.3),I,A,BEN,WB_WDI_SN_ITK_SVFI_ZS,_T,_T,_T,PT,_Z,_Z,_Z,2022,15.8,_Z,RATIO,2,WB_WDI,P1Y,0,A,PU,Annual,Benin,Prevalence of severe food insecurity in the population (%),Total,All age ranges or no breakdown by age,Total,Percentage,Not Applicable,Not Applicable,Not Applicable,Not Applicable,Ratio,Two,World Development Indicators (WDI),Annual,Units,Normal value,Public
datastructure,WB.DATA360:DS_DATA360(1.3),I,A,CRI,WB_WDI_SN_ITK_SVFI_ZS,_T,_T,_T,PT,_Z,_Z,_Z,2015,1.8,_Z,RATIO,2,WB_WDI,P1Y,0,A,PU,Annual,Costa Rica,Prevalence of severe food insecurity in the population (%),Total,All age ranges or no breakdown by age,Total,Percentage,Not Applicable,Not Applicable,Not Applicable,Not Applicable,Ratio,Two,World Development Indicators (WDI),Annual,Units,Normal value,Public
datastructure,WB.DATA360:DS_DATA360(1.3),I,A,CIV,WB_WDI_SN_ITK_SVFI_ZS,_T,_T,_T,PT,_Z,_Z,_Z,2015,6.2,_Z,RATIO,2,WB_WDI,P1Y,0,A,PU,Annual,Côte d’Ivoire,Prevalence of severe food insecurity in the population (%),Total,All age ranges or no breakdown by age,Total,Percentage,Not Applicable,Not Applicable,Not Applicable,Not Applicable,Ratio,Two,World Development Indicators (WDI),Annual,Units,Normal value,Public
datastructure,WB.DATA360:DS_DATA360(1.3),I,A,HRV,WB_WDI_SN_ITK_SVFI_ZS,_T,_T,_T,PT,_Z,_Z,_Z,2015,0.6,_Z,RATIO,2,WB_WDI,P1Y,0,A,PU,Annual,Croatia,Prevalence of severe food insecurity in the population (%),Total,All age ranges or no breakdown by age,Total,Percentage,Not Applicable,Not Applicable,Not Applicable,Not Applicable,Ratio,Two,World Development Indicators (WDI),Annual,Units,Normal value,Public
datastructure,WB.DATA360:DS_DATA360(1.3),I,A,CZE,WB_WDI_SN_ITK_SVFI_ZS,_T,_T,_T,PT,_Z,_Z,_Z,2015,0.7,_Z,RATIO,2,WB_WDI,P1Y,0,A,PU,Annual,Czechia,Prevalence of severe food insecurity in the population (%),Total,All age ranges or no breakdown by age,Total,Percentage,Not Applicable,Not Applicable,Not Applicable,Not Applicable,Ratio,Two,World Development Indicators (WDI),Annual,Units,Normal value,Public
datastructure,WB.DATA360:DS_DATA360(1.3),I,A,DNK,WB_WDI_SN_ITK_SVFI_ZS,_T,_T,_T,PT,_Z,_Z,_Z,2015,1.0,_Z,RATIO,2,WB_WDI,P1Y,0,A,PU,Annual,Denmark,Prevalence of severe food insecurity in the population (%),Total,All age ranges or no breakdown by age,Total,Percentage,Not Applicable,Not Applicable,Not Applicable,Not Applicable,Ratio,Two,World Development Indicators (WDI),Annual,Units,Normal value,Public
datastructure,WB.DATA360:DS_DATA360(1.3),I,A,PER,WB_WDI_SN_ITK_SVFI_ZS,_T,_T,_T,PT,_Z,_Z,_Z,2018,12.7,_Z,RATIO,2,WB_WDI,P1Y,0,A,PU,Annual,Peru,Prevalence of severe food insecurity in the population (%),Total,All age ranges or no breakdown by age,Total,Percentage,Not Applicable,Not Applicable,Not Applicable,Not Applicable,Ratio,Two,World Development Indicators (WDI),Annual,Units,Normal value,Public
datastructure,WB.DATA360:DS_DATA360(1.3),I,A,PHL,WB_WDI_SN_ITK_SVFI_ZS,_T,_T,_T,PT,_Z,_Z,_Z,2018,3.2,_Z,RATIO,2,WB_WDI,P1Y,0,A,PU,Annual,Philippines,Prevalence of severe food insecurity in the population (%),Total,All age ranges or no breakdown by age,Total,Percentage,Not Applicable,Not Applicable,Not Applicable,Not Applicable,Ratio,Two,World Development Indicators (WDI),Annual,Units,Normal value,Public
datastructure,WB.DATA360:DS_DATA360(1.3),I,A,POL,WB_WDI_SN_ITK_SVFI_ZS,_T,_T,_T,PT,_Z,_Z,_Z,2018,0.0,_Z,RATIO,2,WB_WDI,P1Y,0,A,PU,Annual,Poland,Prevalence of severe food insecurity in the population (%),Total,All age ranges or no breakdown by age,Total,Percentage,Not Applicable,Not Applicable,Not Applicable,Not Applicable,Ratio,Two,World Development Indicators (WDI),Annual,Units,Normal value,Public
datastructure,WB.DATA360:DS_DATA360(1.3),I,A,PRT,WB_WDI_SN_ITK_SVFI_ZS,_T,_T,_T,PT,_Z,_Z,_Z,2018,2.9,_Z,RATIO,2,WB_WDI,P1Y,0,A,PU,Annual,Portugal,Prevalence of severe food insecurity in the population (%),Total,All age ranges or no breakdown by age,Total,Percentage,Not Applicable,Not Applicable,Not Applicable,Not Applicable,Ratio,Two,World Development Indicators (WDI),Annual,Units,Normal value,Public
datastructure,WB.DATA360:DS_DATA360(1.3),I,A,ROU,WB_WDI_SN_ITK_SVFI_ZS,_T,_T,_T,PT,_Z,_Z,_Z,2018,3.4,_Z,RATIO,2,WB_WDI,P1Y,0,A,PU,Annual,Romania,Prevalence of severe food insecurity in the population (%),Total,All age ranges or no breakdown by age,Total,Percentage,Not Applicable,Not Applicable,Not Applicable,Not Applicable,Ratio,Two,World Development Indicators (WDI),Annual,Units,Normal value,Public
datastructure,WB.DATA360:DS_DATA360(1.3),I,A,RUS,WB_WDI_SN_ITK_SVFI_ZS,_T,_T,_T,PT,_Z,_Z,_Z,2018,0.0,_Z,RATIO,2,WB_WDI,P1Y,0,A,PU,Annual,Russian Federation,Prevalence of severe food insecurity in the population (%),Total,All age ranges or no breakdown by age,Total,Percentage,Not Applicable,Not Applicable,Not Applicable,Not Applicable,Ratio,Two,World Development Indicators (WDI),Annual,Units,Normal value,Public
datastructure,WB.DATA360:DS_DATA360(1.3),I,A,WSM,WB_WDI_SN_ITK_SVFI_ZS,_T,_T,_T,PT,_Z,_Z,_Z,2018,3.5,_Z,RATIO,2,WB_WDI,P1Y,0,A,PU,Annual,Samoa,Prevalence of severe food insecurity in the population (%),Total,All age ranges or no breakdown by age,Total,Percentage,Not Applicable,Not Applicable,Not Applicable,Not Applicable,Ratio,Two,World Development Indicators (WDI),Annual,Units,Normal value,Public
datastructure,WB.DATA360:DS_DATA360(1.3),I,A,TZA,WB_WDI_SN_ITK_SVFI_ZS,_T,_T,_T,PT,_Z,_Z,_Z,2022,25.4,_Z,RATIO,2,WB_WDI,P1Y,0,A,PU,Annual,Tanzania,Prevalence of severe food insecurity in the population (%),Total,All age ranges or no breakdown by age,Total,Percentage,Not Applicable,Not Applicable,Not Applicable,Not Applicable,Ratio,Two,World Development Indicators (WDI),Annual,Units,Normal value,Public
datastructure,WB.DATA360:DS_DATA360(1.3),I,A,THA,WB_WDI_SN_ITK_SVFI_ZS,_T,_T,_T,PT,_Z,_Z,_Z,2022,1.1,_Z,RATIO,2,WB_WDI,P1Y,0,A,PU,Annual,Thailand,Prevalence of severe food insecurity in the population (%),Total,All age ranges or no breakdown by age,Total,Percentage,Not Applicable,Not Applicable,Not Applicable,Not Applicable,Ratio,Two,World Development Indicators (WDI),Annual,Units,Normal value,Public
datastructure,WB.DATA360:DS_DATA360(1.3),I,A,TGO,WB_WDI_SN_ITK_SVFI_ZS,_T,_T,_T,PT,_Z,_Z,_Z,2022,10.9,_Z,RATIO,2,WB_WDI,P1Y,0,A,PU,Annual,Togo,Prevalence of severe food insecurity in the population (%),Total,All age ranges or no breakdown by age,Total,Percentage,Not Applicable,Not Applicable,Not Applicable,Not Applicable,Ratio,Two,World Development Indicators (WDI),Annual,Units,Normal value,Public
datastructure,WB.DATA360:DS_DATA360(1.3),I,A,TON,WB_WDI_SN_ITK_SVFI_ZS,_T,_T,_T,PT,_Z,_Z,_Z,2022,2.6,_Z,RATIO,2,WB_WDI,P1Y,0,A,PU,Annual,Tonga,Prevalence of severe food insecurity in the population (%),Total,All age ranges or no breakdown by age,Total,Percentage,Not Applicable,Not Applicable,Not Applicable,Not Applicable,Ratio,Two,World Development Indicators (WDI),Annual,Units,Normal value,Public
datastructure,WB.DATA360:DS_DATA360(1.3),I,A,TTO,WB_WDI_SN_ITK_SVFI_ZS,_T,_T,_T,PT,_Z,_Z,_Z,2022,6.9,_Z,RATIO,2,WB_WDI,P1Y,0,A,PU,Annual,Trinidad and Tobago,Prevalence of severe food insecurity in the population (%),Total,All age ranges or no breakdown by age,Total,Percentage,Not Applicable,Not Applicable,Not Applicable,Not Applicable,Ratio,Two,World Development Indicators (WDI),Annual,Units,Normal value,Public
datastructure,WB.DATA360:DS_DATA360(1.3),I,A,TUN,WB_WDI_SN_ITK_SVFI_ZS,_T,_T,_T,PT,_Z,_Z,_Z,2022,11.3,_Z,RATIO,2,WB_WDI,P1Y,0,A,PU,Annual,Tunisia,Prevalence of severe food insecurity in the population (%),Total,All age ranges or no breakdown by age,Total,Percentage,Not Applicable,Not Applicable,Not Applicable,Not Applicable,Ratio,Two,World Development Indicators (WDI),Annual,Units,Normal value,Public
datastructure,WB.DATA360:DS_DATA360(1.3),I,A,UGA,WB_WDI_SN_ITK_SVFI_ZS,_T,_T,_T,PT,_Z,_Z,_Z,2022,17.7,_Z,RATIO,2,WB_WDI,P1Y,0,A,PU,Annual,Uganda,Prevalence of severe food insecurity in the population (%),Total,All age ranges or no breakdown by age,Total,Percentage,Not Applicable,Not Applicable,Not Applicable,Not Applicable,Ratio,Two,World Development Indicators (WDI),Annual,Units,Normal value,Public
datastructure,WB.DATA360:DS_DATA360(1.3),I,A,UKR,WB_WDI_SN_ITK_SVFI_ZS,_T,_T,_T,PT,_Z,_Z,_Z,2022,5.3,_Z,RATIO,2,WB_WDI,P1Y,0,A,PU,Annual,Ukraine,Prevalence of severe food insecurity in the population (%),Total,All age ranges or no breakdown by age,Total,Percentage,Not Applicable,Not Applicable,Not Applicable,Not Applicable,Ratio,Two,World Development Indicators (WDI),Annual,Units,Normal value,Public
datastructure,WB.DATA360:DS_DATA360(1.3),I,A,BLR,WB_WDI_SN_ITK_SVFI_ZS,_T,_T,_T,PT,_Z,_Z,_Z,2019,0.0,_Z,RATIO,2,WB_WDI,P1Y,0,A,PU,Annual,Belarus,Prevalence of severe food insecurity in the population (%),Total,All age ranges or no breakdown by age,Total,Percentage,Not Applicable,Not Applicable,Not Applicable,Not Applicable,Ratio,Two,World Development Indicators (WDI),Annual,Units,Normal value,Public
datastructure,WB.DATA360:DS_DATA360(1.3),I,A,BEL,WB_WDI_SN_ITK_SVFI_ZS,_T,_T,_T,PT,_Z,_Z,_Z,2019,1.1,_Z,RATIO,2,WB_WDI,P1Y,0,A,PU,Annual,Belgium,Prevalence of severe food insecurity in the population (%),Total,All age ranges or no breakdown by age,Total,Percentage,Not Applicable,Not Applicable,Not Applicable,Not Applicable,Ratio,Two,World Development Indicators (WDI),Annual,Units,Normal value,Public
datastructure,WB.DATA360:DS_DATA360(1.3),I,A,BLZ,WB_WDI_SN_ITK_SVFI_ZS,_T,_T,_T,PT,_Z,_Z,_Z,2019,6.0,_Z,RATIO,2,WB_WDI,P1Y,0,A,PU,Annual,Belize,Prevalence of severe food insecurity in the population (%),Total,All age ranges or no breakdown by age,Total,Percentage,Not Applicable,Not Applicable,Not Applicable,Not Applicable,Ratio,Two,World Development Indicators (WDI),Annual,Units,Normal value,Public
datastructure,WB.DATA360:DS_DATA360(1.3),I,A,BEN,WB_WDI_SN_ITK_SVFI_ZS,_T,_T,_T,PT,_Z,_Z,_Z,2019,14.7,_Z,RATIO,2,WB_WDI,P1Y,0,A,PU,Annual,Benin,Prevalence of severe food insecurity in the population (%),Total,All age ranges or no breakdown by age,Total,Percentage,Not Applicable,Not Applicable,Not Applicable,Not Applicable,Ratio,Two,World Development Indicators (WDI),Annual,Units,Normal value,Public
datastructure,WB.DATA360:DS_DATA360(1.3),I,A,NLD,WB_WDI_SN_ITK_SVFI_ZS,_T,_T,_T,PT,_Z,_Z,_Z,2022,1.9,_Z,RATIO,2,WB_WDI,P1Y,0,A,PU,Annual,Netherlands,Prevalence of severe food insecurity in the population (%),Total,All age ranges or no breakdown by age,Total,Percentage,Not Applicable,Not Applicable,Not Applicable,Not Applicable,Ratio,Two,World Development Indicators (WDI),Annual,Units,Normal value,Public
datastructure,WB.DATA360:DS_DATA360(1.3),I,A,NZL,WB_WDI_SN_ITK_SVFI_ZS,_T,_T,_T,PT,_Z,_Z,_Z,2022,3.8,_Z,RATIO,2,WB_WDI,P1Y,0,A,PU,Annual,New Zealand,Prevalence of severe food insecurity in the population (%),Total,All age ranges or no breakdown by age,Total,Percentage,Not Applicable,Not Applicable,Not Applicable,Not Applicable,Ratio,Two,World Development Indicators (WDI),Annual,Units,Normal value,Public
datastructure,WB.DATA360:DS_DATA360(1.3),I,A,NER,WB_WDI_SN_ITK_SVFI_ZS,_T,_T,_T,PT,_Z,_Z,_Z,2022,7.5,_Z,RATIO,2,WB_WDI,P1Y,0,A,PU,Annual,Niger,Prevalence of severe food insecurity in the population (%),Total,All age ranges or no breakdown by age,Total,Percentage,Not Applicable,Not Applicable,Not Applicable,Not Applicable,Ratio,Two,World Development Indicators (WDI),Annual,Units,Normal value,Public
datastructure,WB.DATA360:DS_DATA360(1.3),I,A,NGA,WB_WDI_SN_ITK_SVFI_ZS,_T,_T,_T,PT,_Z,_Z,_Z,2022,22.6,_Z,RATIO,2,WB_WDI,P1Y,0,A,PU,Annual,Nigeria,Prevalence of severe food insecurity in the population (%),Total,All age ranges or no breakdown by age,Total,Percentage,Not Applicable,Not Applicable,Not Applicable,Not Applicable,Ratio,Two,World Development Indicators (WDI),Annual,Units,Normal value,Public
datastructure,WB.DATA360:DS_DATA360(1.3),I,A,MKD,WB_WDI_SN_ITK_SVFI_ZS,_T,_T,_T,PT,_Z,_Z,_Z,2022,4.8,_Z,RATIO,2,WB_WDI,P1Y,0,A,PU,Annual,North Macedonia,Prevalence of severe food insecurity in the population (%),Total,All age ranges or no breakdown by age,Total,Percentage,Not Applicable,Not Applicable,Not Applicable,Not Applicable,Ratio,Two,World Development Indicators (WDI),Annual,Units,Normal value,Public
datastructure,WB.DATA360:DS_DATA360(1.3),I,A,NOR,WB_WDI_SN_ITK_SVFI_ZS,_T,_T,_T,PT,_Z,_Z,_Z,2022,1.4,_Z,RATIO,2,WB_WDI,P1Y,0,A,PU,Annual,Norway,Prevalence of severe food insecurity in the population (%),Total,All age ranges or no breakdown by age,Total,Percentage,Not Applicable,Not Applicable,Not Applicable,Not Applicable,Ratio,Two,World Development Indicators (WDI),Annual,Units,Normal value,Public
datastructure,WB.DATA360:DS_DATA360(1.3),I,A,PAK,WB_WDI_SN_ITK_SVFI_ZS,_T,_T,_T,PT,_Z,_Z,_Z,2022,11.4,_Z,RATIO,2,WB_WDI,P1Y,0,A,PU,Annual,Pakistan,Prevalence of severe food insecurity in the population (%),Total,All age ranges or no breakdown by age,Total,Percentage,Not Applicable,Not Applicable,Not Applicable,Not Applicable,Ratio,Two,World Development Indicators (WDI),Annual,Units,Normal value,Public
datastructure,WB.DATA360:DS_DATA360(1.3),I,A,PLW,WB_WDI_SN_ITK_SVFI_ZS,_T,_T,_T,PT,_Z,_Z,_Z,2022,6.9,_Z,RATIO,2,WB_WDI,P1Y,0,A,PU,Annual,Palau,Prevalence of severe food insecurity in the population (%),Total,All age ranges or no breakdown by age,Total,Percentage,Not Applicable,Not Applicable,Not Applicable,Not Applicable,Ratio,Two,World Development Indicators (WDI),Annual,Units,Normal value,Public
datastructure,WB.DATA360:DS_DATA360(1.3),I,A,UMC,WB_WDI_SN_ITK_SVFI_ZS,_T,_T,_T,PT,_Z,_Z,_Z,2014,2.6362959,_Z,RATIO,2,WB_WDI,P1Y,0,A,PU,Annual,Upper middle income,Prevalence of severe food insecurity in the population (%),Total,All age ranges or no breakdown by age,Total,Percentage,Not Applicable,Not Applicable,Not Applicable,Not Applicable,Ratio,Two,World Development Indicators (WDI),Annual,Units,Normal value,Public
datastructure,WB.DATA360:DS_DATA360(1.3),I,A,WLD,WB_WDI_SN_ITK_SVFI_ZS,_T,_T,_T,PT,_Z,_Z,_Z,2014,7.6170861,_Z,RATIO,2,WB_WDI,P1Y,0,A,PU,Annual,World,Prevalence of severe food insecurity in the population (%),Total,All age ranges or no breakdown by age,Total,Percentage,Not Applicable,Not Applicable,Not Applicable,Not Applicable,Ratio,Two,World Development Indicators (WDI),Annual,Units,Normal value,Public
datastructure,WB.DATA360:DS_DATA360(1.3),I,A,COM,WB_WDI_SN_ITK_SVFI_ZS,_T,_T,_T,PT,_Z,_Z,_Z,2021,27.4,_Z,RATIO,2,WB_WDI,P1Y,0,A,PU,Annual,Comoros,Prevalence of severe food insecurity in the population (%),Total,All age ranges or no breakdown by age,Total,Percentage,Not Applicable,Not Applicable,Not Applicable,Not Applicable,Ratio,Two,World Development Indicators (WDI),Annual,Units,Normal value,Public
datastructure,WB.DATA360:DS_DATA360(1.3),I,A,COD,WB_WDI_SN_ITK_SVFI_ZS,_T,_T,_T,PT,_Z,_Z,_Z,2021,40.3,_Z,RATIO,2,WB_WDI,P1Y,0,A,PU,Annual,"Congo, Dem. Rep.",Prevalence of severe food insecurity in the population (%),Total,All age ranges or no breakdown by age,Total,Percentage,Not Applicable,Not Applicable,Not Applicable,Not Applicable,Ratio,Two,World Development Indicators (WDI),Annual,Units,Normal value,Public
datastructure,WB.DATA360:DS_DATA360(1.3),I,A,CRI,WB_WDI_SN_ITK_SVFI_ZS,_T,_T,_T,PT,_Z,_Z,_Z,2021,2.9,_Z,RATIO,2,WB_WDI,P1Y,0,A,PU,Annual,Costa Rica,Prevalence of severe food insecurity in the population (%),Total,All age ranges or no breakdown by age,Total,Percentage,Not Applicable,Not Applicable,Not Applicable,Not Applicable,Ratio,Two,World Development Indicators (WDI),Annual,Units,Normal value,Public
datastructure,WB.DATA360:DS_DATA360(1.3),I,A,CIV,WB_WDI_SN_ITK_SVFI_ZS,_T,_T,_T,PT,_Z,_Z,_Z,2021,9.4,_Z,RATIO,2,WB_WDI,P1Y,0,A,PU,Annual,Côte d’Ivoire,Prevalence of severe food insecurity in the population (%),Total,All age ranges or no breakdown by age,Total,Percentage,Not Applicable,Not Applicable,Not Applicable,Not Applicable,Ratio,Two,World Development Indicators (WDI),Annual,Units,Normal value,Public
datastructure,WB.DATA360:DS_DATA360(1.3),I,A,HRV,WB_WDI_SN_ITK_SVFI_ZS,_T,_T,_T,PT,_Z,_Z,_Z,2021,1.9,_Z,RATIO,2,WB_WDI,P1Y,0,A,PU,Annual,Croatia,Prevalence of severe food insecurity in the population (%),Total,All age ranges or no breakdown by age,Total,Percentage,Not Applicable,Not Applicable,Not Applicable,Not Applicable,Ratio,Two,World Development Indicators (WDI),Annual,Units,Normal value,Public
datastructure,WB.DATA360:DS_DATA360(1.3),I,A,CZE,WB_WDI_SN_ITK_SVFI_ZS,_T,_T,_T,PT,_Z,_Z,_Z,2021,2.3,_Z,RATIO,2,WB_WDI,P1Y,0,A,PU,Annual,Czechia,Prevalence of severe food insecurity in the population (%),Total,All age ranges or no breakdown by age,Total,Percentage,Not Applicable,Not Applicable,Not Applicable,Not Applicable,Ratio,Two,World Development Indicators (WDI),Annual,Units,Normal value,Public
datastructure,WB.DATA360:DS_DATA360(1.3),I,A,DNK,WB_WDI_SN_ITK_SVFI_ZS,_T,_T,_T,PT,_Z,_Z,_Z,2021,1.8,_Z,RATIO,2,WB_WDI,P1Y,0,A,PU,Annual,Denmark,Prevalence of severe food insecurity in the population (%),Total,All age ranges or no breakdown by age,Total,Percentage,Not Applicable,Not Applicable,Not Applicable,Not Applicable,Ratio,Two,World Development Indicators (WDI),Annual,Units,Normal value,Public
datastructure,WB.DATA360:DS_DATA360(1.3),I,A,DJI,WB_WDI_SN_ITK_SVFI_ZS,_T,_T,_T,PT,_Z,_Z,_Z,2021,16.5,_Z,RATIO,2,WB_WDI,P1Y,0,A,PU,Annual,Djibouti,Prevalence of severe food insecurity in the population (%),Total,All age ranges or no breakdown by age,Total,Percentage,Not Applicable,Not Applicable,Not Applicable,Not Applicable,Ratio,Two,World Development Indicators (WDI),Annual,Units,Normal value,Public
datastructure,WB.DATA360:DS_DATA360(1.3),I,A,TSA,WB_WDI_SN_ITK_SVFI_ZS,_T,_T,_T,PT,_Z,_Z,_Z,2022,19.8870222,_Z,RATIO,2,WB_WDI,P1Y,0,A,PU,Annual,South Asia (IDA & IBRD),Prevalence of severe food insecurity in the population (%),Total,All age ranges or no breakdown by age,Total,Percentage,Not Applicable,Not Applicable,Not Applicable,Not Applicable,Ratio,Two,World Development Indicators (WDI),Annual,Units,Normal value,Public
datastructure,WB.DATA360:DS_DATA360(1.3),I,A,UMC,WB_WDI_SN_ITK_SVFI_ZS,_T,_T,_T,PT,_Z,_Z,_Z,2022,3.6644603,_Z,RATIO,2,WB_WDI,P1Y,0,A,PU,Annual,Upper middle income,Prevalence of severe food insecurity in the population (%),Total,All age ranges or no breakdown by age,Total,Percentage,Not Applicable,Not Applicable,Not Applicable,Not Applicable,Ratio,Two,World Development Indicators (WDI),Annual,Units,Normal value,Public
datastructure,WB.DATA360:DS_DATA360(1.3),I,A,WLD,WB_WDI_SN_ITK_SVFI_ZS,_T,_T,_T,PT,_Z,_Z,_Z,2022,10.4704632,_Z,RATIO,2,WB_WDI,P1Y,0,A,PU,Annual,World,Prevalence of severe food insecurity in the population (%),Total,All age ranges or no breakdown by age,Total,Percentage,Not Applicable,Not Applicable,Not Applicable,Not Applicable,Ratio,Two,World Development Indicators (WDI),Annual,Units,Normal value,Public
datastructure,WB.DATA360:DS_DATA360(1.3),I,A,AFG,WB_WDI_SN_ITK_SVFI_ZS,_T,_T,_T,PT,_Z,_Z,_Z,2022,30.6,_Z,RATIO,2,WB_WDI,P1Y,0,A,PU,Annual,Afghanistan,Prevalence of severe food insecurity in the population (%),Total,All age ranges or no breakdown by age,Total,Percentage,Not Applicable,Not Applicable,Not Applicable,Not Applicable,Ratio,Two,World Development Indicators (WDI),Annual,Units,Normal value,Public
datastructure,WB.DATA360:DS_DATA360(1.3),I,A,ALB,WB_WDI_SN_ITK_SVFI_ZS,_T,_T,_T,PT,_Z,_Z,_Z,2022,8.2,_Z,RATIO,2,WB_WDI,P1Y,0,A,PU,Annual,Albania,Prevalence of severe food insecurity in the population (%),Total,All age ranges or no breakdown by age,Total,Percentage,Not Applicable,Not Applicable,Not Applicable,Not Applicable,Ratio,Two,World Development Indicators (WDI),Annual,Units,Normal value,Public
datastructure,WB.DATA360:DS_DATA360(1.3),I,A,DZA,WB_WDI_SN_ITK_SVFI_ZS,_T,_T,_T,PT,_Z,_Z,_Z,2022,5.6,_Z,RATIO,2,WB_WDI,P1Y,0,A,PU,Annual,Algeria,Prevalence of severe food insecurity in the population (%),Total,All age ranges or no breakdown by age,Total,Percentage,Not Applicable,Not Applicable,Not Applicable,Not Applicable,Ratio,Two,World Development Indicators (WDI),Annual,Units,Normal value,Public
datastructure,WB.DATA360:DS_DATA360(1.3),I,A,ATG,WB_WDI_SN_ITK_SVFI_ZS,_T,_T,_T,PT,_Z,_Z,_Z,2022,3.4,_Z,RATIO,2,WB_WDI,P1Y,0,A,PU,Annual,Antigua and Barbuda,Prevalence of severe food insecurity in the population (%),Total,All age ranges or no breakdown by age,Total,Percentage,Not Applicable,Not Applicable,Not Applicable,Not Applicable,Ratio,Two,World Development Indicators (WDI),Annual,Units,Normal value,Public
datastructure,WB.DATA360:DS_DATA360(1.3),I,A,ARG,WB_WDI_SN_ITK_SVFI_ZS,_T,_T,_T,PT,_Z,_Z,_Z,2022,13.1,_Z,RATIO,2,WB_WDI,P1Y,0,A,PU,Annual,Argentina,Prevalence of severe food insecurity in the population (%),Total,All age ranges or no breakdown by age,Total,Percentage,Not Applicable,Not Applicable,Not Applicable,Not Applicable,Ratio,Two,World Development Indicators (WDI),Annual,Units,Normal value,Public
datastructure,WB.DATA360:DS_DATA360(1.3),I,A,MRT,WB_WDI_SN_ITK_SVFI_ZS,_T,_T,_T,PT,_Z,_Z,_Z,2015,4.6,_Z,RATIO,2,WB_WDI,P1Y,0,A,PU,Annual,Mauritania,Prevalence of severe food insecurity in the population (%),Total,All age ranges or no breakdown by age,Total,Percentage,Not Applicable,Not Applicable,Not Applicable,Not Applicable,Ratio,Two,World Development Indicators (WDI),Annual,Units,Normal value,Public
datastructure,WB.DATA360:DS_DATA360(1.3),I,A,MUS,WB_WDI_SN_ITK_SVFI_ZS,_T,_T,_T,PT,_Z,_Z,_Z,2015,5.2,_Z,RATIO,2,WB_WDI,P1Y,0,A,PU,Annual,Mauritius,Prevalence of severe food insecurity in the population (%),Total,All age ranges or no breakdown by age,Total,Percentage,Not Applicable,Not Applicable,Not Applicable,Not Applicable,Ratio,Two,World Development Indicators (WDI),Annual,Units,Normal value,Public
datastructure,WB.DATA360:DS_DATA360(1.3),I,A,MEX,WB_WDI_SN_ITK_SVFI_ZS,_T,_T,_T,PT,_Z,_Z,_Z,2015,3.4,_Z,RATIO,2,WB_WDI,P1Y,0,A,PU,Annual,Mexico,Prevalence of severe food insecurity in the population (%),Total,All age ranges or no breakdown by age,Total,Percentage,Not Applicable,Not Applicable,Not Applicable,Not Applicable,Ratio,Two,World Development Indicators (WDI),Annual,Units,Normal value,Public
datastructure,WB.DATA360:DS_DATA360(1.3),I,A,MDA,WB_WDI_SN_ITK_SVFI_ZS,_T,_T,_T,PT,_Z,_Z,_Z,2015,1.6,_Z,RATIO,2,WB_WDI,P1Y,0,A,PU,Annual,Moldova,Prevalence of severe food insecurity in the population (%),Total,All age ranges or no breakdown by age,Total,Percentage,Not Applicable,Not Applicable,Not Applicable,Not Applicable,Ratio,Two,World Development Indicators (WDI),Annual,Units,Normal value,Public
datastructure,WB.DATA360:DS_DATA360(1.3),I,A,MNE,WB_WDI_SN_ITK_SVFI_ZS,_T,_T,_T,PT,_Z,_Z,_Z,2015,2.1,_Z,RATIO,2,WB_WDI,P1Y,0,A,PU,Annual,Montenegro,Prevalence of severe food insecurity in the population (%),Total,All age ranges or no breakdown by age,Total,Percentage,Not Applicable,Not Applicable,Not Applicable,Not Applicable,Ratio,Two,World Development Indicators (WDI),Annual,Units,Normal value,Public
datastructure,WB.DATA360:DS_DATA360(1.3),I,A,LCN,WB_WDI_SN_ITK_SVFI_ZS,_T,_T,_T,PT,_Z,_Z,_Z,2015,6.0288674,_Z,RATIO,2,WB_WDI,P1Y,0,A,PU,Annual,Latin America & Caribbean,Prevalence of severe food insecurity in the population (%),Total,All age ranges or no breakdown by age,Total,Percentage,Not Applicable,Not Applicable,Not Applicable,Not Applicable,Ratio,Two,World Development Indicators (WDI),Annual,Units,Normal value,Public
datastructure,WB.DATA360:DS_DATA360(1.3),I,A,TLA,WB_WDI_SN_ITK_SVFI_ZS,_T,_T,_T,PT,_Z,_Z,_Z,2015,5.637762,_Z,RATIO,2,WB_WDI,P1Y,0,A,PU,Annual,Latin America & Caribbean (IDA & IBRD),Prevalence of severe food insecurity in the population (%),Total,All age ranges or no breakdown by age,Total,Percentage,Not Applicable,Not Applicable,Not Applicable,Not Applicable,Ratio,Two,World Development Indicators (WDI),Annual,Units,Normal value,Public
datastructure,WB.DATA360:DS_DATA360(1.3),I,A,LDC,WB_WDI_SN_ITK_SVFI_ZS,_T,_T,_T,PT,_Z,_Z,_Z,2015,18.5996977,_Z,RATIO,2,WB_WDI,P1Y,0,A,PU,Annual,Least developed countries: UN classification,Prevalence of severe food insecurity in the population (%),Total,All age ranges or no breakdown by age,Total,Percentage,Not Applicable,Not Applicable,Not Applicable,Not Applicable,Ratio,Two,World Development Indicators (WDI),Annual,Units,Normal value,Public
datastructure,WB.DATA360:DS_DATA360(1.3),I,A,LIC,WB_WDI_SN_ITK_SVFI_ZS,_T,_T,_T,PT,_Z,_Z,_Z,2015,22.2873562,_Z,RATIO,2,WB_WDI,P1Y,0,A,PU,Annual,Low income,Prevalence of severe food insecurity in the population (%),Total,All age ranges or no breakdown by age,Total,Percentage,Not Applicable,Not Applicable,Not Applicable,Not Applicable,Ratio,Two,World Development Indicators (WDI),Annual,Units,Normal value,Public
datastructure,WB.DATA360:DS_DATA360(1.3),I,A,LMC,WB_WDI_SN_ITK_SVFI_ZS,_T,_T,_T,PT,_Z,_Z,_Z,2015,12.0306198,_Z,RATIO,2,WB_WDI,P1Y,0,A,PU,Annual,Lower middle income,Prevalence of severe food insecurity in the population (%),Total,All age ranges or no breakdown by age,Total,Percentage,Not Applicable,Not Applicable,Not Applicable,Not Applicable,Ratio,Two,World Development Indicators (WDI),Annual,Units,Normal value,Public
datastructure,WB.DATA360:DS_DATA360(1.3),I,A,MEA,WB_WDI_SN_ITK_SVFI_ZS,_T,_T,_T,PT,_Z,_Z,_Z,2015,7.5070504,_Z,RATIO,2,WB_WDI,P1Y,0,A,PU,Annual,"Middle East, North Africa, Afghanistan & Pakistan",Prevalence of severe food insecurity in the population (%),Total,All age ranges or no breakdown by age,Total,Percentage,Not Applicable,Not Applicable,Not Applicable,Not Applicable,Ratio,Two,World Development Indicators (WDI),Annual,Units,Normal value,Public
datastructure,WB.DATA360:DS_DATA360(1.3),I,A,TMN,WB_WDI_SN_ITK_SVFI_ZS,_T,_T,_T,PT,_Z,_Z,_Z,2015,7.697029,_Z,RATIO,2,WB_WDI,P1Y,0,A,PU,Annual,"Middle East, North Africa, Afghanistan & Pakistan (IDA & IBRD)",Prevalence of severe food insecurity in the population (%),Total,All age ranges or no breakdown by age,Total,Percentage,Not Applicable,Not Applicable,Not Applicable,Not Applicable,Ratio,Two,World Development Indicators (WDI),Annual,Units,Normal value,Public
datastructure,WB.DATA360:DS_DATA360(1.3),I,A,NAC,WB_WDI_SN_ITK_SVFI_ZS,_T,_T,_T,PT,_Z,_Z,_Z,2015,0.9580209,_Z,RATIO,2,WB_WDI,P1Y,0,A,PU,Annual,North America,Prevalence of severe food insecurity in the population (%),Total,All age ranges or no breakdown by age,Total,Percentage,Not Applicable,Not Applicable,Not Applicable,Not Applicable,Ratio,Two,World Development Indicators (WDI),Annual,Units,Normal value,Public
datastructure,WB.DATA360:DS_DATA360(1.3),I,A,HIC,WB_WDI_SN_ITK_SVFI_ZS,_T,_T,_T,PT,_Z,_Z,_Z,2024,1.7556882,_Z,RATIO,2,WB_WDI,P1Y,0,A,PU,Annual,High income,Prevalence of severe food insecurity in the population (%),Total,All age ranges or no breakdown by age,Total,Percentage,Not Applicable,Not Applicable,Not Applicable,Not Applicable,Ratio,Two,World Development Indicators (WDI),Annual,Units,Normal value,Public
datastructure,WB.DATA360:DS_DATA360(1.3),I,A,IBD,WB_WDI_SN_ITK_SVFI_ZS,_T,_T,_T,PT,_Z,_Z,_Z,2024,8.1518803,_Z,RATIO,2,WB_WDI,P1Y,0,A,PU,Annual,IBRD only,Prevalence of severe food insecurity in the population (%),Total,All age ranges or no breakdown by age,Total,Percentage,Not Applicable,Not Applicable,Not Applicable,Not Applicable,Ratio,Two,World Development Indicators (WDI),Annual,Units,Normal value,Public
datastructure,WB.DATA360:DS_DATA360(1.3),I,A,IBT,WB_WDI_SN_ITK_SVFI_ZS,_T,_T,_T,PT,_Z,_Z,_Z,2024,11.5626127,_Z,RATIO,2,WB_WDI,P1Y,0,A,PU,Annual,IDA & IBRD total,Prevalence of severe food insecurity in the population (%),Total,All age ranges or no breakdown by age,Total,Percentage,Not Applicable,Not Applicable,Not Applicable,Not Applicable,Ratio,Two,World Development Indicators (WDI),Annual,Units,Normal value,Public
datastructure,WB.DATA360:DS_DATA360(1.3),I,A,IDA,WB_WDI_SN_ITK_SVFI_ZS,_T,_T,_T,PT,_Z,_Z,_Z,2024,20.3216493,_Z,RATIO,2,WB_WDI,P1Y,0,A,PU,Annual,IDA total,Prevalence of severe food insecurity in the population (%),Total,All age ranges or no breakdown by age,Total,Percentage,Not Applicable,Not Applicable,Not Applicable,Not Applicable,Ratio,Two,World Development Indicators (WDI),Annual,Units,Normal value,Public
datastructure,WB.DATA360:DS_DATA360(1.3),I,A,LCN,WB_WDI_SN_ITK_SVFI_ZS,_T,_T,_T,PT,_Z,_Z,_Z,2024,7.8092604,_Z,RATIO,2,WB_WDI,P1Y,0,A,PU,Annual,Latin America & Caribbean,Prevalence of severe food insecurity in the population (%),Total,All age ranges or no breakdown by age,Total,Percentage,Not Applicable,Not Applicable,Not Applicable,Not Applicable,Ratio,Two,World Development Indicators (WDI),Annual,Units,Normal value,Public
datastructure,WB.DATA360:DS_DATA360(1.3),I,A,TLA,WB_WDI_SN_ITK_SVFI_ZS,_T,_T,_T,PT,_Z,_Z,_Z,2024,7.5845618,_Z,RATIO,2,WB_WDI,P1Y,0,A,PU,Annual,Latin America & Caribbean (IDA & IBRD),Prevalence of severe food insecurity in the population (%),Total,All age ranges or no breakdown by age,Total,Percentage,Not Applicable,Not Applicable,Not Applicable,Not Applicable,Ratio,Two,World Development Indicators (WDI),Annual,Units,Normal value,Public
datastructure,WB.DATA360:DS_DATA360(1.3),I,A,LDC,WB_WDI_SN_ITK_SVFI_ZS,_T,_T,_T,PT,_Z,_Z,_Z,2024,21.8558867,_Z,RATIO,2,WB_WDI,P1Y,0,A,PU,Annual,Least developed countries: UN classification,Prevalence of severe food insecurity in the population (%),Total,All age ranges or no breakdown by age,Total,Percentage,Not Applicable,Not Applicable,Not Applicable,Not Applicable,Ratio,Two,World Development Indicators (WDI),Annual,Units,Normal value,Public
datastructure,WB.DATA360:DS_DATA360(1.3),I,A,LIC,WB_WDI_SN_ITK_SVFI_ZS,_T,_T,_T,PT,_Z,_Z,_Z,2024,26.8252346,_Z,RATIO,2,WB_WDI,P1Y,0,A,PU,Annual,Low income,Prevalence of severe food insecurity in the population (%),Total,All age ranges or no breakdown by age,Total,Percentage,Not Applicable,Not Applicable,Not Applicable,Not Applicable,Ratio,Two,World Development Indicators (WDI),Annual,Units,Normal value,Public
datastructure,WB.DATA360:DS_DATA360(1.3),I,A,LMC,WB_WDI_SN_ITK_SVFI_ZS,_T,_T,_T,PT,_Z,_Z,_Z,2024,16.7478365,_Z,RATIO,2,WB_WDI,P1Y,0,A,PU,Annual,Lower middle income,Prevalence of severe food insecurity in the population (%),Total,All age ranges or no breakdown by age,Total,Percentage,Not Applicable,Not Applicable,Not Applicable,Not Applicable,Ratio,Two,World Development Indicators (WDI),Annual,Units,Normal value,Public
datastructure,WB.DATA360:DS_DATA360(1.3),I,A,MEA,WB_WDI_SN_ITK_SVFI_ZS,_T,_T,_T,PT,_Z,_Z,_Z,2024,12.3341017,_Z,RATIO,2,WB_WDI,P1Y,0,A,PU,Annual,"Middle East, North Africa, Afghanistan & Pakistan",Prevalence of severe food insecurity in the population (%),Total,All age ranges or no breakdown by age,Total,Percentage,Not Applicable,Not Applicable,Not Applicable,Not Applicable,Ratio,Two,World Development Indicators (WDI),Annual,Units,Normal value,Public
datastructure,WB.DATA360:DS_DATA360(1.3),I,A,TMN,WB_WDI_SN_ITK_SVFI_ZS,_T,_T,_T,PT,_Z,_Z,_Z,2024,13.085535,_Z,RATIO,2,WB_WDI,P1Y,0,A,PU,Annual,"Middle East, North Africa, Afghanistan & Pakistan (IDA & IBRD)",Prevalence of severe food insecurity in the population (%),Total,All age ranges or no breakdown by age,Total,Percentage,Not Applicable,Not Applicable,Not Applicable,Not Applicable,Ratio,Two,World Development Indicators (WDI),Annual,Units,Normal value,Public
datastructure,WB.DATA360:DS_DATA360(1.3),I,A,LIC,WB_WDI_SN_ITK_SVFI_ZS,_T,_T,_T,PT,_Z,_Z,_Z,2022,25.965813,_Z,RATIO,2,WB_WDI,P1Y,0,A,PU,Annual,Low income,Prevalence of severe food insecurity in the population (%),Total,All age ranges or no breakdown by age,Total,Percentage,Not Applicable,Not Applicable,Not Applicable,Not Applicable,Ratio,Two,World Development Indicators (WDI),Annual,Units,Normal value,Public
datastructure,WB.DATA360:DS_DATA360(1.3),I,A,LMC,WB_WDI_SN_ITK_SVFI_ZS,_T,_T,_T,PT,_Z,_Z,_Z,2022,17.3638264,_Z,RATIO,2,WB_WDI,P1Y,0,A,PU,Annual,Lower middle income,Prevalence of severe food insecurity in the population (%),Total,All age ranges or no breakdown by age,Total,Percentage,Not Applicable,Not Applicable,Not Applicable,Not Applicable,Ratio,Two,World Development Indicators (WDI),Annual,Units,Normal value,Public
datastructure,WB.DATA360:DS_DATA360(1.3),I,A,MEA,WB_WDI_SN_ITK_SVFI_ZS,_T,_T,_T,PT,_Z,_Z,_Z,2022,12.7734145,_Z,RATIO,2,WB_WDI,P1Y,0,A,PU,Annual,"Middle East, North Africa, Afghanistan & Pakistan",Prevalence of severe food insecurity in the population (%),Total,All age ranges or no breakdown by age,Total,Percentage,Not Applicable,Not Applicable,Not Applicable,Not Applicable,Ratio,Two,World Development Indicators (WDI),Annual,Units,Normal value,Public
datastructure,WB.DATA360:DS_DATA360(1.3),I,A,TMN,WB_WDI_SN_ITK_SVFI_ZS,_T,_T,_T,PT,_Z,_Z,_Z,2022,13.5244329,_Z,RATIO,2,WB_WDI,P1Y,0,A,PU,Annual,"Middle East, North Africa, Afghanistan & Pakistan (IDA & IBRD)",Prevalence of severe food insecurity in the population (%),Total,All age ranges or no breakdown by age,Total,Percentage,Not Applicable,Not Applicable,Not Applicable,Not Applicable,Ratio,Two,World Development Indicators (WDI),Annual,Units,Normal value,Public
datastructure,WB.DATA360:DS_DATA360(1.3),I,A,NAC,WB_WDI_SN_ITK_SVFI_ZS,_T,_T,_T,PT,_Z,_Z,_Z,2022,0.9316695,_Z,RATIO,2,WB_WDI,P1Y,0,A,PU,Annual,North America,Prevalence of severe food insecurity in the population (%),Total,All age ranges or no breakdown by age,Total,Percentage,Not Applicable,Not Applicable,Not Applicable,Not Applicable,Ratio,Two,World Development Indicators (WDI),Annual,Units,Normal value,Public
datastructure,WB.DATA360:DS_DATA360(1.3),I,A,SST,WB_WDI_SN_ITK_SVFI_ZS,_T,_T,_T,PT,_Z,_Z,_Z,2022,8.86829,_Z,RATIO,2,WB_WDI,P1Y,0,A,PU,Annual,Small states,Prevalence of severe food insecurity in the population (%),Total,All age ranges or no breakdown by age,Total,Percentage,Not Applicable,Not Applicable,Not Applicable,Not Applicable,Ratio,Two,World Development Indicators (WDI),Annual,Units,Normal value,Public
datastructure,WB.DATA360:DS_DATA360(1.3),I,A,SAS,WB_WDI_SN_ITK_SVFI_ZS,_T,_T,_T,PT,_Z,_Z,_Z,2022,19.8870222,_Z,RATIO,2,WB_WDI,P1Y,0,A,PU,Annual,South Asia,Prevalence of severe food insecurity in the population (%),Total,All age ranges or no breakdown by age,Total,Percentage,Not Applicable,Not Applicable,Not Applicable,Not Applicable,Ratio,Two,World Development Indicators (WDI),Annual,Units,Normal value,Public
datastructure,WB.DATA360:DS_DATA360(1.3),I,A,SST,WB_WDI_SN_ITK_SVFI_ZS,_T,_T,_T,PT,_Z,_Z,_Z,2018,8.167926,_Z,RATIO,2,WB_WDI,P1Y,0,A,PU,Annual,Small states,Prevalence of severe food insecurity in the population (%),Total,All age ranges or no breakdown by age,Total,Percentage,Not Applicable,Not Applicable,Not Applicable,Not Applicable,Ratio,Two,World Development Indicators (WDI),Annual,Units,Normal value,Public
datastructure,WB.DATA360:DS_DATA360(1.3),I,A,SAS,WB_WDI_SN_ITK_SVFI_ZS,_T,_T,_T,PT,_Z,_Z,_Z,2018,17.482611,_Z,RATIO,2,WB_WDI,P1Y,0,A,PU,Annual,South Asia,Prevalence of severe food insecurity in the population (%),Total,All age ranges or no breakdown by age,Total,Percentage,Not Applicable,Not Applicable,Not Applicable,Not Applicable,Ratio,Two,World Development Indicators (WDI),Annual,Units,Normal value,Public
datastructure,WB.DATA360:DS_DATA360(1.3),I,A,TSA,WB_WDI_SN_ITK_SVFI_ZS,_T,_T,_T,PT,_Z,_Z,_Z,2018,17.482611,_Z,RATIO,2,WB_WDI,P1Y,0,A,PU,Annual,South Asia (IDA & IBRD),Prevalence of severe food insecurity in the population (%),Total,All age ranges or no breakdown by age,Total,Percentage,Not Applicable,Not Applicable,Not Applicable,Not Applicable,Ratio,Two,World Development Indicators (WDI),Annual,Units,Normal value,Public
datastructure,WB.DATA360:DS_DATA360(1.3),I,A,UMC,WB_WDI_SN_ITK_SVFI_ZS,_T,_T,_T,PT,_Z,_Z,_Z,2018,3.5987815,_Z,RATIO,2,WB_WDI,P1Y,0,A,PU,Annual,Upper middle income,Prevalence of severe food insecurity in the population (%),Total,All age ranges or no breakdown by age,Total,Percentage,Not Applicable,Not Applicable,Not Applicable,Not Applicable,Ratio,Two,World Development Indicators (WDI),Annual,Units,Normal value,Public
datastructure,WB.DATA360:DS_DATA360(1.3),I,A,WLD,WB_WDI_SN_ITK_SVFI_ZS,_T,_T,_T,PT,_Z,_Z,_Z,2018,8.8110048,_Z,RATIO,2,WB_WDI,P1Y,0,A,PU,Annual,World,Prevalence of severe food insecurity in the population (%),Total,All age ranges or no breakdown by age,Total,Percentage,Not Applicable,Not Applicable,Not Applicable,Not Applicable,Ratio,Two,World Development Indicators (WDI),Annual,Units,Normal value,Public
datastructure,WB.DATA360:DS_DATA360(1.3),I,A,AFG,WB_WDI_SN_ITK_SVFI_ZS,_T,_T,_T,PT,_Z,_Z,_Z,2018,17.3,_Z,RATIO,2,WB_WDI,P1Y,0,A,PU,Annual,Afghanistan,Prevalence of severe food insecurity in the population (%),Total,All age ranges or no breakdown by age,Total,Percentage,Not Applicable,Not Applicable,Not Applicable,Not Applicable,Ratio,Two,World Development Indicators (WDI),Annual,Units,Normal value,Public
datastructure,WB.DATA360:DS_DATA360(1.3),I,A,ALB,WB_WDI_SN_ITK_SVFI_ZS,_T,_T,_T,PT,_Z,_Z,_Z,2018,10.0,_Z,RATIO,2,WB_WDI,P1Y,0,A,PU,Annual,Albania,Prevalence of severe food insecurity in the population (%),Total,All age ranges or no breakdown by age,Total,Percentage,Not Applicable,Not Applicable,Not Applicable,Not Applicable,Ratio,Two,World Development Indicators (WDI),Annual,Units,Normal value,Public
datastructure,WB.DATA360:DS_DATA360(1.3),I,A,SST,WB_WDI_SN_ITK_SVFI_ZS,_T,_T,_T,PT,_Z,_Z,_Z,2016,8.2851186,_Z,RATIO,2,WB_WDI,P1Y,0,A,PU,Annual,Small states,Prevalence of severe food insecurity in the population (%),Total,All age ranges or no breakdown by age,Total,Percentage,Not Applicable,Not Applicable,Not Applicable,Not Applicable,Ratio,Two,World Development Indicators (WDI),Annual,Units,Normal value,Public
datastructure,WB.DATA360:DS_DATA360(1.3),I,A,SAS,WB_WDI_SN_ITK_SVFI_ZS,_T,_T,_T,PT,_Z,_Z,_Z,2016,13.4326441,_Z,RATIO,2,WB_WDI,P1Y,0,A,PU,Annual,South Asia,Prevalence of severe food insecurity in the population (%),Total,All age ranges or no breakdown by age,Total,Percentage,Not Applicable,Not Applicable,Not Applicable,Not Applicable,Ratio,Two,World Development Indicators (WDI),Annual,Units,Normal value,Public
datastructure,WB.DATA360:DS_DATA360(1.3),I,A,TSA,WB_WDI_SN_ITK_SVFI_ZS,_T,_T,_T,PT,_Z,_Z,_Z,2016,13.4326441,_Z,RATIO,2,WB_WDI,P1Y,0,A,PU,Annual,South Asia (IDA & IBRD),Prevalence of severe food insecurity in the population (%),Total,All age ranges or no breakdown by age,Total,Percentage,Not Applicable,Not Applicable,Not Applicable,Not Applicable,Ratio,Two,World Development Indicators (WDI),Annual,Units,Normal value,Public
datastructure,WB.DATA360:DS_DATA360(1.3),I,A,UMC,WB_WDI_SN_ITK_SVFI_ZS,_T,_T,_T,PT,_Z,_Z,_Z,2016,3.2217558,_Z,RATIO,2,WB_WDI,P1Y,0,A,PU,Annual,Upper middle income,Prevalence of severe food insecurity in the population (%),Total,All age ranges or no breakdown by age,Total,Percentage,Not Applicable,Not Applicable,Not Applicable,Not Applicable,Ratio,Two,World Development Indicators (WDI),Annual,Units,Normal value,Public
datastructure,WB.DATA360:DS_DATA360(1.3),I,A,WLD,WB_WDI_SN_ITK_SVFI_ZS,_T,_T,_T,PT,_Z,_Z,_Z,2016,7.7521009,_Z,RATIO,2,WB_WDI,P1Y,0,A,PU,Annual,World,Prevalence of severe food insecurity in the population (%),Total,All age ranges or no breakdown by age,Total,Percentage,Not Applicable,Not Applicable,Not Applicable,Not Applicable,Ratio,Two,World Development Indicators (WDI),Annual,Units,Normal value,Public
datastructure,WB.DATA360:DS_DATA360(1.3),I,A,AFG,WB_WDI_SN_ITK_SVFI_ZS,_T,_T,_T,PT,_Z,_Z,_Z,2016,15.1,_Z,RATIO,2,WB_WDI,P1Y,0,A,PU,Annual,Afghanistan,Prevalence of severe food insecurity in the population (%),Total,All age ranges or no breakdown by age,Total,Percentage,Not Applicable,Not Applicable,Not Applicable,Not Applicable,Ratio,Two,World Development Indicators (WDI),Annual,Units,Normal value,Public
datastructure,WB.DATA360:DS_DATA360(1.3),I,A,NAC,WB_WDI_SN_ITK_SVFI_ZS,_T,_T,_T,PT,_Z,_Z,_Z,2023,1.0896544,_Z,RATIO,2,WB_WDI,P1Y,0,A,PU,Annual,North America,Prevalence of severe food insecurity in the population (%),Total,All age ranges or no breakdown by age,Total,Percentage,Not Applicable,Not Applicable,Not Applicable,Not Applicable,Ratio,Two,World Development Indicators (WDI),Annual,Units,Normal value,Public
datastructure,WB.DATA360:DS_DATA360(1.3),I,A,SST,WB_WDI_SN_ITK_SVFI_ZS,_T,_T,_T,PT,_Z,_Z,_Z,2023,9.1464857,_Z,RATIO,2,WB_WDI,P1Y,0,A,PU,Annual,Small states,Prevalence of severe food insecurity in the population (%),Total,All age ranges or no breakdown by age,Total,Percentage,Not Applicable,Not Applicable,Not Applicable,Not Applicable,Ratio,Two,World Development Indicators (WDI),Annual,Units,Normal value,Public
datastructure,WB.DATA360:DS_DATA360(1.3),I,A,SAS,WB_WDI_SN_ITK_SVFI_ZS,_T,_T,_T,PT,_Z,_Z,_Z,2023,19.9173065,_Z,RATIO,2,WB_WDI,P1Y,0,A,PU,Annual,South Asia,Prevalence of severe food insecurity in the population (%),Total,All age ranges or no breakdown by age,Total,Percentage,Not Applicable,Not Applicable,Not Applicable,Not Applicable,Ratio,Two,World Development Indicators (WDI),Annual,Units,Normal value,Public
datastructure,WB.DATA360:DS_DATA360(1.3),I,A,TSA,WB_WDI_SN_ITK_SVFI_ZS,_T,_T,_T,PT,_Z,_Z,_Z,2023,19.9173065,_Z,RATIO,2,WB_WDI,P1Y,0,A,PU,Annual,South Asia (IDA & IBRD),Prevalence of severe food insecurity in the population (%),Total,All age ranges or no breakdown by age,Total,Percentage,Not Applicable,Not Applicable,Not Applicable,Not Applicable,Ratio,Two,World Development Indicators (WDI),Annual,Units,Normal value,Public
datastructure,WB.DATA360:DS_DATA360(1.3),I,A,UMC,WB_WDI_SN_ITK_SVFI_ZS,_T,_T,_T,PT,_Z,_Z,_Z,2023,2.9634421,_Z,RATIO,2,WB_WDI,P1Y,0,A,PU,Annual,Upper middle income,Prevalence of severe food insecurity in the population (%),Total,All age ranges or no breakdown by age,Total,Percentage,Not Applicable,Not Applicable,Not Applicable,Not Applicable,Ratio,Two,World Development Indicators (WDI),Annual,Units,Normal value,Public
datastructure,WB.DATA360:DS_DATA360(1.3),I,A,WLD,WB_WDI_SN_ITK_SVFI_ZS,_T,_T,_T,PT,_Z,_Z,_Z,2023,10.3965764,_Z,RATIO,2,WB_WDI,P1Y,0,A,PU,Annual,World,Prevalence of severe food insecurity in the population (%),Total,All age ranges or no breakdown by age,Total,Percentage,Not Applicable,Not Applicable,Not Applicable,Not Applicable,Ratio,Two,World Development Indicators (WDI),Annual,Units,Normal value,Public
datastructure,WB.DATA360:DS_DATA360(1.3),I,A,AFG,WB_WDI_SN_ITK_SVFI_ZS,_T,_T,_T,PT,_Z,_Z,_Z,2023,31.0,_Z,RATIO,2,WB_WDI,P1Y,0,A,PU,Annual,Afghanistan,Prevalence of severe food insecurity in the population (%),Total,All age ranges or no breakdown by age,Total,Percentage,Not Applicable,Not Applicable,Not Applicable,Not Applicable,Ratio,Two,World Development Indicators (WDI),Annual,Units,Normal value,Public
